Page ID,Page name,Disclaimer,Amount spent (CHF),Number of ads in Library
100332749664541,Ja zum Klimaschutz-Gesetz,JA zum Klimaschutz,22254,74
103915262545181,KMU geprüft,KMU geprüft,13542,19
349450293419,Schweizerische Energie-Stiftung SES,Schweizerische Energie-Stiftung SES,13332,28
97220294896,SP Schweiz,SP Schweiz,13328,36
191859734164694,Pro Infirmis,Pro Infirmis,13223,25
169510248558,Die Mitte - Le Centre,Die Mitte,11810,40
1027844850652657,Boomerang Ideas,Boomerang Ideas AG,6175,200
108204507991414,Zukunft sichern,Allianz für ein JA zur OECD-Mindeststeuer,5987,7
291359247729208,PS Suisse,PS Suisse,5378,8
106321615725425,Oui à la Loi climat,Oui à la loi climat,5313,35
1659576160959696,Guido Fluri Stiftung,Guido Fluri Stiftung,4990,29
107793295629503,Tourismus für das Klimagesetz,Tourismuskomitee «JA zum Klimagesetz»,4943,41
106348682400630,Nova - AI Chatbot,These ads ran without a disclaimer,4629,16
114275974912005,GE équilibre fiscal,GE équilibre fiscal,4387,13
255506388731408,Biodiversitätsinitiative / Initiative biodiversité,Biodiversitätsinitiative / Initiative biodiversité,3632,45
102014399307738,Direkt,direkt,3310,13
48980326364,Public Eye,Public Eye,2980,34
147717218614170,PLR Genève,PLR.Les Libéraux-Radicaux Genève,2627,3
257497631736082,Gletscher-Initiative,Verein Klimaschutz Schweiz,2322,8
105982889575233,Le Centre Genève,Le Centre Genève,2264,6
1562216347422974,Esther Friedli,Esther Friedli,2205,14
599025353636034,B Lab Switzerland,B LAB (SWITZERLAND),2159,9
1579272705641700,Gabriela Suter,Gabriela Suter,2029,17
15733998334,FDP,FDP,1987,13
126289610761942,Grünliberale,Grünliberale,1906,46
113106815069066,"OUI à la LEFI - Notre logement, c’est toute notre vie",CGI,1889,16
103550668590403,Mieux vivre sa vie,Mieux Vivre Sa Vie,1865,79
1054282644596776,GE-démocratie,GE-démocratie,1838,6
169752569742293,Schweizerischer Gewerbeverband sgv,Schweizerischer Gewerbeverband sgv,1823,22
97721121385,Public Eye,Public Eye,1787,33
131066326987,SP Kanton Zürich,SP Kanton Zürich,1674,14
921336971288655,Nagra,Nagra,1638,13
154976914534194,Save the Children Schweiz/Suisse,Save the Children Schweiz,1614,56
18087904183,PLR,PLR,1585,13
100109808734387,Schweizer Wirtschaft für das Klimagesetz,Schweizer Wirtschaft für das Klimagesetzt,1500,3
112878345109547,NON-in181 - NON à cette bombe fiscale,Fer Genève,1486,11
1886381148253031,Économie suisse pour la loi climat,Économie Suisse pour la loi climat,1446,3
103426324579756,Ein Lohn zum Leben,Ein Lohn zum Leben,1417,2
84150672409,SP Stadt Zürich,SP Stadt Zürich,1403,9
100381452863244,Libertés et Justice sociale,Libertés et Justice sociale,1264,50
108893095528257,In185-Non,IN 185,1125,2
535897123124799,Jeunes Libéraux-Radicaux Suisse,Jeunes Libéraux-Radicaux Suisses,1085,26
8142847754,Jungfreisinnige Schweiz,Jungfreisinnige Schweiz,1081,33
200480966638039,Supremacy 1914,These ads ran without a disclaimer,1054,3
888626258006362,"Barbara Gysi, Nationalrätin SP",Barbara Gysi,1029,11
124266620968132,FDP.Die Liberalen Kanton Thurgau,FDP Thurgau,1000,6
288659088239530,MCG Officiel,Mouvement Citoyens Genevois,920,8
101715872923024,Mindestlohn NEIN,Überparteiliches Komitee NEIN zum Mindestlohn,914,25
809010089207949,Aperta e sovrana,aperta e sovrana,897,2
51415837765,Greenpeace Switzerland,Greenpeace Switzerland,890,9
105527252338650,perspektiveschweiz.ch,IG Wirtschaftsverbände,888,5
1320679421302500,HabitatDurable,Casafair - HabitatDurable,879,14
175478195846132,Les Vert·e·s suisses,Grüne Schweiz,784,5
1524859774444235,Koalition für Konzernverantwortung,Koalition für Konzernverantwortung,738,2
1483343695307824,Campax,Campax,735,62
309380022477251,Casafair,Casafair,689,13
1991942507517845,Römisch-Katholische Kirche im Aargau,Römisch-Katholische Landeskirche des Kantons Aargau,624,9
220197041662012,Kleinbauern-Vereinigung / Petits paysans,Kleinbauern-Vereinigung VKMB,618,9
120904964306490,Tsl-Projekt,These ads ran without a disclaimer,590,1
115134174862244,perspectivesuisse.ch,IG Wirtschaftsverbände,550,5
122487807413337,Mehr günstige Wohnungen in Zürich,Mehr günstige Wohnungen in Zürich,537,2
105117748995381,Next Generation Riva,Next Generation Riva,536,7
334655940216136,Nein zum Stromfresser-Gesetz,Nein zum Stromfresser-Gesetz,526,3
104803175931011,Vjollca Gashi,Vjollca Vivi Gashi,526,2
100341315500438,Kirchensteuern sei Dank - St.Gallen,Katholischer Kofessionsteil des Kantons St.Gallen,526,7
117027101705789,FDP Stadt Zürich,FDP.Die Liberalen Stadt Zürich,505,17
218538701651843,Union suisse des arts et métiers usam,Schweizerischer Gewerbeverband sgv,474,8
105457179189438,Karin Jung-Riedweg,Karin Jung-Riedweg,421,7
36735923253,umverkehR,umverkehR,418,6
510352742440847,Coalition pour des multinationales responsables,Coalition pour des multinationales responsables,411,2
112233721686095,Ylfete Fanaj in den Regierungsrat,Ylfete Fanaj in den Regierungsrat,396,4
300470840045078,Sanitas Krankenversicherung,These ads ran without a disclaimer,373,2
135939773133793,Grüne Winterthur,Grüne Winterthur,350,8
1509464445976953,IHK Thurgau,IHK Thurgau,340,16
179829952053386,Vert'libéraux,Parti vert'libéral Suisse,328,20
618765881570878,EKS,Elektrizitätswerk des Kantons Schaffhausen AG,326,5
467929373784855,COA - Coalition animaliste,Coalition animaliste (COA),316,4
111081131629685,Blackout stoppen,Volksinitiative «Jederzeit Strom für alle (Blackout stoppen)»,309,4
296877887834838,EVP Kanton Bern,EVP Kanton Bern,298,2
106434042447582,oui-acacias.ch,Comité unitaire en faveur du PLQ Acacias 1,293,14
115010674866173,prospettivasvizzera.ch,IG Wirtschaftsverbände,289,5
103033805478591,Carole-Anne Kast,Carole-Anne Kast,288,4
238982909481105,Les Vert·e·s Genevois·es,Les Vert-e-s genevois-es,286,11
348181055257294,suisse.ing - Top of Engineering,suisse.ing,271,2
125466200895962,Valentin Landmann,Sven Kunz,263,5
212297922293183,UDC Suisse,UDC Suisse,248,2
106964611977537,Switlo,Switlo,236,4
1220118614712552,Non à la loi sur le gaspillage de l'électricité,Non à la loi sur le gaspillage de l'électricité,235,2
162373287239957,SVP Schweiz,SVP Schweiz,233,2
132497703498525,Pro Velo Schweiz,Pro Velo Schweiz,231,12
221555984562317,SVP Kanton Schwyz,SVP Kanton Schwyz,228,3
151183321586281,Jeunes Vert·e·x·s Genève,Jeunes Vert·e·x·s Genève,218,11
103074632758864,Natacha Albrecht au Conseil National,Natacha Albrecht au Conseil National,212,2
155659847849677,Kantonsrat Martin Huber,Kantonsrat Martin Huber,200,1
2759282954298123,Emmanuel Amoos - conseiller national,Emmanuel Didier Amoos,200,1
314909850912,SP Graubünden - PS Grischun - PS Grigioni,SP Graubünden,198,10
1673559236288902,Pro Senectute Genève,Pro Senectute Genève,197,2
101664679500421,Uni·es par nos convictions · Engagé·es pour Genève,Uni·es par nos convictions · Engagé·es pour Genève,197,2
259871484198551,Thomas Matter,Thomas Matter,196,2
100257256973322,Stark+vernetzt,stark + vernetzt,184,1
103237956032492,Willy Portmann,Willy Portmann,183,2
141853552532665,Romana Heuberger - Stadtratskandidatin,Romana Heuberger - Stadtratskandidatin,178,3
145845125487053,"Jürg Grossen, Präsident Grünliberale",Jürg Grossen,177,6
1419223321733027,Parti Socialiste Vaudois,PS vaudois,168,1
135816069903817,Dirk Kreuter,These ads ran without a disclaimer,165,21
102718129475079,Ambil Sandy,Sandy Iwan Ambil,160,13
104460881166122,Pro Natura Valais / Wallis,Pro Natura Valais / Wallis,155,2
200905173303222,"SCI Switzerland (Schweiz, Suisse, Svizzera)","SCI Switzerland (Schweiz, Suisse, Svizzera)",152,3
814161388652681,Samira Marti,Nationalrätin Samira Marti,150,4
100432824661437,Bettina Balmer FDP,Bettina Balmer FDP,141,1
105847949124690,Ask AI - Chat App powered by GPT-4,These ads ran without a disclaimer,133,2
103269145789541,Stop au blackout,Initiative populaire « De l’électricité pour tous en tout temps (Stop au blackout) »,127,5
108625789179165,Soi Dog Foundation,These ads ran without a disclaimer,127,5
109381070613028,THE CLIMATE CHOICE,These ads ran without a disclaimer,126,10
121446461263308,SP Kanton Schwyz,SP Kanton Schwyz,124,1
784812424962943,Tele Z,TELE Z,117,3
755554214495636,Parti Socialiste Neuchâtelois,Parti socialiste neuchâtelois,112,1
115646168191821,Gebührenwahnsinn-Nein,Komitee gegen den Gebührenwahnsinn,111,2
101442025614806,Chancellor,These ads ran without a disclaimer,108,1
110481348648633,Ludivine-Luy-Lovey au Conseil National 2023,Ludivine Luy Lovey,103,1
194790813901953,Grüne Schweiz,Grüne Schweiz,103,2
183441641693664,Philippe Nantermod,Etude Philippe Nantermod Sàrl,≤100,1
61652252465,NHL,These ads ran without a disclaimer,≤100,1
416870065122171,Jungfreisinnige Winterthur,Jungfreisinnige Winterthur,≤100,3
245489546137580,Christoph Riner - bodenständige Politik,Christoph Riner - bodenständige Politik,≤100,18
100119208056282,Christian Dandrès,Christian Joseph Dandrès,≤100,3
580012422156679,Grüne Stadt Dübendorf,Grüne Stadt Dübendorf,≤100,1
111529661884207,Netzwerk Gesundheit und Soziales Oberbaselbiet,Netzwerk Gesundheit und Soziales Oberbaselbiet,≤100,2
538981346500133,Rotho,These ads ran without a disclaimer,≤100,5
102151651460969,Raiffeisen Anlegen & Vorsorgen,These ads ran without a disclaimer,≤100,1
116890591678651,Vert'libéraux - Genève,Parti vert'libéral genevois,≤100,1
106563052005929,SVP Kreuzlingen,SVP Kreuzlingen,≤100,1
203742079691384,Les Libres Riviera,Les Libres Riviera,≤100,4
106080328954492,SP Gelterkinden und Umgebung,SP Gelterkinden und Umgebung,≤100,4
265786100439644,Grüne Freie Liste Stadt Bern,Grüne Freie Liste Stadt Bern,≤100,5
142664095796912,GRÜNE Kanton Bern,GRÜNE Kanton Bern,≤100,2
260591187302640,Parti socialiste genevois,Parti socialiste genevois,≤100,4
143714586302267,Urs Bänziger FDP,Urs Baenziger,≤100,1
168761183826173,Gewerkschaftsbund Schaffhausen GBS,Gewerkschaftsbund Schaffhausen GBS,≤100,1
102779519060637,SP Vorderland AR,SP Vorderland AR,≤100,5
811451112243983,Grünliberale Basel-Stadt,Grünliberale Basel-Stadt,≤100,2
124881880957569,SP Stadt St.Gallen,SP Stadt St.Gallen,≤100,1
2075832665775532,FDP Hochdorf,FDP.Die Liberalen Hochdorf,≤100,2
364457210935073,Vert'libéraux Valais / Grünliberale Wallis,Vert'libéraux Valais / Grünliberale Wallis,≤100,6
100160498946252,Grüne Volketswil,Grüne Bezirk Uster,≤100,1
102733401616452,Tanja Miljanović in den Nationalrat,Tanja Miljanović,≤100,4
116663695061094,SP Bezirk Meilen,SP Bezirk Meilen,≤100,1
110336161874621,Urban Husi in den Kantonsrat ZH,Urban Pius Matthäus Husi Fiechter,≤100,1
104176871670876,Renteninitiative - Für eine sichere & nachhaltige Altersvorsorge,Verein Renteninitiative,≤100,1
1541379879413801,FER Genève,FER Genève,≤100,2
1951249848443600,Protect Our Winters Switzerland,Protect Our Winters Switzerland,≤100,2
120307884715130,Les Vert•e•s Valais - Grüne Wallis,Les Vert•e•s Valais - Grüne Wallis,≤100,1
358905024317782,UDC Neuchâtel,UDC Neuchâtel,≤100,1
820391221400929,Unser Stadtrat Florin Scherrer,Unser Stadtrat Florin Scherrer,≤100,9
1575444522744962,Nils Fiechter,Nils Fiechter,≤100,1
386551678736949,Philippe Loertscher,Philippe Loertscher,≤100,3
149693388517002,Equiwent int. Pferde- & Kinderhilfe,These ads ran without a disclaimer,≤100,1
1393128654260543,talendo,These ads ran without a disclaimer,≤100,1
216444012216,EDU - UDF (Eidgenössisch-Demokratische Union),Eidgenössisch-Demokratische Union Schweiz,≤100,5
100116156110843,Stop al blackout,Iniziativa popolare «Energia elettrica in ogni tempo per tutti (Stop al blackout)»,≤100,12
490059521190894,Cercle démocratique,Barry Lopez,≤100,2
789371434477510,GRÜNE Basel-Stadt,Grüne Basel-Stadt,≤100,2
136088969880141,AirHelp,These ads ran without a disclaimer,≤100,7
335404453537186,Die Mitte Binningen-Bottmingen,Die Mitte Binningen-Bottmingen,≤100,1
654086281432152,Société pour les peuples menacés Suisse - SPM,These ads ran without a disclaimer,≤100,4
104203868811586,Martina Dürr,Martina Regula  Dürr,≤100,1
167983071434,SP Kriens,SP Kriens,≤100,2
267272696776611,"Maja Riniker, Nationalrätin",Maja Riniker,≤100,2
100732665055052,Grüne Uri,Grüne Uri,≤100,1
2011626645562796,Andri Silberschmidt,Komitee Andri Silberschmidt,≤100,2
265786100439644,Grüne Freie Liste Stadt Bern,Grüne Freie Liste Bern,≤100,2
139890720097051,Die Mitte Muttenz,Die Mitte Muttenz,≤100,2
107552952619935,WWF Schweiz,WWF Schweiz,≤100,3
133969887250137,BeWanted Colombia,These ads ran without a disclaimer,≤100,62
185927128110913,SMA Solar Technology,These ads ran without a disclaimer,≤100,1
798965326946479,FDP Ortspartei Aarburg,FDP die Liberalen,≤100,1
109605484115257,Delphine Klopfenstein Broggini,Delphine Klopfenstein Broggini,≤100,2
354548604968651,Peter Metzinger Gemeinderat FDP Dietikon,Peter Alois Metzinger,≤100,1
533196430187039,KMU- und Gewerbeverband Kanton Zürich,KMU- und Gewerbeverband Kanton Zürich,≤100,1
189239015887,Beobachter,These ads ran without a disclaimer,≤100,1
112542440931333,NinjaOne France,These ads ran without a disclaimer,≤100,3
389006641956517,Natalie Imboden,Natalie Imboden,≤100,2
251838211585945,SP Basel-Stadt,SP Basel-Stadt,≤100,1
158820214312321,Citations Ron Hubbard,Mieux Vivre Sa Vie,≤100,1
106459178771498,Antonia Martina Durisch,Antonia Martina Durisch,≤100,2
164099536940693,BLKB,These ads ran without a disclaimer,≤100,1
107494077464434,Janine Vannaz,Janine Vannaz,≤100,3
117275531631620,Le Centre Fribourg-Ville / Die Mitte Stadt Freiburg,Le Centre Fribourg-Ville / Die Mitte Stadt Freiburg,≤100,4
140334276690,Grüne Luzern,GRÜNE Luzern,≤100,3
108166048910328,Срочные Новости,These ads ran without a disclaimer,≤100,4
1003078936442534,Zuger Wirtschaftskammer,Zuger Wirtschaftskammer,≤100,4
763722197034246,En Développement,These ads ran without a disclaimer,≤100,1
165081833518086,G Premacy,These ads ran without a disclaimer,≤100,2
108232155430828,Lawyer Jan,These ads ran without a disclaimer,≤100,8
521455467972838,Gewerbeverband Berner KMU,These ads ran without a disclaimer,≤100,1
115967858108648,Susanne Dedecke glp,Susanne Dedecke,≤100,4
100200532855012,Pyrpose,Purpose Group SA,≤100,1
104989210943139,Circolo ACLI Wohlen,These ads ran without a disclaimer,≤100,1
1135730413199942,Mary Rose,These ads ran without a disclaimer,≤100,1
167064773463386,SP Lyss-Busswil,SP Lyss-Busswil,≤100,2
105188432853984,Tribune de Genève,These ads ran without a disclaimer,≤100,40
2261709760740382,wirtschaftskomitee.ch,Wirtschaftskomitee.ch,≤100,1
784812424962943,Tele Z,These ads ran without a disclaimer,≤100,1
267353906619818,Mr. Gugu & Miss Go,These ads ran without a disclaimer,≤100,11
102960028451979,Dick im Gscheft,These ads ran without a disclaimer,≤100,1
82752099000,Alternative Liste ZH,Alternative Liste Zürich,≤100,1
467503303605894,PLR Castel San Pietro,PLR Castel San Pietro,≤100,1
163017527046459,Jungheinrich,These ads ran without a disclaimer,≤100,1
142975303042827,MYLILY,These ads ran without a disclaimer,≤100,1
1585806105023846,Heinz Theiler in den Nationalrat,Heinz Theiler,≤100,1
112144688810182,"CCIG - Chambre de commerce, d'industrie et des services de Genève",These ads ran without a disclaimer,≤100,1
136266656430479,Volkswagen R,These ads ran without a disclaimer,≤100,1
109997062087311,Des logements pour Montreux,These ads ran without a disclaimer,≤100,2
150830641743673,Tomplay,These ads ran without a disclaimer,≤100,6
115335371438726,HOCH2.TV,These ads ran without a disclaimer,≤100,1
547115755657303,ReThink Daylight,These ads ran without a disclaimer,≤100,1
344350632579733,Comedy16,These ads ran without a disclaimer,≤100,1
186008238755917,amplify.ooo,These ads ran without a disclaimer,≤100,1
487359271292536,Greator,These ads ran without a disclaimer,≤100,3
110198429024146,Grünliberale Dielsdorf,Grünliberale Dielsdorf,≤100,2
98673036962,ROLDA,These ads ran without a disclaimer,≤100,5
74203385744,éditions markus haller,These ads ran without a disclaimer,≤100,1
344556287396,Penguin Bücher,These ads ran without a disclaimer,≤100,2
115353781494583,DemoLibertarians.com,These ads ran without a disclaimer,≤100,1
121607420925633,Catherine Meyer in den Nationalrat,Wahlkommitee Catherine Meyer,≤100,3
15996419246,Célina Ramsauer,These ads ran without a disclaimer,≤100,1
272968897162,Ferienregion Toggenburg,These ads ran without a disclaimer,≤100,1
122482160824623,vvvote.ch,These ads ran without a disclaimer,≤100,1
101120115685831,SVP Stäfa,Marco Andreas Vogt,≤100,2
468234396555549,Stiftung Zukunft CH,These ads ran without a disclaimer,≤100,1
1051543115032031,NuunOfficial,These ads ran without a disclaimer,≤100,1
120746218068081,Comundo,These ads ran without a disclaimer,≤100,1
230540700832458,Big Pun,These ads ran without a disclaimer,≤100,6
160520461875,Das Lamm,These ads ran without a disclaimer,≤100,1
491603277588348,VTA Group,These ads ran without a disclaimer,≤100,1
100318718516376,Martin Rufer,These ads ran without a disclaimer,≤100,1
1390745591150821,NRC - Norwegian Refugee Council,These ads ran without a disclaimer,≤100,3
102072599470181,Advanced Trading,These ads ran without a disclaimer,≤100,15
105962808801596,IZZY - Stream Israel,These ads ran without a disclaimer,≤100,3
101106662115671,Bluetti Deutschland,These ads ran without a disclaimer,≤100,2
110318858712956,Новости Европы,These ads ran without a disclaimer,≤100,2
106227118235466,IamExpat in Switzerland,These ads ran without a disclaimer,≤100,2
12185972707,350.org,These ads ran without a disclaimer,≤100,1
567417573785872,RefLab,These ads ran without a disclaimer,≤100,1
100374392742057,Weregreenly- Magazine,These ads ran without a disclaimer,≤100,80
100662513034694,parteilose_schweiz,These ads ran without a disclaimer,≤100,1
110647840532680,Merge Mayor,These ads ran without a disclaimer,≤100,1
113590230066092,creative_artpoint,These ads ran without a disclaimer,≤100,1
231575074011232,Landesbank Baden-Württemberg,These ads ran without a disclaimer,≤100,2
1050094841669430,Canal-Control+Clean,These ads ran without a disclaimer,≤100,1
201300766652623,WAGO,These ads ran without a disclaimer,≤100,1
69659999016,Vitra Design Museum,These ads ran without a disclaimer,≤100,1
319393291423771,Le Temps,These ads ran without a disclaimer,≤100,4
548577435509026,d&b audiotechnik,These ads ran without a disclaimer,≤100,1
852370551453606,GARP,These ads ran without a disclaimer,≤100,1
205332123261241,Знакомства RusDate,These ads ran without a disclaimer,≤100,1
100451933698060,AdVenture Communist,These ads ran without a disclaimer,≤100,2
107440971775130,aquaphor.de,These ads ran without a disclaimer,≤100,1
103344742624341,Skarb narodowy,These ads ran without a disclaimer,≤100,1
110463704610731,Cute Kiwi,These ads ran without a disclaimer,≤100,3
105389598931029,Eco4live,These ads ran without a disclaimer,≤100,2
181890091876904,Medair,These ads ran without a disclaimer,≤100,1
107237888124833,Vy Oanh Authentic - Túi xách cao cấp uy tín,These ads ran without a disclaimer,≤100,2
232863520216444,Jobeo,These ads ran without a disclaimer,≤100,1
120189004335157,Marco Hottinger - Ihr bewährter Richter für den Bezirk Bülach,Marco Hottinger,≤100,1
2569346123080290,Biznis Centar,These ads ran without a disclaimer,≤100,1
10150100771335484,24 heures,These ads ran without a disclaimer,≤100,63
103558749124919,asiazensus,These ads ran without a disclaimer,≤100,1
104200678369483,CUPGRADE,These ads ran without a disclaimer,≤100,1
1707147939300765,TMed - Centre de Médecine Traditionnelle et de Santé Holistique,These ads ran without a disclaimer,≤100,1
573075716360375,Rodrigo,These ads ran without a disclaimer,≤100,1
108318715562829,Abi Espin,These ads ran without a disclaimer,≤100,11
339361516111101,My Chosen Vessels - MCV,These ads ran without a disclaimer,≤100,1
845293775587671,Statista France,These ads ran without a disclaimer,≤100,1
124004680625921,Charming oae1,These ads ran without a disclaimer,≤100,1
159278864228680,BärnToday,These ads ran without a disclaimer,≤100,1
109023530752200,Changing Markets Foundation,These ads ran without a disclaimer,≤100,4
28312410177,World Food Programme,These ads ran without a disclaimer,≤100,2
805945416454845,veikko_bartel,These ads ran without a disclaimer,≤100,1
293513687977752,von allmen architekten ag,These ads ran without a disclaimer,≤100,2
113558805046270,Tanea Medeiros,These ads ran without a disclaimer,≤100,1
105267088402300,Komisija Bijelih Traka - Commission Brassards Blancs,These ads ran without a disclaimer,≤100,1
250305668489402,Professor Kenny,These ads ran without a disclaimer,≤100,8
103520459311864,Oliver Dürr in den Nationalrat,Oliver Dürr,≤100,1
101849728551147,Fun Break Central,These ads ran without a disclaimer,≤100,15
36511036382,Central European University,These ads ran without a disclaimer,≤100,2
111390757093321,ASC - Verantwortungsvolle Fischzucht,These ads ran without a disclaimer,≤100,1
100138076253198,collectif_vellinge,These ads ran without a disclaimer,≤100,1
1646078942340668,International Federation For The Roofing Trade,These ads ran without a disclaimer,≤100,1
328594787229525,Sailing-Classics,These ads ran without a disclaimer,≤100,1
102727121816068,Святлана Ціханоўская,These ads ran without a disclaimer,≤100,1
153866051940983,Molto Luce,These ads ran without a disclaimer,≤100,1
358660427653741,UBS Formula 1,These ads ran without a disclaimer,≤100,1
105231872947887,GU - Willkommen im Leben,These ads ran without a disclaimer,≤100,1
204182692934155,Amande Art,These ads ran without a disclaimer,≤100,1
146237848870691,Lukas Stern,These ads ran without a disclaimer,≤100,1
100211985747396,Klimaform,These ads ran without a disclaimer,≤100,1
104819209268652,Meta Universe,These ads ran without a disclaimer,≤100,1
2015601845405680,SP Frauenfeld,SP Frauenfeld,≤100,3
198892435401,University of Chicago Booth School of Business,These ads ran without a disclaimer,≤100,1
102426519271664,Free Easy Search,These ads ran without a disclaimer,≤100,2
111315691692431,João Pedro,These ads ran without a disclaimer,≤100,2
109974522004522,Kalinka. Turkey,These ads ran without a disclaimer,≤100,1
101176682686881,Caldwell Hutchinson,These ads ran without a disclaimer,≤100,1
102964102556890,Bettermanly - Magazine page 2,These ads ran without a disclaimer,≤100,1
121191740953524,Новости Европы,These ads ran without a disclaimer,≤100,1
279534902541502,Talent Academy,These ads ran without a disclaimer,≤100,1
117720231300445,Важно Знать,These ads ran without a disclaimer,≤100,1
174551119248735,San Diego International Sister Cities Association (SanDISCA),These ads ran without a disclaimer,≤100,1
112528551833342,Mark News,These ads ran without a disclaimer,≤100,2
110198429024146,Grünliberale Dielsdorf,These ads ran without a disclaimer,≤100,1
103022776117511,Сводка новостей,These ads ran without a disclaimer,≤100,1
1983382651989182,Afrancesados,These ads ran without a disclaimer,≤100,4
1408487869370774,Woody Display,These ads ran without a disclaimer,≤100,1
217519028785017,Nature Research Custom Media,These ads ran without a disclaimer,≤100,2
104099512361482,Funnies Now - Magazine,These ads ran without a disclaimer,≤100,4
104593458269168,Your Daily Fun Break,These ads ran without a disclaimer,≤100,11
880959905352884,SVP Weggis,These ads ran without a disclaimer,≤100,1
102427995193866,Virginie Pilault Parti Socialiste Grandson,These ads ran without a disclaimer,≤100,1
139742959398654,Die Mobiliar,These ads ran without a disclaimer,≤100,1
202838303093581,Volière,These ads ran without a disclaimer,≤100,1
112996681156640,aura_collective_,These ads ran without a disclaimer,≤100,1
125540182400469,The Daily Resource,These ads ran without a disclaimer,≤100,4
2273404059547940,Akhpal torghar,These ads ran without a disclaimer,≤100,24
608650595820049,The Conqueror Challenges,These ads ran without a disclaimer,≤100,1
114765408250059,Срочные новости,These ads ran without a disclaimer,≤100,1
111969398555528,События Дня,These ads ran without a disclaimer,≤100,1
102734576127485,Wedare 56,These ads ran without a disclaimer,≤100,1
346553825821470,Andreas Lustenberger - Kantonsrat,These ads ran without a disclaimer,≤100,1
112872221753732,Sara Perez,These ads ran without a disclaimer,≤100,7
145943619354315,Next Mobility,These ads ran without a disclaimer,≤100,1
120733700998159,ilariasds_dj,These ads ran without a disclaimer,≤100,1
771462172882741,OnePath Network,These ads ran without a disclaimer,≤100,1
251918098181489,VISUAL STATEMENTS,These ads ran without a disclaimer,≤100,1
110668275073938,Zendure Deutschland,These ads ran without a disclaimer,≤100,1
612984478813856,Henry Harvin Education,These ads ran without a disclaimer,≤100,1
2175328549346650,Deutscher Koordinierungsrat GCJZ,These ads ran without a disclaimer,≤100,1
492712620885533,Compass Mints,These ads ran without a disclaimer,≤100,2
102998939765184,Persian bms,These ads ran without a disclaimer,≤100,4
116355337718182,Moli lulu,These ads ran without a disclaimer,≤100,7
427644350714105,Wicked and Bonny,These ads ran without a disclaimer,≤100,1
153743591471761,ADAC Klassik,These ads ran without a disclaimer,≤100,1
107586311767908,Delicacy Estate,These ads ran without a disclaimer,≤100,1
176508225770197,Austrian Master Classes,These ads ran without a disclaimer,≤100,2
104990002304165,João Pedro,These ads ran without a disclaimer,≤100,1
695045403877568,Competitions.archi,These ads ran without a disclaimer,≤100,7
113067177682259,PMD - Dogs is my  world,These ads ran without a disclaimer,≤100,3
107005552383474,Umweltecke,These ads ran without a disclaimer,≤100,1
306064959461205,UMAGE,These ads ran without a disclaimer,≤100,3
104187209333343,KI - Topaktuell,These ads ran without a disclaimer,≤100,1
114400445304441,Suunto Diving,These ads ran without a disclaimer,≤100,1
103015059417615,emp_one,These ads ran without a disclaimer,≤100,2
1256668077728479,sport.tirol,These ads ran without a disclaimer,≤100,1
117711131281125,Goldfinch.pro,These ads ran without a disclaimer,≤100,1
124109327256894,Dra. Ângela Pistão,These ads ran without a disclaimer,≤100,4
126205140373896,Valentine Dei,These ads ran without a disclaimer,≤100,1
146822255731958,Fast Travel Games,These ads ran without a disclaimer,≤100,1
153063591397681,Amazon Web Services,These ads ran without a disclaimer,≤100,1
107514105652766,META VOCUS,These ads ran without a disclaimer,≤100,2
107647258831836,Weregreenly- Magazine Page 3,These ads ran without a disclaimer,≤100,9
104332584834447,Mara Schär,These ads ran without a disclaimer,≤100,1
106293082088835,iamfilipegouveia,These ads ran without a disclaimer,≤100,1
116348888049995,Interlitica,These ads ran without a disclaimer,≤100,2
820632578063685,Any Working Mom,These ads ran without a disclaimer,≤100,1
110038557114533,Imagine5,These ads ran without a disclaimer,≤100,1
413307318719072,The Andy Warhol Foundation for the Visual Arts,These ads ran without a disclaimer,≤100,1
101033665741550,The Hacks Archives,These ads ran without a disclaimer,≤100,3
123617357681729,Initiatives of Change Switzerland,These ads ran without a disclaimer,≤100,1
1329593773802412,TransferGo Polska,These ads ran without a disclaimer,≤100,1
109618608579864,All beautiful things,These ads ran without a disclaimer,≤100,2
764858193642975,"Pierre-André Page, Conseiller National",Pierre André Page,≤100,1
102252525898596,Lương Y Phạm Văn Thanh,These ads ran without a disclaimer,≤100,1
124340177284061,TomorrowBuilding,These ads ran without a disclaimer,≤100,1
110357013717466,Loot4Games.gg,These ads ran without a disclaimer,≤100,1
123546032572,Eppendorf Group,These ads ran without a disclaimer,≤100,1
150793518281117,Covestro,These ads ran without a disclaimer,≤100,1
112864228133921,Funnies Now - Stories,These ads ran without a disclaimer,≤100,2
105147369179946,Nyrtas,These ads ran without a disclaimer,≤100,1
1643396942585509,Adventerra Games,These ads ran without a disclaimer,≤100,1
1803279899993382,"Ni Una Palmadita, Fernanda Restrepo",These ads ran without a disclaimer,≤100,2
114860764826938,nora.pragmatik,These ads ran without a disclaimer,≤100,1
100912541413695,Más Impulso,These ads ran without a disclaimer,≤100,2
100721861905643,Corinne Vonaesch - Mes Albums,These ads ran without a disclaimer,≤100,1
107132684935276,Petit Pappus,These ads ran without a disclaimer,≤100,1
117137747964753,Центр білоруських комунікацій,These ads ran without a disclaimer,≤100,1
123400514072762,Срочные Новости,These ads ran without a disclaimer,≤100,1
104764328592380,Raices Argentinas Swiss,These ads ran without a disclaimer,≤100,1
106892895068657,Reykjavik Science City,These ads ran without a disclaimer,≤100,1
110361961971071,Életviteli tanácsadás,These ads ran without a disclaimer,≤100,1
109157008010513,Alveda,These ads ran without a disclaimer,≤100,2
354154019404,Polygiene,These ads ran without a disclaimer,≤100,1
101653285444113,SK텔레콤 뉴스룸,These ads ran without a disclaimer,≤100,1
103624969146867,kind_heart_foundation1,These ads ran without a disclaimer,≤100,1
532100997327830,kumikomametsuka,These ads ran without a disclaimer,≤100,1
286094071469577,VINCI Energies,These ads ran without a disclaimer,≤100,1
100172476278127,Easy Study,These ads ran without a disclaimer,≤100,1
108733008364786,The Emissary,These ads ran without a disclaimer,≤100,1
103659765532260,華夏focus,These ads ran without a disclaimer,≤100,2
106413891847130,Investing Zeitschrift,These ads ran without a disclaimer,≤100,3
100226179346528,dynamiceventsberlin,These ads ran without a disclaimer,≤100,1
103172549436914,Noticias del mundo todos los días,These ads ran without a disclaimer,≤100,1
100946331929105,Schola Palatina,These ads ran without a disclaimer,≤100,1
117423331329455,Career Goals HQ,These ads ran without a disclaimer,≤100,1
193167010699647,transport logistic,These ads ran without a disclaimer,≤100,2
110980888642151,Twibbon April,These ads ran without a disclaimer,≤100,4
113864178277471,Eco Mindset,These ads ran without a disclaimer,≤100,3
63306224439,Trip.com,These ads ran without a disclaimer,≤100,1
115643645121323,Deuter,These ads ran without a disclaimer,≤100,1
111160730747637,Trivia Stars,These ads ran without a disclaimer,≤100,1
720206555013629,Laufen macht glücklich,These ads ran without a disclaimer,≤100,1
444347906369155,Transitions et Énergies,These ads ran without a disclaimer,≤100,2
571818729504658,CADdent DEU,These ads ran without a disclaimer,≤100,1
104817908687066,See The Light,These ads ran without a disclaimer,≤100,1
324950845227,VerkehrsRundschau,These ads ran without a disclaimer,≤100,1
1486589451564960,Mul T Lock,These ads ran without a disclaimer,≤100,1
114305191932520,Pro Wildlife e.V.,These ads ran without a disclaimer,≤100,1
100413328754140,We Will Rank You podcast,These ads ran without a disclaimer,≤100,1
354397697217,IEEE Xplore,These ads ran without a disclaimer,≤100,1
609131619115590,O čem se mluví,These ads ran without a disclaimer,≤100,1
109926928389181,Gabriel Nunes,These ads ran without a disclaimer,≤100,1
324862764624322,BeautyMute Magazine,These ads ran without a disclaimer,≤100,1
106902318899458,Shoqata Arberia Bolzano,These ads ran without a disclaimer,≤100,1
103074474949945,judowasseraufbereitung,These ads ran without a disclaimer,≤100,1
101304435646725,Элитная недвижимость в Москве,These ads ran without a disclaimer,≤100,1
35779367485,Pure London,These ads ran without a disclaimer,≤100,1
139235326093086,Herno,These ads ran without a disclaimer,≤100,1
106299475598378,profkevinfenton,These ads ran without a disclaimer,≤100,1
102207552798601,Youth clicks,These ads ran without a disclaimer,≤100,1
106837661915369,Hatzopoulos S.A.,These ads ran without a disclaimer,≤100,1
1249402458491333,"ThreatLocker, Inc",These ads ran without a disclaimer,≤100,1
105639025839199,Aiko Energy,These ads ran without a disclaimer,≤100,1
652445951621134,Professor Winston's Community College,These ads ran without a disclaimer,≤100,1
217849110215707,ROAM Maui,These ads ran without a disclaimer,≤100,1
106839211891183,SATAS International,These ads ran without a disclaimer,≤100,1
1249630708423717,MUNER Motorvehicle University of Emilia-Romagna,These ads ran without a disclaimer,≤100,1
109568738618692,memaafrika,These ads ran without a disclaimer,≤100,1
313973838694062,ewconnect,These ads ran without a disclaimer,≤100,1
208371683037269,NBCU Catalyst,These ads ran without a disclaimer,≤100,6
112991661776428,ID11,These ads ran without a disclaimer,≤100,1
1457915704536726,Advokatfirmaet Magnus Legal,These ads ran without a disclaimer,≤100,1
103897622481315,Castafiore Paris,These ads ran without a disclaimer,≤100,1
172348652806226,DEKRA,These ads ran without a disclaimer,≤100,1
371764683018,Bezbednost.org,These ads ran without a disclaimer,≤100,1
105842829050347,earthapist,These ads ran without a disclaimer,≤100,1
2335613803134168,Okori Digital,These ads ran without a disclaimer,≤100,1
122125810793113,Gam Speeder,These ads ran without a disclaimer,≤100,1
106031815565093,Geeksoutfit,These ads ran without a disclaimer,≤100,4
102669822169207,liuccina,These ads ran without a disclaimer,≤100,1
111462675024606,Nursehut,These ads ran without a disclaimer,≤100,1
108496968556411,eman_tour_guide,These ads ran without a disclaimer,≤100,1
103374201768435,Graduatez - Lifestyle,These ads ran without a disclaimer,≤100,1
1422513341405155,TAY,These ads ran without a disclaimer,≤100,1
188140874572413,Fundación Charles Darwin,These ads ran without a disclaimer,≤100,2
185561295623272,Move To Help Foundation,These ads ran without a disclaimer,≤100,1
101054365776547,Charming Changzhou,These ads ran without a disclaimer,≤100,1
155174084508744,Banque mondiale,These ads ran without a disclaimer,≤100,1
110004921840381,paulacolicigno,These ads ran without a disclaimer,≤100,1
8428544759,Six Degrees Records,These ads ran without a disclaimer,≤100,1
177971792541224,CNRS News,These ads ran without a disclaimer,≤100,1
124275457632741,ElectronicSpecifier,These ads ran without a disclaimer,≤100,1
100915058207058,Fully Delicious,These ads ran without a disclaimer,≤100,1
101478712863847,European news,These ads ran without a disclaimer,≤100,1
604598226218072,CNH Industrial,These ads ran without a disclaimer,≤100,1
115895401463440,Entretenimiento,These ads ran without a disclaimer,≤100,4
110818941452003,Morehackz Stories,These ads ran without a disclaimer,≤100,1
325008635082270,SmartPurse,These ads ran without a disclaimer,≤100,1
108148958352704,Travelers Spot,These ads ran without a disclaimer,≤100,1
1220981994590364,FT Partner Content,These ads ran without a disclaimer,≤100,5
109135987977596,Mazzarò Sea Palace,These ads ran without a disclaimer,≤100,1
112757083778788,"Economic Daily, China",These ads ran without a disclaimer,≤100,2
377341706350,ADRA Österreich,These ads ran without a disclaimer,≤100,1
112071155023896,Harper's Bazaar France,These ads ran without a disclaimer,≤100,1
114369171646148,realismo_capitalista,These ads ran without a disclaimer,≤100,1
618086438391102,Taiwan in the EU and Belgium,These ads ran without a disclaimer,≤100,1
102023009327901,Global Compassion Coalition,These ads ran without a disclaimer,≤100,2
102952309457793,History in Number,These ads ran without a disclaimer,≤100,2
1384346251813235,Frequent Traveller Circle,These ads ran without a disclaimer,≤100,1
236806237064955,Sonica Sarna Design,These ads ran without a disclaimer,≤100,1
102500518635499,ENTR en,These ads ran without a disclaimer,≤100,2
111200420677430,Diário de Santo Tirso,These ads ran without a disclaimer,≤100,1
722256984867966,Raytheon Missiles & Defense,These ads ran without a disclaimer,≤100,1
17043549797,MIT Technology Review,These ads ran without a disclaimer,≤100,3
107071248451159,Société Créatrice,These ads ran without a disclaimer,≤100,1
100714742526270,FTD.de,These ads ran without a disclaimer,≤100,1
1623731087898826,"Tudilu Eventos,Royal & Petroleum",These ads ran without a disclaimer,≤100,1
421320345307555,SORP - Платформа для бизнеса,These ads ran without a disclaimer,≤100,4
1473321922884514,Chińskie Radio Międzynarodowe,These ads ran without a disclaimer,≤100,1
142914269087072,Cornell Lab of Ornithology,These ads ran without a disclaimer,≤100,1
109888808553507,Neol,These ads ran without a disclaimer,≤100,2
1914522068608165,Autolidersv,These ads ran without a disclaimer,≤100,1
120202611050476,The Money Mindset,These ads ran without a disclaimer,≤100,1
224597158386607,Rosa Luxemburg Foundation,These ads ran without a disclaimer,≤100,1
417664325449148,Lylou the label,These ads ran without a disclaimer,≤100,1
101289218907718,Web News,These ads ran without a disclaimer,≤100,1
142329112477770,البنك الدولي,These ads ran without a disclaimer,≤100,1
106882027720933,Ugreen_Us,These ads ran without a disclaimer,≤100,1
367939743862411,yomisoyombo,These ads ran without a disclaimer,≤100,1
101547865988914,Julia Santiago,These ads ran without a disclaimer,≤100,1
107616545277373,YYOfi3,These ads ran without a disclaimer,≤100,1
122026544199679,ID1,These ads ran without a disclaimer,≤100,1
112511361680353,Life at Rimac,These ads ran without a disclaimer,≤100,1
105607552434777,Instalador Solar,These ads ran without a disclaimer,≤100,1
113450588411531,Provident Fund,These ads ran without a disclaimer,≤100,1
1464779663812914,Springer Nature,These ads ran without a disclaimer,≤100,1
100810011798438,female_leadership_summit_,These ads ran without a disclaimer,≤100,2
301745209882851,Culture Amp,These ads ran without a disclaimer,≤100,1
204816652874409,haGalil.com,These ads ran without a disclaimer,≤100,1
106534441199077,Socialmediatestpubclient,These ads ran without a disclaimer,≤100,3
188872144758,CCTV,These ads ran without a disclaimer,≤100,1
418775708189870,Social Movement Technologies,These ads ran without a disclaimer,≤100,1
137223326998592,Ashleyjtoddblog,These ads ran without a disclaimer,≤100,1
111526801918998,FutureForum Alps,These ads ran without a disclaimer,≤100,1
264538577602183,DANP Doar amor não tem preço,These ads ran without a disclaimer,≤100,1
119448817757424,Pelo mundo a fora,These ads ran without a disclaimer,≤100,1
155438574470276,DW українською,These ads ran without a disclaimer,≤100,2
111976493965144,TV5MONDEplus,These ads ran without a disclaimer,≤100,2
395401643992178,TIP Used,These ads ran without a disclaimer,≤100,1
113187447947452,Reconciliation Aurora,These ads ran without a disclaimer,≤100,2
100582266255364,International Molecular Plant Protection Congress,These ads ran without a disclaimer,≤100,2
110159388738867,Rimvoice.com,These ads ran without a disclaimer,≤100,1
496728137498714,AJ Travel,These ads ran without a disclaimer,≤100,1
216550520609,CLAE,These ads ran without a disclaimer,≤100,1
117697811288537,Super Master,These ads ran without a disclaimer,≤100,1
116393014767087,ID10,These ads ran without a disclaimer,≤100,1
171163390480055,Samson Rope Technologies,These ads ran without a disclaimer,≤100,2
106933965668760,MoYah,These ads ran without a disclaimer,≤100,1
116679401363112,Kelce Jam,These ads ran without a disclaimer,≤100,1
103772184933,Strategy International,These ads ran without a disclaimer,≤100,2
8539814909,International Animal Rescue,These ads ran without a disclaimer,≤100,2
101302478014531,Global Alliance of Universities on Climate,These ads ran without a disclaimer,≤100,1
108558068531422,Smart doc magazin,These ads ran without a disclaimer,≤100,4
104405159011073,Sheba Tel HaShomer Global Division,These ads ran without a disclaimer,≤100,1
110496871879833,BravoBis,These ads ran without a disclaimer,≤100,1
456668207859222,Enlaps,These ads ran without a disclaimer,≤100,1
1304973099652147,Food and Travel,These ads ran without a disclaimer,≤100,1
132819526758532,Siemens Healthineers,These ads ran without a disclaimer,≤100,1
103759516011919,Pierrelouispompanon.fr,These ads ran without a disclaimer,≤100,1
100691083019005,Green Living Genius,These ads ran without a disclaimer,≤100,1
842484635804171,International Expert,These ads ran without a disclaimer,≤100,1
439417059491292,Alexander Boldachev,These ads ran without a disclaimer,≤100,1
35335786143,Cat Electric Power,These ads ran without a disclaimer,≤100,1
105827925281759,Porta Luce,These ads ran without a disclaimer,≤100,1
947704582025685,Daze,These ads ran without a disclaimer,≤100,1
108240971635234,Bettermanly - Magazine,These ads ran without a disclaimer,≤100,1
103902772675099,Paola Noboa,These ads ran without a disclaimer,≤100,1
252471848750693,Tobias Born,These ads ran without a disclaimer,≤100,1
106784722385032,multiculturalnews,These ads ran without a disclaimer,≤100,1
105945458999217,Demenswear,These ads ran without a disclaimer,≤100,1
63572179769,Die Zimmermänner,These ads ran without a disclaimer,≤100,1
343786409509707,The East Gate,These ads ran without a disclaimer,≤100,2
100486698765192,Money & Investing,These ads ran without a disclaimer,≤100,1
103940752286011,The Third Option.,These ads ran without a disclaimer,≤100,1
114184975000819,Unexplained Beasts,These ads ran without a disclaimer,≤100,1
180035590021,PICTURE ORGANIC CLOTHING,These ads ran without a disclaimer,≤100,1
107706102295108,Wire Tool,These ads ran without a disclaimer,≤100,1
351365901647856,Reima,These ads ran without a disclaimer,≤100,1
128322628212,Falling Walls,These ads ran without a disclaimer,≤100,2
106722822373735,The Fun Insider,These ads ran without a disclaimer,≤100,2
116189038059883,cultofflowers,These ads ran without a disclaimer,≤100,1
100133042448587,Sneaker Toast Magazine,These ads ran without a disclaimer,≤100,2
299227550122220,Radio Cina Internazionale,These ads ran without a disclaimer,≤100,1
102855665965014,kayombo_casto,These ads ran without a disclaimer,≤100,1
103081408819299,Veda360,These ads ran without a disclaimer,≤100,1
154087694129,Causeur.fr,These ads ran without a disclaimer,≤100,1
2274953119412306,� Marie-Virginie (Emvy) �,These ads ran without a disclaimer,≤100,1
285530825204,Klitschko,These ads ran without a disclaimer,≤100,4
131189377574,MDPI,These ads ran without a disclaimer,≤100,1
79511407410,Mercedes-AMG Petronas F1 Team,These ads ran without a disclaimer,≤100,1
110993941170214,ChidoBook,These ads ran without a disclaimer,≤100,1
104648785749269,Turkey Tour,These ads ran without a disclaimer,≤100,1
134331253305084,ITI International Team for Implantology,These ads ran without a disclaimer,≤100,1
405379246524515,DHL Express,These ads ran without a disclaimer,≤100,2
357444017777047,Bronson.men,These ads ran without a disclaimer,≤100,3
101628406259500,Monyka Prince,These ads ran without a disclaimer,≤100,1
107497858216127,BigMoney Events Big,These ads ran without a disclaimer,≤100,2
109992798294853,Good View Hunting,These ads ran without a disclaimer,≤100,1
102623776002357,Funnies Now - Magazine Page 2,These ads ran without a disclaimer,≤100,2
114980244815721,Polistudio,These ads ran without a disclaimer,≤100,1
106701185163801,Your Hacks Spot,These ads ran without a disclaimer,≤100,3
194886144517585,Solid English School,These ads ran without a disclaimer,≤100,1
316139502261301,BeInCrypto,These ads ran without a disclaimer,≤100,1
47815171686,Banyan Tree Hotels & Resorts,These ads ran without a disclaimer,≤100,1
994977213848354,Sarx,These ads ran without a disclaimer,≤100,1
113388621278432,Freedom for Norway,These ads ran without a disclaimer,≤100,1
595178974150639,"Marta Wesołowska - mówienie, głos w Marce Osobistej",These ads ran without a disclaimer,≤100,1
123999364291001,Ankerherz,These ads ran without a disclaimer,≤100,1
130136833750497,IELTS Official,These ads ran without a disclaimer,≤100,1
123698491019029,Lombard Odier Group,These ads ran without a disclaimer,≤100,1
1490336211217327,AudioPhix,These ads ran without a disclaimer,≤100,1
121350964566751,DHL Motorsports,These ads ran without a disclaimer,≤100,1
183125116821,EURES,These ads ran without a disclaimer,≤100,1
110474511630312,Genève Attractive,These ads ran without a disclaimer,≤100,1
1589154051350606,FOZ - Friends of Zion Museum,These ads ran without a disclaimer,≤100,1
109829208054130,Savvy Dime,These ads ran without a disclaimer,≤100,1
187766727949541,Deportivo Alavés,These ads ran without a disclaimer,≤100,4
109679312105856,makessensemagazine,These ads ran without a disclaimer,≤100,1
111132794348779,That Happened,These ads ran without a disclaimer,≤100,1
565225540184937,CGTN,These ads ran without a disclaimer,≤100,1
1050770641685642,Mond,These ads ran without a disclaimer,≤100,1
140827169291068,Infosecurity Europe,These ads ran without a disclaimer,≤100,1
102462592479676,Social Media School,These ads ran without a disclaimer,≤100,1
198051124292362,Editions Anspach,These ads ran without a disclaimer,≤100,1
289461001085174,Firmenich,These ads ran without a disclaimer,≤100,1
102211979093712,EdHeroes,These ads ran without a disclaimer,≤100,1
173754443298551,Maloles Antignac Miracosta,These ads ran without a disclaimer,≤100,1
300369183362735,ENESSERE,These ads ran without a disclaimer,≤100,1
120223804387904,dailypositivityboost,These ads ran without a disclaimer,≤100,3
315543515306,Jing Daily,These ads ran without a disclaimer,≤100,1
1183996195056831,Sentient,These ads ran without a disclaimer,≤100,1
101092639094951,namysto_lialka,These ads ran without a disclaimer,≤100,1
154680184946903,Superplastic,These ads ran without a disclaimer,≤100,1
100960082205245,More Hackz - the 1000 page,These ads ran without a disclaimer,≤100,2
156279764411149,Times Higher Education,These ads ran without a disclaimer,≤100,1
333293986861604,Jean Richard MusiK,These ads ran without a disclaimer,≤100,2
110099331940978,More Hackz - MediaSmarter,These ads ran without a disclaimer,≤100,2
100162738241949,Xu Zeyu,These ads ran without a disclaimer,≤100,1
101678448468048,Sunbrella Europe,These ads ran without a disclaimer,≤100,1
140556749292891,National Library of Israel,These ads ran without a disclaimer,≤100,1
108757387727541,Visite La Cruz,These ads ran without a disclaimer,≤100,1
109211515409715,Cog-Pkg Media,These ads ran without a disclaimer,≤100,1
368757963825913,WasteFuel,These ads ran without a disclaimer,≤100,3
106774006022127,מסע - Masa Israel Journey,These ads ran without a disclaimer,≤100,2
108245655955953,Rieder facades,These ads ran without a disclaimer,≤100,1
230875547030767,Serge Ferrari,These ads ran without a disclaimer,≤100,1
115540694483809,pretawolzak,These ads ran without a disclaimer,≤100,1
109023478608136,Ihabitantne,These ads ran without a disclaimer,≤100,1
105494315161744,talkdiplomacy,These ads ran without a disclaimer,≤100,1
495297847177818,3D WALL Panels Italia,These ads ran without a disclaimer,≤100,1
102415047928145,Shanghai Electric,These ads ran without a disclaimer,≤100,1
107183418710416,Rocket stories FS,These ads ran without a disclaimer,≤100,1
104690824908337,Chocolate.com - Sweet Eats,These ads ran without a disclaimer,≤100,1
983135718420987,Visit Jiangsu,These ads ran without a disclaimer,≤100,1
112360458458828,emp_one,These ads ran without a disclaimer,≤100,1
287193278023020,Jirka Stoček,These ads ran without a disclaimer,≤100,1
100602492862162,History Nation,These ads ran without a disclaimer,≤100,2
112197978388568,Mariah A,These ads ran without a disclaimer,≤100,1
109613811893240,Aiby • AI Art & Avatar Generator,These ads ran without a disclaimer,≤100,1
101358036245588,App Leap,These ads ran without a disclaimer,≤100,1
476179919621255,Misbar - مسبار,These ads ran without a disclaimer,≤100,1
101241435849797,Tot Reading,These ads ran without a disclaimer,≤100,1
109713862446321,Capfruit,These ads ran without a disclaimer,≤100,1