Page ID,Page name,Disclaimer,Amount spent (CLP),Number of ads in Library
1366892303449939,Partido Republicano,Partido Republicano,42380026,302
105091012517593,Bruno Baranda,Campaña Bruno Baranda,27770676,188
1059804450772270,Antonio Barchiesi,Antonio Barchiesi,25692792,48
113034028357700,Jaime Ravinet,Jaime Nicolas Ravinet De La Fuente,24920285,137
219605241425430,Partido Socialista de Chile,Partido Socialista de Chile,23777641,647
113153381003177,Natalia Piergentili,Natalia Piergentili,15310246,352
628303047364442,Dr. Marco Antonio Núñez,Marco Antonio Nuñez,12666955,151
52263787734,Unión Demócrata Independiente,Unión Demócrata Independiente,12605343,25
104668318283169,El Profesor Luis Silva,El Profesor Luis Silva,11496199,55
28023147497,Partido Comunista de Chile,Partido Comunista de Chile,10722460,62
114628888236450,Andrés Palma Irarrázaval,Andres Palma Irarrazaval,10482452,69
117971414554702,Juan Sutil,Juan Sutil Candidato,9580400,570
115808554792561,Carlos Galleguillos Carvajal,Carlos Andres Galleguillos Carvajal,9438248,121
52263787734,Unión Demócrata Independiente,Víctor Santiago Mesías Sandoval,9034213,18
100606052976302,Gloria Hutt,Gloria Hutt,8630415,220
107339088943210,Yerko Ljubetic,Yerko Ljubetic,8417440,98
105292082486576,Edmundo Eluchans,Edmundo Eluchans Urenda,8194319,163
104009952620870,Mario García Araucanía,Mario García Araucanía,8177607,12
100478056319678,Héctor Urban Constituyente,Héctor Urban Constituyente,7877454,5
418281855197789,Democracia Cristiana,Democracia Cristiana,7524684,232
373673936059220,Evolución Política,Evópoli,6931024,50
159639460764792,LATAM Airlines,LATAM Airlines,6132720,4
104189318481439,Minería y Futuro,Mineria y Futuro,5889271,161
1106638076061044,Carlos Recondo,Carlos Recondo,5844220,43
111831181812892,Raimundo J. Palamara Stewart,Raimundo J. Palamara Stewart,5626078,15
111477215224712,Marlenne Durán,Marlenne Durán,5604982,100
116346351346835,Valeria Cárcamo Vidal,Valeria Angélica Cárcamo Vidal,5481757,43
101200421606621,Valentín Matus Martínez,Jorge Luis Andres Hermosilla Torres,5463917,73
100629246179774,Arturo Phillips,Arturo Phillips,5095204,43
100942448494149,Fernanda Pinochet,Fernanda Pinochet,4655599,111
100476318997145,Pablo Verdugo Vergara,Pablo Ignacio Verdugo Vergara,4575754,35
117396934582415,Cuidemos la Infancia,Cuidemos la Infancia,4494357,65
102807928808940,Marcelo Encina Muñoz,Marcelo Ricardo Encina Muñoz,4251542,24
101761458511272,Jorge Insunza,Jorge Insunza,4222183,429
78617029137,Greenpeace Chile,Fundación Greenpeace Pacífico Sur,3952738,30
342958192219,Secretaría General de Gobierno,Secretaría General de Gobierno,3549109,3
150331635097423,Servicio Electoral de Chile,Servicio Electoral de Chile,3520904,24
104820842536215,Ignacio Dülger,Ignacio Dulger,3503361,32
102423335548109,Rocío Donoso - Candidata Constituyente,Rocío Donoso,3424809,24
13212504705,Jorge Ivan Ulloa Aguillon,Jorge Ivan Ulloa Aguillon,3353142,50
104782822559247,Jose Antonio Urrutia - Candidato Consejo Constitucional E-18,Agustin Orrego,3085240,128
257773836107444,Ricardo Ortega Perrier,Ricardo Ortega Perrier,3056379,208
150372358891887,Paz Suárez Briones,Paz Andrea Suarez Briones,3014041,32
1396460303715065,Carozzi,Carozzi,2906530,8
104497311518155,Macarena Bravo,Macarena Bravo,2859274,80
430339687135332,Sadi Melo,Sadi Melo,2857404,40
110833717337374,Carolina Navarrete Rubio,Carolina Navarrete Rubio,2847304,57
115709314769903,Ariel Mihovilovic,Ariel Mihovilovic,2835897,21
113525251672380,Republicanos ñuble,Republicanos del Ñuble,2832295,62
101915952829830,María Pardo Vergara,María Pardo Vergara,2804396,69
103336024980358,Christian Suárez Constituyente,Christian Suárez Constituyente,2794361,34
229835819030014,Gabriel Domínguez,Gabriel Domínguez,2652065,16
105893532431148,Carmen Frei Consejera Constitucional,Carmen Frei,2620169,22
1656604587945247,Viviana Nuñez Consejera Constitucional E-23,Viviana Nuñez,2572749,77
168872229926629,Mario Undurraga Consejero Constitucional,Mario Undurraga,2473740,15
102586276093037,Sergio Bitar,Sergio Bitar,2314086,41
100181076346959,Karen Araya Rojas Consejera Constituyente,Karen Araya Rojas Consejera Constituyente,2283821,31
280326368663728,Asociación de Industriales de Iquique,Asociacion de Industriales Iquique,2218289,57
105783868682878,Asistencia Tesorería,Asistencia Tesoreria,2131582,9
101027739631760,Valeria Chacana Consejera Constitucional,Valeria Chacana Alarcón,2038821,35
259249815958789,Paloma Zuñiga - Consejera Constitucional Biobío,Paloma Ignacia Zuñiga Cerda,1957635,84
107121248975540,Marcelo Schilling-Constitucional,Marcelo Gastón Rodriguez Schilling,1952071,26
105798328215264,Asistencia Familia,Asistencia Familia,1911790,2
107305509022244,Gonzalo Ibáñez E-20,Gonzalo Ibáñez,1858631,34
591373478191895,Samuel Galvez Derpich,Samuel Andrés Gálvez Derpich,1838516,25
106423590853145,Fundación Ciudadanos en Acción,Fundacion Ciudadanos en accion,1666291,13
179979135524787,Camila Miranda Consejera Constituyente RM,Camila Miranda Consejera Constituyente RM,1595330,56
463509033710164,Walmart Chile Vivamos Mejor,Walmart Chile,1582243,12
104260521982245,Carlos González Herrera,Carlos González Herrera,1539620,59
335068640271176,Nataly Neira Candidata Consejera Constitucional BioBio,Nataly Neira,1481239,56
173983195992422,Partido Por la Democracia - PPD,Partido Por la Democracia,1478071,57
110185035352619,Gonzalo Pinochet,Gonzalo Antonio Pinochet Abarca,1468094,25
116719478002146,Andrés Zaldívar L,Andrés Zaldívar L,1385846,10
378598039556864,María José Puigrredón,María José Puigrredón,1368419,11
108847172131873,Claudio Ferrada x Ñuble,Claudio Ferrada x Ñuble,1350353,17
119515629892632,Eduardo Cretton,Eduardo Andrés Cretton Rebolledo,1288786,15
1548643738480723,Asistencia Deudores,Asistencia Deudores,1275667,10
109274558738561,Beatriz Hevia Consejera Los Lagos,Beatriz Hevia Consejera Los Lagos,1268216,9
109507485398506,Luis Valentin Ferrada - Consejero Constitucional,Jorge Marto,1245976,92
105598472507900,Alfonso Campos Consejero Constitucional,potrero ltda,1245906,8
137055450193620,Katherine López,Katherine Elizabeth López Rivera,1222388,26
680475562417785,Convergencia Social,Convergencia Social,1218168,108
116710021362220,Mario Rios Santander,Mario Enrique Rios Santander,1202418,15
124885510532901,Miguel Littin - Constituyente,Miguel Ernesto Littin Cucumides,1170158,29
307330256067716,Red Atacama,Diarios en Red,1161524,39
285417644878678,Red Antofagasta,Diarios en Red,1160776,39
351583768232100,Red Tarapaca,Diarios en Red,1159875,39
371453409556353,Red Coquimbo,Diarios en Red,1159834,39
112303492123355,Rodrigo Delgado,Christian Oviedo,1144397,31
113185708370601,Robert Weissohn Consejero Constitucional,Robert Kurt Weissohn Heck,1129445,29
107300374571049,Daniela Castro Araya,Daniela Castro Araya,1095409,29
117807634946410,Sociedad de Fomento Fabril (Sofofa),Sofofa,1088112,5
1157078510981546,Corporación Municipal Gabriel González Videla,Corporación Municipal Gabriel González Videla,1053609,9
101200421606621,Valentín Matus Martínez,Valentin Ignacio Matus Martinez,1043918,32
110431750601473,ZapataConstituyente,ZapataConstituyente,1032865,40
355650785544749,Sebastián Figueroa,Sebastián Alberto Figueroa Melo,978296,35
110950955273185,Germán Becker Araucanía,GERMÁN ANTONIO BECKER ALVEAR,961865,20
103879121710797,Patricia Sanzana - Consejera Constitucional,Patricia Alejandra Sanzana Cardenas,960278,14
756450494522524,Andrés Jouannet Diputado,Andrés Alfonso Jouannet Valderrama,957485,52
78239901502,Diario Financiero,Grupo DF,949431,60
108613744354984,Aldo Valle Acevedo,Aldo Salvador Valle Acevedo,947660,15
256214294989170,DaleProfe,daleProfe,936093,80
344500636710159,Brunella Vinet,Brunella De Lourdes Vinet Mattasoglio,920570,65
104091048494909,"Carola Cabeza, Consejera Constitucional",Carola Andrea Cabeza Fuentes,890000,22
107826762240781,"Lu Pruzzo, Candidata Constituyente","Lu Pruzzo, Candidata Constituyente",870772,43
558224964238853,Anglo American,Anglo American,861929,4
106921338410697,Patricia Besa Tagle Republicana,Patricia Besa Tagle,860075,14
100510532979740,Pablo Cuevas Biobío,Magda Lena,857431,21
113608701652984,Victoria Trapp Moreira,Victoria Trapp Moreira,853865,22
105404275848784,Miriam Arenas Sandoval,Miriam De Las Mercedes Arenas Sandoval,844002,33
19270352324,Universidad Andrés Bello,Universidad Andrés Bello,840745,25
100965608750758,Dr. Julio Contreras,Julio Gastón Contreras Muñoz,825255,13
117215271317591,Loreto Campana C-17 Consejera Constituyente,Loreto Ester Campana Morales,812461,19
305958239880216,Cidere Región de Coquimbo,CIDERE Coquimbo,804602,28
113973951635669,sandralamalarenas,Sandra Teresa Lama Larenas,803277,9
184559421980613,Vlado Mirosevic Diputado,Vlado Mirosevic Verdugo,801384,16
1790498094378746,Juan Manuel Carrasco E20,Juan Manuel Carrasco E20,773825,23
105877901417702,Rodrigo Muñoz Ponce,Rodrigo Leonardo Muñoz Ponce,764767,40
103480862680636,Erna Maldonado Consejera Constitucional,Erna Marjorie Maldonado Casanova,743508,39
101077969210224,Corporación Clúster Minero Región de Antofagasta,Corporación Cluster Minero Región Antofagasta,740757,21
107472658958129,Cecilia Cárdenas Consejera Constitucional,Cecilia Yaneth Cardenas Reyes,736847,11
113335468364018,Jazmín Murillo Constituyente,Jazmín Amanda  Murillo  jorquera,731594,15
109325032145664,Carlos González,Carlos Gonzalez Herrera,722894,25
164433517709728,María Ignacia Castro Rojas,Jorge Luis Andres Hermosilla Torres,720721,3
107194435644655,Alejandra Vivanco,Alejandra Vivanco,720000,18
101761912282082,Eduardo Álvarez Vidal,Eduardo Álvarez Vidal,715597,63
103946825976962,Cristian San Martín Abogado Candidato Consejero Constitucional B-6,Cristian Daniel San Martin Carrasco,709665,23
115338381476898,Evelyn Zottele candidata a Consejera Constitucional X Región,Alicia Marta Lobos Ojeda,704030,27
429657563782175,Vlado Mirosevic Verdugo,Vlado Mirosevic Verdugo,699199,19
112965545055332,"Gemita Alvarez Sepulveda, Candidata a Consejera Constitucional","Gemita Alvarez Sepulveda, Candidata a Consejera Constitucional",699166,13
276529899590560,Federación Regionalista Verde Social,Federación Regionalista Verde Social,694958,9
116879721345459,Roberto Cortez Consejero Constitucional 2023,Roberto Flavio Cortez Rojas,693114,9
246478779511291,Lex Grupo Abogados,Lex Grupo Abogados,692543,1
580663538777736,Consejo Minero,Feedback Comunicaciones,679352,4
105101844897719,María Claudia Jorquera - Consejera Constitucional Maule,Nicolás Alejandro Pereira Bustamante,637237,20
104924965916752,Pilar Barrientos,María Del Pilar Barrientos Hernández,636679,9
103966845037915,Rodrigo Rettig - Consejero Constitucional,Rodrigo Alfonso Rettig Vargas,634299,12
112115941830810,Robert Contreras Reyes,Robert Contreras Reyes,631676,15
110470183711883,Romina Terrazas Consejera Constitucional Tarapacá,Romina Terrazas Consejera Constitucional Tarapacá,630059,13
110185035352619,Gonzalo Pinochet,Jorge Luis Andres Hermosilla Torres,629983,9
114824831560339,Jorge Carrillo,Jorge Carrillo Villalobos,629291,13
100702245161627,Norma Córdova,Norma Córdova,628664,17
112350568479579,Romina Ramos Rodríguez,Romina Ramos Rodríguez,624842,22
995097183940708,Vittorio Ghiglino Consejero Constitucional,Vittorio Ghiglino Consejero Constitucional,622407,20
105188815832655,Carolina Fernández Quezada,Carolina Fernández Quezada,618484,17
111317208052178,Jocelyn Ormeño,Jocelyn Priscilla Ormeño Lee,607764,33
2081250478844624,Manuel Tobar Leiva,Manuel Tobar Leiva,607495,15
100214049680961,Carlos Solar Barrios,Carlos Solar Barrios,599013,12
115963444746860,Solange Carmine Constituyente,Solange Carmine,574886,25
102854689398571,Jessica Bengoa,Arturo Ignacio Díaz Medina,560624,9
102326269466587,Mauricio Pavez,Mauricio Pavez Galaz,550028,9
103527991214141,Cero DICOM,Cero Dicom,546417,8
102713709451980,Gloria Maritza Hurtado Garay,Gloria Maritza Hurtado,545084,17
107805868900041,Giovanni Calderón Bassi,Giovanni Oscae Calderon Bassi,543362,8
103522812684363,Patricia Spoerer Price,Patricia Spoerer Price,538638,23
103259918760204,Lista negra política La voz de la Muchedumbre.,Cristian Alejandro Vivian Troncoso,538162,21
105216321995280,Pivotes_cl,Fundación Pivotes,518969,24
108008248880502,Gloria Paredes Diaz,Gloria Paredes Diaz,510835,27
120295334652273,Enrique Van Rysselberghe Herrera,Enrique Van Rysselberghe Herrera,506464,16
119905321044704,Jose Antonio Jerez Constituyente Araucanía D22,Jose Antonio Jerez Constituyente Araucanía D22,499354,6
105766605793061,Kinturay Melin Rapiman,Kinturay Melin Rapiman,495940,33
111682861850546,Nalto Constituyente 2023,Nalto Espinoza Hurtado,495855,7
103030962615298,Chile YAAC,Chile YAAC,491706,17
1336285853115250,Leslie Briones Rojo,Leslie Briones Rojo,485922,13
119639157745671,Pedro Omar Lamas E-20 Consejero Constitucional,Pedro Omar Lamas Gutierrez,481603,28
114998294847196,Aldo Bernucci Constituyente,Aldo Dino Bernucci Diaz,467125,8
103463095024719,Curiocity,Curiocíty,462936,10
107152958969232,Josefina Letelier,Josefina Letelier,452086,8
105141989175834,Kenssel Rojas,Kenssel Rojas,442689,17
105494899139678,Allard Constitucional,Allard Constitucional,441346,36
101876126200855,Gonzalo Vega Moreno Consejero Constitucional,Gonzalo Andres Vega Moreno,425482,24
105362052496422,Nancy Carola Márquez Consejera,Germán Antonio Sepúlveda Mellado,418720,29
107981168904669,José Antonio González P. - Consejero Constitucional,José Antonio González P. - Consejero Constitucional,416529,6
1661207433889496,Dr Salvador Urrutia y Constitución,Dr Salvador Urrutia y Constitución,412375,18
113905858293465,Guillermo Palacios Candidato,Guillermo Palacios Candidato,408811,29
106112795743664,Verónica Garrido Briceño,Verónica Garrido Briceño,401016,12
203934690134245,Pilar Cuevas Consejera Constitucional,Pilar Cuevas Consejera Constitucional,399550,7
245004027412380,Tabita Silva c15,Tabita Sarai Silva Leiva,397234,6
107308047493017,Camila Sabando Consejera Constitucional,Camila Sabando Vega,393250,15
192316264161697,Agencia de Sostenibilidad Energética,Agencia de Sostenibilidad Energética,388555,5
10192152668,Renovación Nacional,Renovación Nacional,387013,70
101165425399412,José Osvaldo Zuñiga Consejero Constitucional Ñuble,José Osvaldo Zuñiga Pino,373555,18
103303247695129,Internet 21,Internet21,370954,5
106037731330237,CentroAvance,Centro Avance,367180,6
111780888572874,Francisca Rojas Consejera Constitucional,Francisca Rojas,366254,11
293103284121826,Fundación Para el Progreso,Fundación Para el Progreso,364966,40
108139672208391,Josefa Balmaceda Consejera Constitucional Ñuble,Josefa Javiera Balmaceda V,361366,9
103565788759265,Andrea Quijón Constituyente,Erna Andrea Quijón Godoy,360780,17
105556512481661,Alfonso Campos González,Alfonso Campos,359718,4
107061169026057,José Mardones Gallardo,Jose Mardones G,352999,14
108646898818665,Dominica Guzmán consejera constitucional,Dominica Guzmán,352588,5
376352265809593,Guillermo Ceroni 2023,Guillermo Ceroni Fuentes,348092,13
113924653318737,ICF,ICF,343292,7
109223661574079,Andres Guerra Vega,Andres Guerra Vega,341666,24
2257351691213562,Noticias que marcarán pauta,Noticias que marcarán pauta,333339,7
106886172345440,Carolina Contreras candidata a Consejera Constitucional,Carolina Contreras Retamal,329832,26
112475141758550,Raúl Gil González,Raul Gil Gonzalez,328905,10
295886120554128,Polpaico,Cemento Polpaico SA,324505,15
572161723127136,Copsa Chile,COPSA Chile,324078,5
860605540813125,BTG Pactual Chile,BTG Pactual Chile,322082,13
109528705408416,Eduardo Castro Ríos - Consejero Constitucional,Giovanni Riffo,320066,26
115638851443506,Erwin Sandoval Consejero Constitucional,Erwin Sandoval Consejero Constitucional,318092,11
101971746225156,Claudia Ortega Sáez,Claudia Polette Ortega Saez,317223,8
108291914947259,Mi Derecho a Educar,Felipe Varela,304917,6
101217102905633,Christian Inostroza,Christian Inostroza,304586,7
115213264819834,Carol Aros Seguel,Gonzalo Hans Sánchez Sanhueza,300000,3
419006974914571,Facultad de Agronomía e Ingeniería Forestal UC,Facultad de Agronomía e Ingeniería Forestal UC,299210,16
107254382286066,Aldo Sanhueza Consejero Constitucional,Aldo Sanhueza Carrera,299047,6
102422525535808,FARMACIAS PUNTO BLANCO,Ranko Frane Lenac Pizarro,294230,9
251004928252260,Quieroelegir,Quieroelegir,293586,2
101531652883635,Liliana González Consejera Constitucional,Daniela Del Sol Platarrueda Lopez,293445,12
214215822426016,Punto Prensa,Punto Prensa SPA,289359,4
26929188652,El Observatodo,MiVoz.cl,271973,289
411851492489649,Somos CMPC,CMPC,265815,6
113034028357700,Jaime Ravinet,Jaime Ravinet,263977,4
100916182367499,Carmen Gloria González Burns,Carmen Gloria González Burns,259813,2
124224143270,Hogar de Cristo,These ads ran without a disclaimer,256910,4
102749461731343,Julio Ñanco Antilef,Julio Francisco Ñanco Antilef,243983,10
968772086505075,Gerardo Espíndola Rojas,Gerardo Alfredo Espíndola Rojas,243225,20
100521059062916,Mauricio Schmidt Consejero,Gustavo Adolfo Rivera Acuña,242378,12
1447342118848920,Universidad Adolfo Ibañez,Universidad Adolfo Ibáñez,235008,6
104224427947088,Circula el Plástico,Metrix,234139,11
100407462996006,Camila Torres Constituyente,Camila Torres Constituyente,232063,8
117118924644426,Valeria Ochoa,Valeria Amanda Ochoa Hinrichsen,227459,98
761606963919174,Somos Aclara,Somos Aclara,223810,6
105657022459205,Ricardo Núñez Muñoz,Ricardo Núñez Muñoz,213751,16
190270371085405,Andrés Sepúlveda Jiménez,José Ignacio Retamales Mendoza,210188,9
353975854746124,BMW Motorrad Chile,These ads ran without a disclaimer,209036,2
153699168357273,Carolina Lagos,Carolina Lagos,206546,12
343265652503533,Municipalidad de Puchuncaví,Ilustre Municipalidad de Puchuncaví,201933,7
337766483715142,Tremendas_cl,TREMENDAS with Facebook ad credits,201192,8
105167202072,Mario Desbordes,Mario Desbordes,200000,4
108291914947259,Mi Derecho a Educar,Mi Derecho a Educar,200000,2
386634201382499,Marco Enriquez-Ominami,Marco Antonio Enríquez-Ominami Gumucio,197388,2
145925692108470,Educación Continua UC Temuco,UNIVERSIDAD CATÓLICA DE TEMUCO,196252,10
112555455065264,Vehículos en Peligro,Vehículos en Peligro,194410,23
350025708997760,Minera Vizcachitas,Minera Vizcachitas,194000,9
194708347256755,Puranoticia.cl,Puranoticia.cl,192978,38
1284017825055092,Juan Carlos Duhalde,Juan Carlos Duhalde,191198,8
191871627527097,INGENIERIAUDD,Ignacio Rivas Fernandez,189639,1
19270352324,Universidad Andrés Bello,These ads ran without a disclaimer,185187,7
103116615387974,Jaime L. Community Manager,Jaime Adrian Lopez Rojas,184706,17
10152723078,Alejandro Navarro,Alejandro Navarro,184422,11
107204884646731,Carla Allendes Soza - Candidata Consejera Constitucional,José Ignacio Retamales Mendoza,183550,8
710390285658166,Ximena Rincón,Ximena Rincón,178622,15
115416134825688,Marila Barrientos,Marila Loreto Barrientos Triviños,178061,6
102931702202829,Ernesto Plasencia,Ernesto Plasencia Rojas,170768,9
113540781539326,Workmed,Workmed,169771,37
216994218325195,Admisión Universidad Adolfo Ibáñez,These ads ran without a disclaimer,168258,6
200480966638039,Supremacy 1914,These ads ran without a disclaimer,164712,2
105849139111961,Yorka Quinteros - Candidata al Consejo Constitucional Atacama,Yorka Elisabeth Quinteros Perez,160975,4
111029491910412,ignacio_quijada2023,ignacio_quijada2023,160920,2
105844671644804,Senado_abierto,Senado Abierto,158331,1
181208945236608,Patria Progresista,Patria Progresista,156884,3
116148738429923,Hyundai Chile,These ads ran without a disclaimer,156093,1
106694028236100,Gerencia de Personas,These ads ran without a disclaimer,155168,5
105257689166961,María de los Angeles López,María de los Angeles López,154561,10
922533087852291,Luis Malla Diputado,Luis Fabián Malla Valenzuela,154317,12
116098628081805,Gonzalo Yuseff Quirós,Gonzalo Yuseff Quirós,152701,25
109506520963578,Pablo Bussenius Cornejo,Pablo Bussenius Cornejo,148059,8
100450062086471,APivcevic,APivcevic,142494,2
112863284811655,Partido Alianza Verde Popular,Partido Alianza Verde Popular,140000,5
242604915860706,Caja Los Andes,Caja Los Andes,138504,1
181189911970230,Alberto Undurraga V,Alberto Undurraga Vicuña,137447,4
198921630648476,Vidrios Lirquen,Vidrios Lirquen,136200,5
855311658006240,Jorge Díaz Ibarra,Jorge Elias Gregorio Diaz Ibarra,136049,3
181189911970230,Alberto Undurraga V,Alberto Undurraga V,135180,3
106314585764244,joseluishidalgop_,These ads ran without a disclaimer,134369,4
103323656092848,Beatriz Hevia Republicana,Beatriz Hevia,134284,5
126170624336,Amnistía Internacional - Chile,Amnistía Internacional Chile,134208,12
100645555080281,Academia Nacional de Litigación,Academia Nacional de Litigación,132759,13
212672485793114,Frank Sauerbaum,Frank Carlos Sauerbaum Muñoz,130000,14
463509033710164,Walmart Chile Vivamos Mejor,These ads ran without a disclaimer,125198,2
174471963010250,Gladys Acuña Rosales,Gladys Cristina Acuña Rosales,122300,7
376515412420057,GabrielBenelli,Gabriel Alejandro Benelli Paredes,121600,2
103822445860239,Conexión Energía,These ads ran without a disclaimer,121193,1
107781209280427,Bolsa de Santiago,Bolsa de Santiago,121012,2
119304731096183,Segundo Hojas,Segundo Hojas,117523,3
486113348433421,Ximena Ordenes Neira,Ximena Ordenes,117215,43
143360859486032,Alejandro Bernales Maldonado,Alejandro Bernales Maldonado,116873,2
188894794930378,Diego Silva,Diego Silva,116609,6
100407462996006,Camila Torres Constituyente,Nelson Julián Miranda Gómez,115927,7
100537472438913,Futuro Madera,Futuro Madera,111521,3
102565468747098,"Cocobox, Centro de Crossfit y Weightlifting",These ads ran without a disclaimer,109498,2
111323908481002,Comando de voz,Mario Vilches Alcaíno,105610,10
176220189240352,Postgrados UST,These ads ran without a disclaimer,105403,1
106425749109476,Pablo Pomareda,These ads ran without a disclaimer,102517,1
115213264819834,Carol Aros Seguel,Carol Aros Seguel,101965,1
106088671518497,Agustín Iglesias Concejal Independencia,Agustin Ignacio Iglesias Munoz,101443,9
478976528820583,I. Municipalidad de La Granja,Brecha Digital Consultores Ltda.,100000,8
254968451965503,Juan Valdes,Juan Valdes,100000,9
100502525971325,Gustavo Dávila de la Gente,Samuel Guelfenbein,100000,2
443368759396133,Diego Paco M.,Diego Paco,99995,6
266574477169217,Ciudadano Videla Diputado,Elias Vaca Sanchez,99877,5
727274947350582,Diario Tierramarillano,Diario Tierramarillano,96044,20
103753489693220,Acciona,These ads ran without a disclaimer,95300,2
100495615365718,Kurt Hener a Consejero Constitucional,Kurt Armando Hener Perez,90358,7
1567607313249689,Cristobal Martinez Diputado,Cristián Rodríguez,90247,7
226593947367922,Cultiva,Cultiva,90003,1
102020808805309,Cristian Quilodran Parra,Cristian Quilodran Parra,88536,13
518029991591379,Carlos Soto Alcalde,Carlos Ernesto Soto Gonzalez,85157,4
1642794332617927,Colegio de Cirujano Dentistas de Chile A.G.,Colegio de Cirujano Dentistas de Chile A.G.,84990,6
100920822361338,Jorge Sepúlveda Consejero Constitucional,Juan Carlos Reiman Antileo,84000,2
643513979193133,Justicia para Beatriz,Neuma,83465,7
1051257695025495,PacificBlu,PacificBlu,82611,2
100826904957145,Centro Científico Tecnológico Región de Antofagasta,CICITEM,82185,1
1140435596103153,Asociación Chilena de Municipalidades,Asociación Chilena de Municipalidades,81000,1
110240400702459,Andrés Giordano - Diputado por el Distrito 9,Andrés Giordano,80000,2
103497308735310,Tamara Gaytan Chávez Antofagasta,Tamara Jocelyn Gaytán Chávez,79928,4
746989695487487,"Maria Claudia Jorquera ""Consejera Constitucional"" E23",Luis Reveliño Alarcon Nuñez,78939,6
100538472970352,Cristian Cartes Ruz Consejero Constitucional,Cristian Cartes Ruz Consejero Constitucional,78317,4
120681665990497,Ceroplas,These ads ran without a disclaimer,77634,1
106112795743664,Verónica Garrido Briceño,Carlos Nino Pizarro Assante,77252,3
110405624650830,Chile En La Encrucijada,Juan Antonio Montes Varas,75734,3
119745536600190,Dr. Fernando Viveros,Dr. Fernando Viveros,75510,6
111971561872636,Oilprofit,These ads ran without a disclaimer,75494,1
103850911739503,Manuel Améstica,Manuel Améstica Gaete,74999,8
405619349470647,Nuevo Horcones,These ads ran without a disclaimer,74023,1
109086802113220,Claudia Mac-lean Bravo Constituyente,Claudia Mac-lean Bravo Constituyente,72224,19
154785904692548,SalmonChile,SalmonChile,71376,5
113127473739015,UGM Postgrados,These ads ran without a disclaimer,69826,3
111693578511027,Candidato Víctor Hugo Pacheco,Victor Hugo Hiram Pacheco Schmidt,69381,4
115204154820914,Consejero Constituyente Antofagasta Juan Moraga,Naomi Camila Paz Koo Mazuela,69053,6
930597163645465,Muni Colina,Muni Colina,68329,2
107151670642286,Al Aguaite Sin Censura,Maxi Agustin Soto Yañez,67849,9
211965552717397,María José Gatica Bertin,María José Gatica Bertin,67044,3
541390972732127,Consejero Regional Rodrigo Vera,Rodrigo Vera Riquelme,66500,9
600661340080888,Municipalidad de Salamanca,Municipalidad de Salamanca,65807,3
105657022459205,Ricardo Núñez Muñoz,C&C comunicaciones estratégica SPA,64912,15
173417548106840,Natalia Romero,Natalia Angelica Romero Talguia,64679,6
110951722267366,World Vision Chile,World Vision Chile,62759,7
101180752297383,Gustavo Benavente Diputado,Gustavo Adolfo Alberto Benavente Vergara,61537,17
104088619284149,Felipe Calfunao Varas,Felipe Esteban Calfunao Varas,58765,4
100622491799515,Sara ConchaSmith Diputada Ñuble,Sara Nicol Concha Smith,58437,1
438330923602981,Libres Chile,Libres Chile,57005,9
259716460829991,LATAM Airlines,These ads ran without a disclaimer,56193,2
344500636710159,Brunella Vinet,Brunella Vinet,55330,2
110309894432662,Gerald Castillo - Concejal Ovalle,Héctor Rene Baeza Olivares,55000,4
106294378574590,Análisis con Patricio Altamirano,Pablo Ignacio Güiza Illanes,54660,4
106467527978267,Dr. Fernando Araos Dattoli,Fernando Dattoli,54529,4
640043449493888,Marcela Varas,Marcela Alicia Varas Fuentes,54111,8
521470568061848,Maximiliano Ríos,Maximiliano Ríos Galleguillos,53853,2
104824792608042,Fresia Sepúlveda Hanckes,Eduardo Vicente Esteffan Sepúlveda,52203,7
114040660504777,Eleonora Espinoza Consejera Constitucional,Eleonora Esther Espinoza Hernández,51836,1
104684192398328,Francisco Corral Macías,Gerard Henri Joffre Pavez,51606,5
115046015881560,Alcalde Marcos Morales Ureta,Marcos Antonio Morales Ureta,50150,2
707104366003647,Javier Muñoz Riquelme,Javier Muñoz Riquelme,50000,2
301596847064228,Emergencias Araucania,Alejandro Tomas Martini Iriarte,50000,1
1503096909935398,ATI Antofagasta Terminal Internacional,Brecha Digital Consultores Ltda.,50000,3
108689020607707,Ricardo Cifuentes Lillo,Ricardo Cifuentes Lillo,50000,1
391338058160314,Desafío Chile Sin Basura,Benjamín Jose Cruz Pacheco,50000,1
833378750055074,Estación Araucanía 91.5 FM,Alejandro Tomas Martini Iriarte,50000,1
320489664817120,ONG FIMA,Maritza Harleth Cerda Cerda,49998,1
108523631002340,Loreta Villegas- Consejera Regional Aysen,Maria Loreta Villegas Almonacid,49969,12
504040153015857,Francesca MUÑOZ Diputada Distrito 20,Francesca Muñoz,48953,1
100632486305724,,Camilo Andrés Undurraga Pinto,48395,3
109064301582321,Pedro Vasquez Neira. VOTA B8,Pedro Andrés Vásquez Neira,47987,1
206881239344602,Mercedes-Benz Kaufmann Chile,These ads ran without a disclaimer,47761,4
211625929000469,Jaime Escudero,Jaime Escudero,47596,9
128647447236348,ricardo rabanal bustos,Ricardo Ignacio Rabanal Bustos,46901,4
783359008444397,Blogit Noticias,These ads ran without a disclaimer,46667,1
107843817654667,Marcela Mansilla Potocnjak,Rodrigo Alejandro Niño Carrasco,44423,5
104720755290885,Te despidieron.cl,These ads ran without a disclaimer,43487,1
111508938549004,Greis Parada Rojas,Greis Parada Rojas,42701,5
106319847762043,Maipo Informado,maipoinformado,42618,3
300345197052910,Pablo Gutierrez Core,Germán Antonio Sepúlveda Mellado,41090,13
1147280035388437,ARAUCO,These ads ran without a disclaimer,41035,1
111099218377933,Benjamín Moreno Diputado,Benjamín Moreno Bascur,41016,5
108390475493550,Belong Communication Lab,Belong Communication Lab,40000,5
110613671952570,Kiria Antileo Consejera,Kiria Antileo Mella,40000,4
118685221161652,Miriam Paola Valdés Zuñiga - Candidata a Consejera Constitucional,Miriam Paola Valdés,39649,2
671262362900569,Red de Salud UC CHRISTUS,These ads ran without a disclaimer,37816,4
121715207861230,Banco Santander Chile,These ads ran without a disclaimer,36634,1
856012741442139,Ipas LAC,Neuma,36471,3
100490729492964,Sebastian Bello,These ads ran without a disclaimer,36207,40
279912778871515,Ximena Ossandon Diputada,Maria Ximena Ossandon Irarrazabal,36153,1
332967387146069,Diputado Andrés Celis Montt,Andrés Celis Montt,35703,2
985907368127445,CUT Chile,Central Unitaria de Trabajadores y Trabajadoras - CUT Chile,35544,1
102601746091590,Tammy Verdugo Reyes,Tammy Soledad Verdugo Reyes,35000,2
106458548157752,sylviacastroconcejala,Sylvia Ariela Del Transito Castro Gonzalez,34966,4
638298683189782,Topclass Academy,These ads ran without a disclaimer,34962,1
112948331041597,Centro de Energía - FCFM - Universidad de Chile,María Giselle Ogaz Norambuena,34930,2
148912831865161,Asociación de Industriales de Antofagasta - AIA,These ads ran without a disclaimer,34598,8
133994506616486,Cinemark Chile,These ads ran without a disclaimer,34598,1
114903054926147,Informate Chile,These ads ran without a disclaimer,32989,1
116677364701305,raul_araya23,RAÚL ARAYA ZEPEDA,32753,6
401680316582113,Periódico de la Costa,PERIODICO DE LA COSTA,32555,3
102408572092464,Convergencia Social Curacaví,These ads ran without a disclaimer,32211,3
113067177682259,PMD - Dogs is my  world,These ads ran without a disclaimer,31442,3
115589734809868,Constanza Pavez Consejera Constitucional D19,These ads ran without a disclaimer,31257,3
103871524352074,Abogada Tamara Villegas Redlich,Tamara Yoseline Villegas Redlich,30921,4
109416599136825,El Diario de Antofagasta,El Diario de Antofagasta,30575,20
111498933878722,Ana Campos escritora,Ana Campos Escritora,30078,2
34898474917,Esteban Velásquez Núñez,José Eduardo Velásquez Lizama,30000,1
112373491778575,Republicanos en la Convención,Partido Republicano de Los Ríos,30000,2
107913407830351,Paulina Veloso Muñoz,Paulina Natalia Veloso Munoz,29999,2
1637457636467958,Salesianos Chile - www.boletinsalesiano.cl,Congregación Salesiana,29977,1
1672033609511326,Colores del Norte,These ads ran without a disclaimer,29770,2
153763928331325,IPSIS,These ads ran without a disclaimer,29770,7
101675116255868,joseluishidalgop_,These ads ran without a disclaimer,29770,3
115755108160566,Claudia Villegas Consejera Constitucional,Claudia Villegas Carvajal,29409,1
101876126200855,Gonzalo Vega Moreno Consejero Constitucional,These ads ran without a disclaimer,28801,2
2535216276502759,Beeok,Beeok,28274,3
101777549186318,convocacion,These ads ran without a disclaimer,27959,3
747708191967868,MUMS,Movimiento por la Diversidad Sexual MUMS / ONG CES,27745,17
311368549779237,Orizon,Orizon,27716,1
317209815074690,Diario La Batalla de Maipú,Diario La Batalla de Maipú,27647,22
68846675598,Jaime Mulet - Diputado por Atacama,Carolina Villa,27544,2
249501208590333,Somos Choapa,These ads ran without a disclaimer,27034,1
101153018591121,Alihuen Antileo Consejero Constitucional,These ads ran without a disclaimer,26087,8
102490871558031,Prensa Poniente,PONIENTE MEDIA SPA,26025,4
100975964813324,No+desempleo,These ads ran without a disclaimer,25747,1
32661797351,Centro Estudio Paisaje,These ads ran without a disclaimer,25684,2
100157495407742,Felipe Martínez - CORE Malleco,Felipe Andres Martínez Reyes,25500,4
627032047431974,Marcela Espinoza,Marcela Espinoza Silva,25306,3
109626371709961,Salmones Austral,Salmones Austral,25305,4
108145794246480,El Espectador de Ñuble,El Espectadoor de Ñuble,25210,4
383552768434495,César Muñoz Vergara,César Manuel Muñoz Vergara,25000,1
1922472791174991,Jaime Petit-Breuilh Jaque,Jaime David Petit-Breuilh Jaque,24998,2
1960805740881871,Acción Laboral,Elso Andres Pizarro Nuñez,24992,1
110819144737014,PS Comunal Los Andes,Álvaro Díaz Sandoval,24809,3
808445072551315,So Long,These ads ran without a disclaimer,24779,2
114051164941000,Patricio Maldonado Republicano,These ads ran without a disclaimer,24737,1
285802245163038,Concejal Nicolás Alvarez Vargas,Héctor Nicolas Alvarez Vargas,24631,2
264341100696482,Salud Cerro Navia,Salud Cerro Navia,24500,1
108445362190409,Carlos Alvarado Candidato Consejero Constituyente,Carlos Miguel Alvarado Aguirre,24187,6
358940384476087,Patricio Pinilla Valencia,Patricio Alfonso Pinilla Valencia,24138,1
110252714651433,Alberto Jarpa Core 2022-2025,Lógicamente ltda.,24108,2
100436132993585,Mónica Troncoso Salinas,Mónica Isabel Alejandro Troncoso Salinas,24000,3
639564622726191,Leonardo Vargas Meza,Héctor Patricio Rodriguez Albiceleste,24000,3
228557190541436,BancoEstado,BancoEstado,23829,3
763887853794135,Camilo Benavente,Camilo Francisco Benavente Jiménez,23747,9
1033083156764729,José Pérez Arriagada,José Pérez Arriagada,23526,5
107678795639792,Ernesto Antonio Vera Rodríguez,Ernesto Vera,23345,8
288844038230771,Instituto de Políticas Públicas UCN,Instituto Políticas Públicas del Norte,23206,2
618572991673954,Dr. Ricardo Celis,Dr. Ricardo Celis,23000,2
239724839481005,Municipalidad de Vicuña,Brecha Digital Consultores,22743,2
102022139029779,eduardo.rojas.1983,These ads ran without a disclaimer,22399,1
1606737326204665,Dirección de Cultura Alcaldía Ciudadana,These ads ran without a disclaimer,22251,1
285507651910599,Fundación ConTrabajo,Pedro Santana Droguett,22139,3
102640524781140,ecopacks.cl,These ads ran without a disclaimer,21866,12
101579022115580,Javiera Morales Alvarado,Javiera Ignacia Morales Alvarado,20886,2
111549203970340,Robinson Flores,Robinson Flores,20115,3
39532315173,Marcos Ilabaca Cerda,Marcos Ilabaca Cerda,20076,2
116650890088463,Fundación Tecfem,These ads ran without a disclaimer,20043,2
102986086080088,Yoris Rojas Constituyente,Yoris Mirna Rojas Vlastelica,20000,2
1843354599272180,Américo Guajardo Oyarce - Alcalde de Río Claro,Américo Gustavo Guajardo Oyarce,20000,2
100571905359593,Paola Peña Marín,Paola Ximena Peña Marin,20000,2
104910964875259,Víctor Pino Diputado Distrito 5,Victor Pino Fuentes,20000,1
1880363765543549,Juan Ignacio Latorre Senador,Juan Ignacio Latorre Senador,20000,1
101165425399412,José Osvaldo Zuñiga Consejero Constitucional Ñuble,These ads ran without a disclaimer,20000,1
265807973875814,Patricio Neira,Patricio Antonio Neira Pezoa,20000,1
112115941830810,Robert Contreras Reyes,These ads ran without a disclaimer,20000,1
239993549715970,Pablo Oliva Parra,Pablo Oliva Parra,20000,1
105091012517593,Bruno Baranda,These ads ran without a disclaimer,19950,1
101726669192958,nacionalidad_alemana_hoy_21,These ads ran without a disclaimer,19933,1
109907808732322,"Dr.Morenna Z,",These ads ran without a disclaimer,19540,1
108176821871835,lecturasparasubirelvolumen,These ads ran without a disclaimer,19513,1
104273241015976,Despegue marketing Digital,These ads ran without a disclaimer,18651,1
108841961391771,Gloria Lillo Consejera Constitucional,These ads ran without a disclaimer,18632,1
106979305573686,walktt.cl,These ads ran without a disclaimer,18298,1
204430603582,La Tercera,These ads ran without a disclaimer,18067,3
1715542162000038,Librería En El Blanco,Librería En el Blanco,18012,1
101668895480680,Concejal Ismael San Martín,Concejal Ismael San Martín,17930,9
115077078156996,Hazte un Tiempo,Nicolás Javier Ignacio Rodríguez Blanco,17799,1
106580054753486,Krist Naranjo Gobernadora Independiente Región  De Coquimbo,Krist Pia NIcole Naranjo Peñaloza,17570,9
102508569195890,José Jesús Villalobos Moreno,José Jesús Villalobos Moreno,17500,1
1566619386970328,Agrupación de victimas de violencia policial de Chile,Miguel Angel Fonseca Carrillo,16722,9
112003161549938,El Sur Rechaza,These ads ran without a disclaimer,16535,1
239637413439840,Museo de las Mujeres - Chile,These ads ran without a disclaimer,16283,1
118780851160253,mbarrigaporlosrios,These ads ran without a disclaimer,16013,1
100140068114888,Bipay Chile,Bipay Chile,16000,3
100509762252,El Rancahuaso,MiVoz.cl,15933,16
229512630397510,El Amaule,MiVoz.cl,15291,17
307181769365390,El Concecuente,MiVoz.cl,15252,16
108200541055730,Diputado Sergio Bobadilla Muñoz,Sergio Enrique Bodadilla Muñoz,15046,2
231952623614906,Daniel Melo Diputado,Diputado Daniel Melo,15000,1
112555455065264,Vehículos en Peligro,These ads ran without a disclaimer,14979,2
1621023591454427,Sandro Puebla Veas,Sandro Antonio Puebla Veas,14683,3
102257292713372,Alejandra Morales,These ads ran without a disclaimer,14483,30
1661207433889496,Dr Salvador Urrutia y Constitución,These ads ran without a disclaimer,14483,1
335068640271176,Nataly Neira Candidata Consejera Constitucional BioBio,These ads ran without a disclaimer,14215,1
108557574347706,Fundación Conecta Mayor,Fundación Conecta Mayor,14134,1
274390833063043,Cristina Bravo Castro,Cristina Andrea Bravo Castro,13999,3
110951722267366,World Vision Chile,These ads ran without a disclaimer,13546,1
108371192228676,Monica Latorre,Monica Maria Del Carmen Latorre Roldan,12996,1
105366998046112,ILYAN,These ads ran without a disclaimer,12874,1
114185448286375,Educa ya,These ads ran without a disclaimer,12874,5
401014659983460,El Morrocotudo,MiVoz.cl,12868,13
101248444922540,Pescadores Industriales del Biobío,These ads ran without a disclaimer,12588,1
102351811949866,concejal_del_maipo,These ads ran without a disclaimer,12234,1
100364065560466,sm.abogadas,These ads ran without a disclaimer,12062,2
112660017529864,José Arellano Blanco - Concejal por Alhué,José Andrés Arellano Blanco,12000,1
553717067994412,El Nortero,MiVoz.cl,11974,12
145648978807373,El Boyaldía,MiVoz.cl,11952,12
117922741256347,Alvaro Ojeda Consejero Constitucional,These ads ran without a disclaimer,11915,2
198921630648476,Vidrios Lirquen,These ads ran without a disclaimer,11695,1
103892671886484,Perfimet,These ads ran without a disclaimer,11302,1
112903595108344,Sebastian Parraguez C-10,Sebastián Esteban Parraguez González,11230,6
834989769931949,PDAO,These ads ran without a disclaimer,11116,2
106221142412991,Johana Rivera Tejerina,Johana Rivera Tejerina,11008,1
1803279899993382,"Ni Una Palmadita, Fernanda Restrepo",These ads ran without a disclaimer,10789,3
1571540266449676,Diputada Sofía Cid V.,Sofía Slovena Cid Versalovic,10755,3
101634418333209,Naomi Calle G.,These ads ran without a disclaimer,10720,1
141331162614038,AFP Habitat,These ads ran without a disclaimer,10709,1
522505097904203,Quesos El Roble,These ads ran without a disclaimer,10651,1
215301068502620,Embaixada do Brasil em Santiago / Embajada de Brasil en Santiago,These ads ran without a disclaimer,10647,1
114040893306813,Alcalde Félix Sánchez,Felix Andres Sanchez Vergara,10469,2
102983088449276,Ossa Constituyente,These ads ran without a disclaimer,10348,32
100393644843970,Pedro Burgos Vásquez,Tomás Hilario Maquehue Ampuero,10000,2
1613450085341022,Tomás Soto  Alto Hospicio,Tomás Adolfo Soto Díaz,10000,1
101443865184651,Marianella Benavides Concejala Los Andes,Lidia Marianella Benavides Cardenas,10000,1
248421278648620,Mario Vilches Alcaíno,Mario Vilches Alcaíno,10000,1
116982313475175,Andrea Dueñas Consejera Constitucional,Andrea Dueñas Consejera Constitucional,10000,1
746465222194078,Juan Andrés Muñoz Saavedra CORE,Juan Andrés Muñoz Saavedra,10000,1
246625369670,Museo de la Memoria y los Derechos Humanos,These ads ran without a disclaimer,9999,1
101412708615017,LuisPitaface,LuisPitaface,9998,1
108520721594832,Es tu salud Chile,BFLOOW SPA,9998,4
187686168544096,Praderas de Frutillar,These ads ran without a disclaimer,9804,2
107659082599076,Unegocios,These ads ran without a disclaimer,9776,7
104444729065513,Victoria Segovia,These ads ran without a disclaimer,9679,12
159818737409588,Viña Santa Ema,These ads ran without a disclaimer,9658,2
591373478191895,Samuel Galvez Derpich,These ads ran without a disclaimer,9655,1
103087261729997,Camila Avilés Barraza,Camila Avilés Barraza,9649,4
247749878746839,Janssen Latinoamérica,These ads ran without a disclaimer,9575,1
100229561530181,Kinesiologiaestetica_Calama,These ads ran without a disclaimer,9549,1
165042833621264,Schneider Electric,These ads ran without a disclaimer,9292,10
111930508488389,Chiloé Panderetas,These ads ran without a disclaimer,9181,1
108318715562829,Abi Espin,These ads ran without a disclaimer,9092,16
100509451781826,Creaciones fernanda el mundo del disfraz,These ads ran without a disclaimer,9046,1
100383352725236,Presentes,These ads ran without a disclaimer,9011,3
109528705408416,Eduardo Castro Ríos - Consejero Constitucional,These ads ran without a disclaimer,8762,6
211135892351948,Pro O'Higgins,These ads ran without a disclaimer,8688,1
120044631352096,Diario La Hora,These ads ran without a disclaimer,8585,2
104502961416584,Maternar Violeta,These ads ran without a disclaimer,8368,1
1912380229046407,Francisco Gonzalez Rivas,These ads ran without a disclaimer,8046,1
101183018732856,Gran Reserva Concha y Toro,These ads ran without a disclaimer,8046,1
106037731330237,CentroAvance,These ads ran without a disclaimer,8046,1
100515733014960,Dr.Arfomessa Ta.,These ads ran without a disclaimer,7993,1
207664915915263,El Magallanews,MiVoz.cl,7975,8
782846321738864,Marfrig,These ads ran without a disclaimer,7875,1
173342680271476,Escuela Palestino La Reina,These ads ran without a disclaimer,7870,1
184169995325116,Gerardo Rojas Escudero,Gerardo Rojas Escudero,7839,4
107905085615421,m.acarena.r,These ads ran without a disclaimer,7613,1
123177772408144,Luis Améstica Concejal de Coihueco,Luis Alberto Améstica Ponce,7576,4
105257689166961,María de los Angeles López,These ads ran without a disclaimer,7571,1
101818575418346,Lomas de Millaray,These ads ran without a disclaimer,7554,3
121717528487698,Confidence Chile,These ads ran without a disclaimer,7492,1
101196035964072,Lareparadora.cl,These ads ran without a disclaimer,7377,1
293103284121826,Fundación Para el Progreso,These ads ran without a disclaimer,7163,1
359488367510836,Bosch Home,These ads ran without a disclaimer,7107,1
102408572092464,Convergencia Social Curacaví,Convergencia Social Curacaví,7000,1
1491268871178504,Curacaví Digital,Leonel Armando Gatica Cardemil,6997,2
183517278335266,El Quehaydecierto,MiVoz.cl,6976,7
112718571781935,Dr.Elly Sof.,These ads ran without a disclaimer,6910,1
109279671431031,Zenda - Software de RRHH 100% Web,These ads ran without a disclaimer,6718,4
103688152660395,Lorena Constituyente,Lorena Leichtle,6440,3
111140879275674,JA Luxury Group,These ads ran without a disclaimer,6437,4
1350129105152539,Galpón Al Margen,These ads ran without a disclaimer,6226,1
317644722033741,Coagra S.A.,These ads ran without a disclaimer,6207,2
100436132993585,Mónica Troncoso Salinas,These ads ran without a disclaimer,6177,1
111732297332871,Nelson Venegas Diputado,Nelson Esteban Venegas Salazar,6000,2
131922256469824,Dr. Shannon,These ads ran without a disclaimer,5969,1
143395282379300,MINI,These ads ran without a disclaimer,5833,1
108011818775263,San Antonio Ambiental,These ads ran without a disclaimer,5778,1
117739271250766,fabian_rios2023,These ads ran without a disclaimer,5700,1
101979001959693,Soser S.A.,These ads ran without a disclaimer,5670,1
113560698368409,Christian Dulansky Araya,Christian Roman Dulansky Araya,5645,1
444575512684769,Benetton Perfumes,These ads ran without a disclaimer,5632,3
104847449013781,Niños Genios,These ads ran without a disclaimer,5630,1
103535771670159,Marcelo Urrutia Burns,These ads ran without a disclaimer,5523,1
287523667947643,Corporación Municipal de Colina,These ads ran without a disclaimer,5434,1
967151270048795,Ricardo Díaz Cortés,Lizza Alejandra Aravena Briceño,5346,2
210367903088442,Bodegas San Francisco - BSF,These ads ran without a disclaimer,5179,1
106342842160507,Notwastechile,These ads ran without a disclaimer,5101,2
101214642950447,"Dr,Mikle C",These ads ran without a disclaimer,5061,1
104863421378716,Eduardo Tellez - Ingenia,These ads ran without a disclaimer,5061,1
100873296336985,Raisa Martinez Unidad para Chile - Rancagua.,Dany Gilberto,5024,1
184630646453529,Ramón Espinoza 2024,Ramón Espinoza,5000,1
101024868796711,Partido de la Gente Región Metropolitana,Fernando Torres Silva,5000,1
588254484649623,Pablo Gonzalez - Concejal,Pablo Andrés González Vega,5000,1
101076618579130,"Rodrigo Salazar Jimenez, Concejal por Mariquina",Rodrigo Francisco Salazar Jiménez,5000,1
103448174748810,Marcia Yañez Mendoza Siempre Contigo,Marcia Alejandra Yañez Mendoza,5000,1
296514567378265,Luis Ibacache,Alejandra Riquelme Fernández,5000,1
121285867567137,ROSA MARIA OJEDA M,ACCION HUMANISTA,5000,1
391942677830037,Henry Leal Bizama,Henry Leal Bizama,4999,1
104991644797783,Sergio González Méndez,Sergio Mauricio González Méndez,4998,1
2099771306943553,ACOGE Consultores,ACOGE CONSULTORES,4996,1
110463704610731,Cute Kiwi,These ads ran without a disclaimer,4964,7
106832122350158,conadecus,These ads ran without a disclaimer,4892,1
419733491878944,Pewün compostaje,These ads ran without a disclaimer,4858,1
101172636244002,YoAnulo,These ads ran without a disclaimer,4839,1
117294781353895,papa_patrimonio,These ads ran without a disclaimer,4828,1
206977495995474,ANDA - Asociación Nacional de avisadores,These ads ran without a disclaimer,4828,1
1544524942457436,Iván Flores García,Iván Alberto Flores García,4800,1
261688417788577,Christian Vasquez RN,These ads ran without a disclaimer,4796,1
276495626058232,En Tu Propia Late,Jose Luis Silva,4787,1
357353037620018,UVirtual,These ads ran without a disclaimer,4779,5
704316149961566,Página 19,Marco Antonio Machuca Bezares,4670,2
421215894944040,Paola Chávez CORE Provincia Cordillera.,These ads ran without a disclaimer,4609,1
100212501623545,Liset Quilodrán Consejera constitucional,Paulina Andrea González Vargas,4494,1
110767418645890,Dr.Celsia Wr.,These ads ran without a disclaimer,4441,1
106348682400630,Nova - AI Chatbot,These ads ran without a disclaimer,4425,4
105962808801596,IZZY - Stream Israel,These ads ran without a disclaimer,4329,7
150581112024928,Cultura Puerto Montt - Diego Rivera,These ads ran without a disclaimer,4231,1
1939623623024575,Meliden Los Andes,These ads ran without a disclaimer,4185,1
101856316242277,Diputado Cosme Mellado,Cosme Mellado Pino,4140,1
102261899525247,forsa_maule,These ads ran without a disclaimer,4066,2
107475414174704,Montes Wines,These ads ran without a disclaimer,4049,1
112209698034616,autodespidopuntocom,These ads ran without a disclaimer,4034,1
733998890144801,Diario de Osorno,These ads ran without a disclaimer,4023,1
103908716019486,oscarxlosrios,These ads ran without a disclaimer,4023,1
104615144408979,andra_banks,These ads ran without a disclaimer,4008,1
967151270048795,Ricardo Díaz Cortés,These ads ran without a disclaimer,3933,1
743915209074928,Abogados Laborales Osorno.,These ads ran without a disclaimer,3782,1
168872229926629,Mario Undurraga Consejero Constitucional,These ads ran without a disclaimer,3743,1
107472658958129,Cecilia Cárdenas Consejera Constitucional,These ads ran without a disclaimer,3713,1
102784916122371,Dr. Antonio H,These ads ran without a disclaimer,3643,1
1832817333710502,Diario ID,Cesar Enrique Alvarez Castillo,3600,4
100979089555293,Jose Bedoya,These ads ran without a disclaimer,3597,12
471061386586126,Fertor,These ads ran without a disclaimer,3589,1
100942448494149,Fernanda Pinochet,These ads ran without a disclaimer,3479,1
112695503737810,interrogo19,These ads ran without a disclaimer,3476,1
151676178849005,Felipe Donoso Castro,Felipe Guillermo Donoso Castro,3326,1
257822948228305,Enel X,These ads ran without a disclaimer,3239,1
109592828769107,Dr.Ernesta Rt.,These ads ran without a disclaimer,3233,1
107591702149758,revista_stultifera_navis,These ads ran without a disclaimer,3228,2
107983275033435,Hilam Arauco,These ads ran without a disclaimer,3218,1
112502017193632,SanofiChile,These ads ran without a disclaimer,3218,2
102984361463961,Igrow Academy,These ads ran without a disclaimer,3218,11
103235872684467,aminovias_ksb,These ads ran without a disclaimer,3207,2
224323558046810,Escuelita De Lenguaje Mamiña - Iquique,These ads ran without a disclaimer,3176,1
108625789179165,Soi Dog Foundation,These ads ran without a disclaimer,3170,2
420916501408724,Smart City Expo Latam Congress,These ads ran without a disclaimer,3104,2
1575804862459695,Fidel Edgardo Espinoza Sandoval,Fidel Edgardo Espinoza Sandoval,3068,1
109709095423762,Dr.Jone S,These ads ran without a disclaimer,3036,1
1790498094378746,Juan Manuel Carrasco E20,These ads ran without a disclaimer,3036,2
122270234471211,MIT Professional Education,These ads ran without a disclaimer,3009,3
103788115244726,"Partido Liberal, Región de La Araucanía",Carlos Manuel Fuentes Del Valle,3000,1
11317582410,El Repuertero,MiVoz.cl,2998,3
101570782846825,Unidad Ozono Ministerio del Medio Ambiente Chile,These ads ran without a disclaimer,2977,1
110094312074543,Alerta_ciudadana,These ads ran without a disclaimer,2972,1
101449098523032,Juan Vilches Concejal,Juan Francisco Vilches,2951,1
82928774489,Panda Security,These ads ran without a disclaimer,2940,4
101915952829830,María Pardo Vergara,These ads ran without a disclaimer,2875,1
104047191400738,Partido de la Gente - Distrito 25,Partido de la Gente - Distrito 25,2854,1
1465646276779035,Los Secretos Judíos,These ads ran without a disclaimer,2840,5
101443721586040,lacasa8astrologia,These ads ran without a disclaimer,2830,2
111510531866274,Automotora Galem Illapel,These ads ran without a disclaimer,2826,1
108187925571235,,These ads ran without a disclaimer,2764,1
548577435509026,d&b audiotechnik,These ads ran without a disclaimer,2664,1
102031959533458,Dr. Pablo  S,These ads ran without a disclaimer,2664,1
311368549779237,Orizon,These ads ran without a disclaimer,2617,1
1688599581390197,Pablo Albornoz Campusano,Pablo Gabriel Albornoz Campusano,2584,1
1123692814311983,Muni Valparaíso,Muni Valparaíso,2552,1
115120478216363,jorgeossandonrm,These ads ran without a disclaimer,2472,1
269529733388204,Jaime Vásquez Consejero,These ads ran without a disclaimer,2439,1
106705382387984,Dr. Chambers,These ads ran without a disclaimer,2416,1
380956822769489,_intrepida_,These ads ran without a disclaimer,2414,1
108915485452176,She's Mercedes Chile,These ads ran without a disclaimer,2414,1
107970838764187,LibredeJaulas,These ads ran without a disclaimer,2414,1
103172549436914,Noticias del mundo todos los días,These ads ran without a disclaimer,2411,1
100249739426308,Asociación Mundial de Periodistas,These ads ran without a disclaimer,2349,1
108631795527347,Dr. Victoria,These ads ran without a disclaimer,2341,1
105731148188087,The District of Fans,These ads ran without a disclaimer,2335,1
108741434881155,Seguros Sura Latam,These ads ran without a disclaimer,2315,1
165251946961600,Partido Comunes   Los Lagos,These ads ran without a disclaimer,2156,1
105052014913411,centro.moebius,These ads ran without a disclaimer,2026,1
112640078461940,Dr.Andriano JH,These ads ran without a disclaimer,2024,1
111660622866921,Ikonnex,These ads ran without a disclaimer,2000,1
108178312103,El Vacanudo,MiVoz.cl,1999,2
179070875549922,El Naveghable,MiVoz.cl,1999,2
447546772072326,Espíritu de Chile Wines,These ads ran without a disclaimer,1998,1
11005572919,La Opiñón,MiVoz.cl,1995,2
108961148798849,Fabian Rios,These ads ran without a disclaimer,1973,2
118045127905083,inojosagonzalo,These ads ran without a disclaimer,1941,1
106847638932154,기후산업국제박람회 WCE 2023,These ads ran without a disclaimer,1920,1
612175569441162,Cervezas del Mundo,These ads ran without a disclaimer,1917,1
105607552434777,Instalador Solar,These ads ran without a disclaimer,1895,1
22898109808,Grist.org,These ads ran without a disclaimer,1893,1
106726445026786,datomigrante,These ads ran without a disclaimer,1849,1
117922741256347,Alvaro Ojeda Consejero Constitucional,Alvaro Fabian Ojeda Alvarado,1788,1
316056528999754,Periodistas x el planeta,These ads ran without a disclaimer,1769,4
2051067445198623,APLANET,These ads ran without a disclaimer,1759,2
106596641006753,GeoRuston SpA,These ads ran without a disclaimer,1694,1
103404685915654,nuevaaurorachile,These ads ran without a disclaimer,1693,1
151224044982782,Concejal Rosales - La Florida,These ads ran without a disclaimer,1670,1
543592879367557,Estudio Jurídico MV,These ads ran without a disclaimer,1614,1
152914224736727,Banco Mundial,These ads ran without a disclaimer,1609,4
109192571757090,dnablock.ai,These ads ran without a disclaimer,1609,1
109613811893240,Aiby • AI Art & Avatar Generator,These ads ran without a disclaimer,1609,1
103594789380402,todoviajeturismo,These ads ran without a disclaimer,1609,1
172105182808485,Ivon Guerra Consejera,These ads ran without a disclaimer,1586,5
100474735184160,eugeniofierro.g,These ads ran without a disclaimer,1566,1
108977081439733,Maru Digitals,These ads ran without a disclaimer,1448,1
103641930926,Mazda Chile,These ads ran without a disclaimer,1416,2
103896499354030,Olga Arzola,These ads ran without a disclaimer,1400,1
105900552270698,Sofia Adara,These ads ran without a disclaimer,1352,9
108663558065802,La chica del Pañuelo Púrpura,These ads ran without a disclaimer,1352,1
256214294989170,DaleProfe,These ads ran without a disclaimer,1328,3
102208399355425,Probank Chile,These ads ran without a disclaimer,1316,1
111350838613001,alihuenantileo,These ads ran without a disclaimer,1291,1
108860388638119,MixDigital,These ads ran without a disclaimer,1273,1
110796114911902,sparktalents,These ads ran without a disclaimer,1261,1
115895401463440,Entretenimiento,These ads ran without a disclaimer,1238,6
106766455595735,Salon Solutions - Soluciones digitales para tu negocio,These ads ran without a disclaimer,1226,1
332667210908988,Quiero Mi Entrada,These ads ran without a disclaimer,1222,1
200768054063541,Concejal Fernando Alcantara B,Fernando Enrique Alcantara Barrios,1198,1
102850669452384,Valeria Amanda Ochoa Hinrichsen,These ads ran without a disclaimer,1179,1
146822255731958,Fast Travel Games,These ads ran without a disclaimer,1178,1
109932355268172,Smart Trader Academy,These ads ran without a disclaimer,1146,1
1377080182541102,Retidiag,These ads ran without a disclaimer,1138,1
101207042830959,auto.car.cl,These ads ran without a disclaimer,1090,1
101155476033811,Somos Cambio,These ads ran without a disclaimer,1090,1
804269799722671,Libro Verde,These ads ran without a disclaimer,1060,2
317101858305127,Noches a GOGO,These ads ran without a disclaimer,1049,1
1359136157453700,Bere Ramos,These ads ran without a disclaimer,1046,6
103761829139784,ps.camilacarcamo,These ads ran without a disclaimer,1034,1
101907586066816,Caminar con Propósito,These ads ran without a disclaimer,1032,1
110757408532444,Hotel Ibis Styles antofagasta,These ads ran without a disclaimer,1015,1
435948903492572,Pudahuel Joven,These ads ran without a disclaimer,1000,1
356808844426,El Martutino,MiVoz.cl,1000,1
285507651910599,Fundación ConTrabajo,These ads ran without a disclaimer,930,1
100411405711253,dailer_batista,These ads ran without a disclaimer,925,1
392467860960544,Corporación Cultural El Tren Arica,These ads ran without a disclaimer,897,1
113350260292016,Cristian Reyes Herrera,Cristian Reyes Herrera,897,1
140451442722331,Grupo Tesacom,These ads ran without a disclaimer,891,2
217578865420856,La Provincia TV,These ads ran without a disclaimer,891,1
102855416117939,Dr. Leo Murphy,These ads ran without a disclaimer,888,1
103934207741083,Selena Ryan,These ads ran without a disclaimer,886,1
108033654357334,Ocho comunicaciones,These ads ran without a disclaimer,877,1
110668218440647,isabellekettner,These ads ran without a disclaimer,862,1
104991644797783,Sergio González Méndez,These ads ran without a disclaimer,837,1
108910541434204,Unidad Para Chile EntreLagos,These ads ran without a disclaimer,823,1
147061608666648,Analitic Latam,These ads ran without a disclaimer,805,1
100956962558580,cid_celebrity_encounters808,These ads ran without a disclaimer,805,1
107689018776768,Yonodijeeso Radio,These ads ran without a disclaimer,805,1
104079505864780,Kiki Fuenmayor,These ads ran without a disclaimer,805,1
105139912515190,Nora Viñas Godoy,Nora Luisa Viñas Godoy,805,1
100374392742057,Weregreenly- Magazine,These ads ran without a disclaimer,789,35
105363811718691,Vertientes del Sur,These ads ran without a disclaimer,776,1
112367426894013,carinacastrofumeronp,These ads ran without a disclaimer,774,1
100729466033956,Novenavisión Araucanía,These ads ran without a disclaimer,761,1
120225424348569,Phillip & Martins - by Emrhys,These ads ran without a disclaimer,753,1
796821034041692,Luxury Nails Factory,These ads ran without a disclaimer,664,1
306808303586174,Clare Bonnard,These ads ran without a disclaimer,660,1
358442097543367,Materia,These ads ran without a disclaimer,622,5
112731733833728,Familias: Ahora,These ads ran without a disclaimer,560,1
103902772675099,Paola Noboa,These ads ran without a disclaimer,547,21
106479318153202,climatetracker_es,These ads ran without a disclaimer,547,3
100718379248491,Solución Legal Alfaro. Abogados,These ads ran without a disclaimer,484,1
63306224439,Trip.com,These ads ran without a disclaimer,475,1
250305668489402,Professor Kenny,These ads ran without a disclaimer,469,7
109888808553507,Neol,These ads ran without a disclaimer,466,2
124111897273223,illuminatisupreme97,These ads ran without a disclaimer,459,1
101888068052866,Tienda Jechu - María Jesús,These ads ran without a disclaimer,451,1
100424389465951,Esporas,These ads ran without a disclaimer,423,1
109138024144541,Nuestrapraxis Revista de investigación interdiscplinaria y Crítica Jurídica,These ads ran without a disclaimer,422,1
774547935953940,Seafood Show,These ads ran without a disclaimer,399,3
100770342777002,gigantessinfronteras,These ads ran without a disclaimer,394,1
184972574890976,Sec. de Extensión FCE-UNC,These ads ran without a disclaimer,388,1
108847172131873,Claudio Ferrada x Ñuble,These ads ran without a disclaimer,378,1
101310962527401,repsilientes,These ads ran without a disclaimer,377,1
338498942920820,WWF Chile,These ads ran without a disclaimer,374,1
101961949472280,fuente.primaria,These ads ran without a disclaimer,366,1
115319861434823,Inversiones San Javier Ltda,These ads ran without a disclaimer,362,2
140901935995805,Animal Care - ACWS.,These ads ran without a disclaimer,359,1
144035276504590,Jardín infantil Carita de Luna,These ads ran without a disclaimer,345,1
117174568006222,prohibido virar a la derecha,These ads ran without a disclaimer,345,1
105434295876078,redjuafro.lac,These ads ran without a disclaimer,330,1
104856655911985,inode_chile,These ads ran without a disclaimer,328,1
286255651767382,Colbún Energía,These ads ran without a disclaimer,322,1
115813078140345,Amigurumis lindos,These ads ran without a disclaimer,321,5
644619142352278,Volvo Construction Equipment Hispanoamérica,These ads ran without a disclaimer,321,2
116853304702922,esgporlanapinheiro,These ads ran without a disclaimer,321,1
1434475783438153,Magical,These ads ran without a disclaimer,316,4
350271848680252,Abracaral,These ads ran without a disclaimer,312,1
1823807254333065,Soy Más País,These ads ran without a disclaimer,307,1
1242000152517734,WoomUp,These ads ran without a disclaimer,307,1
100347019683490,Info Claro,These ads ran without a disclaimer,306,1
199897540054379,Félix Gracia,These ads ran without a disclaimer,293,1
104242488953576,ilumarce,These ads ran without a disclaimer,290,1
103693671901738,kariwidemann,These ads ran without a disclaimer,285,1
103438224772862,Lucio Sanhueza Hardessen,Lucio Sanhueza Hardessen,273,1
105909719150381,study.con.ciencia,These ads ran without a disclaimer,257,1
278107146130816,Conciencia Clásica,These ads ran without a disclaimer,249,1
110132152354600,CADAL,These ads ran without a disclaimer,241,4
108258998739587,I Did not know,These ads ran without a disclaimer,233,9
101436044789330,pato.cine,These ads ran without a disclaimer,224,1
108342242188076,𝐸𝒹𝓊𝒸𝒶𝒸𝒾𝑜𝓃 𝓅𝒶𝓇𝒶 𝓉𝓊 𝐹𝓊𝓉𝓊𝓇𝑜,These ads ran without a disclaimer,222,1
771462172882741,OnePath Network,These ads ran without a disclaimer,213,2
494354027360929,Dirección de Educación Continua Pontificia Universidad Javeriana Bogotá,These ads ran without a disclaimer,212,1
108061471650955,SoluTec,These ads ran without a disclaimer,206,5
109678805152565,Lilibeth Huerta,These ads ran without a disclaimer,203,1
408999562611867,Grupo Uqhary Arica,These ads ran without a disclaimer,197,1
115652281405063,mentalhealthwithkiara,These ads ran without a disclaimer,193,1
134331253305084,ITI International Team for Implantology,These ads ran without a disclaimer,189,1
151491248245704,Corferias,These ads ran without a disclaimer,188,2
499413494191734,martinianoterragni,These ads ran without a disclaimer,187,1
113423241733053,Group Energy Solar,These ads ran without a disclaimer,177,1
111542721915368,Naturalmente bella,These ads ran without a disclaimer,174,2
120460525135389,Educational Partners International,These ads ran without a disclaimer,169,1
131602424169035,Oxfam en Español,These ads ran without a disclaimer,169,1
208877899663307,Symborg Chile,These ads ran without a disclaimer,165,1
1484086678554426,MobDica,These ads ran without a disclaimer,161,1
488517991163574,Crianças de Terreiros.  Fotoetnografia Miúda #KékeréUERJ,These ads ran without a disclaimer,161,1
118942881143249,Raffro Fernandes,These ads ran without a disclaimer,161,2
102630459184626,Ju no Mundo,These ads ran without a disclaimer,161,1
103703778483575,soldevanita,These ads ran without a disclaimer,161,2
104630912620139,historia.ordenmundial,These ads ran without a disclaimer,150,1
2316138265096150,Marcelo.escritos,These ads ran without a disclaimer,148,1
820262131363591,Arabi21 - عربي21,These ads ran without a disclaimer,145,1
373791636595622,Alberto López Canalizador,These ads ran without a disclaimer,142,1
186853578844492,Grabados Claudia Blanco,These ads ran without a disclaimer,138,1
161516273891492,Coopeuch,These ads ran without a disclaimer,135,2
1653909801579177,La Picá del Diseñador,These ads ran without a disclaimer,127,1
104722751816273,Diplomatura en Bioarquitectura,These ads ran without a disclaimer,124,3
109252635423688,latidokreativo,These ads ran without a disclaimer,114,1
102253235647259,Futbolete - Revista,These ads ran without a disclaimer,113,1
150242128346693,SURA Latam,These ads ran without a disclaimer,≤100,1
112286191122941,Princesadebano,These ads ran without a disclaimer,≤100,2
2279264422124393,Vibra Latina Houston,These ads ran without a disclaimer,≤100,3
102921326068042,peregrinos_br,These ads ran without a disclaimer,≤100,1
108008248880502,Gloria Paredes Diaz,These ads ran without a disclaimer,≤100,1
107527778996813,Olga Arzola  Constituyente Ñuble,These ads ran without a disclaimer,≤100,1
100470412281645,Gerovit Company,These ads ran without a disclaimer,≤100,1
109062097945462,Radio aurora Boreal,These ads ran without a disclaimer,≤100,1
102182361753225,Remotely Latam,These ads ran without a disclaimer,≤100,1
640089569347286,"New Zealand Embassy, Mexico City",These ads ran without a disclaimer,≤100,1
1939556752826671,El Fenix Puq,These ads ran without a disclaimer,≤100,1
101950222829704,pablopomareda,These ads ran without a disclaimer,≤100,1
101304192456744,carososky,These ads ran without a disclaimer,≤100,1
111967013731903,Goldwind,These ads ran without a disclaimer,≤100,2
101958599473285,Or HaOlam - אור העולם - Luz del Mundo,These ads ran without a disclaimer,≤100,1
110336638100765,El Archivo - Periodismo de investigación,These ads ran without a disclaimer,≤100,1
110764418470615,Pomì South America,These ads ran without a disclaimer,≤100,1
747420075340256,El Agricultor Primero,These ads ran without a disclaimer,≤100,1
251699338005,Revista Cartel Urbano,These ads ran without a disclaimer,≤100,2
105494315161744,talkdiplomacy,These ads ran without a disclaimer,≤100,4
1702138929926817,Mongabay Latam,These ads ran without a disclaimer,≤100,7
106521037944872,actitudhelloworld,These ads ran without a disclaimer,≤100,1
1027692830618537,Soul Alchemy by Carolina Israel,These ads ran without a disclaimer,≤100,1
276258675740237,Visma LatAm,These ads ran without a disclaimer,≤100,1
115156733661685,Moriah Center,These ads ran without a disclaimer,≤100,1
100520825048827,Movant Connection,These ads ran without a disclaimer,≤100,3
282609205261913,Soy Rico,These ads ran without a disclaimer,≤100,1
144639479449243,Ambiente de Leitura Carlos Romero,These ads ran without a disclaimer,≤100,2
100685516644957,Fundación Foro,These ads ran without a disclaimer,≤100,1
105186491441647,Alvaro Narvaez Diaz,These ads ran without a disclaimer,≤100,1
113445351642100,sealilqueen,These ads ran without a disclaimer,≤100,1
1592003297717172,Völmark Chile,These ads ran without a disclaimer,≤100,1
101459974844546,Jump_conf,These ads ran without a disclaimer,≤100,1
104244112075130,Newsba.ar,These ads ran without a disclaimer,≤100,1
306232446505213,Noches de Ciberseguridad,These ads ran without a disclaimer,≤100,1
112181730306701,Salfa Mack Trucks Chile,These ads ran without a disclaimer,≤100,2
110980888642151,Twibbon April,These ads ran without a disclaimer,≤100,4
346580452129300,Vinilit by aliaxis,These ads ran without a disclaimer,≤100,1
100617472209320,La Guachafita,These ads ran without a disclaimer,≤100,1
118750257821523,Yep-21,These ads ran without a disclaimer,≤100,1
102712641857828,Our Funny Little Site Studio,These ads ran without a disclaimer,≤100,1
102415047928145,Shanghai Electric,These ads ran without a disclaimer,≤100,5
489375091597293,rca.architecture,These ads ran without a disclaimer,≤100,1
154680184946903,Superplastic,These ads ran without a disclaimer,≤100,1
121027706313,GlobalSpec,These ads ran without a disclaimer,≤100,1
1065252286883009,Makur Majeng,These ads ran without a disclaimer,≤100,1
1220664628029647,Vets United programme,These ads ran without a disclaimer,≤100,1
1580082582270698,General Auditing Commission,These ads ran without a disclaimer,≤100,1
208637116010079,Geely Auto,These ads ran without a disclaimer,≤100,1
112675286764083,Aggregates Business,These ads ran without a disclaimer,≤100,1
105448452269780,Lifestylecog,These ads ran without a disclaimer,≤100,1
100696535974513,Somos U'wa,These ads ran without a disclaimer,≤100,1
104444237650160,برنامج مع الرئيس,These ads ran without a disclaimer,≤100,1
104571188687767,Chill Read,These ads ran without a disclaimer,≤100,1
104593458269168,Your Daily Fun Break,These ads ran without a disclaimer,≤100,2
140280689337896,Escuela de Posgrados en Comunicación - Universidad Austral,These ads ran without a disclaimer,≤100,3
479285342097950,AeroTime,These ads ran without a disclaimer,≤100,1
312898778847834,TERRAM PACIS,These ads ran without a disclaimer,≤100,1
102300279228311,MadeinChina,These ads ran without a disclaimer,≤100,1
100946331929105,Schola Palatina,These ads ran without a disclaimer,≤100,1
107553662058080,Germano Romero,These ads ran without a disclaimer,≤100,2
103839532641308,2023 FCE 13,These ads ran without a disclaimer,≤100,1
111720791841860,El1,These ads ran without a disclaimer,≤100,1
111196441899324,Casas Solares,These ads ran without a disclaimer,≤100,6
2316804725260574,Readyer,These ads ran without a disclaimer,≤100,1
805499066304399,Centre for International Studies and Development,These ads ran without a disclaimer,≤100,1
117329984641743,C301-29,These ads ran without a disclaimer,≤100,1
108563024676088,COOLT,These ads ran without a disclaimer,≤100,1
609947459466638,Alex Ruelas,These ads ran without a disclaimer,≤100,1
113810968321305,Yep-10,These ads ran without a disclaimer,≤100,1
369479089905524,Shane Mahoney,These ads ran without a disclaimer,≤100,1
100301029708896,mimlatam,These ads ran without a disclaimer,≤100,1
1673669186277733,Freeda,These ads ran without a disclaimer,≤100,1
105120515890086,C-pro-01,These ads ran without a disclaimer,≤100,1
112220134851421,Under the Sisterhood,These ads ran without a disclaimer,≤100,1
226340004415678,Hook and Net,These ads ran without a disclaimer,≤100,1
104160934265925,State of Denmark,These ads ran without a disclaimer,≤100,1
191236380952424,Patricia Chabot Producciones,These ads ran without a disclaimer,≤100,1
365038286972781,Jubileosuramericas,These ads ran without a disclaimer,≤100,1
142329112477770,البنك الدولي,These ads ran without a disclaimer,≤100,1
102726742143749,Articulación para el desarrollo de la Región Ica,These ads ran without a disclaimer,≤100,1
115261629106846,Jesús A. Losana,These ads ran without a disclaimer,≤100,1
119449384850588,Viacredi Alto Vale - Ailos,These ads ran without a disclaimer,≤100,1
109618608579864,All beautiful things,These ads ran without a disclaimer,≤100,4
102280836150692,Aprendeyemprendeonline,These ads ran without a disclaimer,≤100,1
727274947350582,Diario Tierramarillano,These ads ran without a disclaimer,≤100,2
113371165037158,Wsp34,These ads ran without a disclaimer,≤100,1
168784053795347,Fondo Monetario Internacional,These ads ran without a disclaimer,≤100,1
150793518281117,Covestro,These ads ran without a disclaimer,≤100,3
1009396849268101,Contreras Arquitectura,These ads ran without a disclaimer,≤100,1
1244705842263957,World Highways,These ads ran without a disclaimer,≤100,2
1606155556168996,Si Amo Afrin,These ads ran without a disclaimer,≤100,1
114171078309855,Dr Daniel v,These ads ran without a disclaimer,≤100,1
256172641494184,Imperivm,These ads ran without a disclaimer,≤100,1
106170661628518,香港V,These ads ran without a disclaimer,≤100,1
102207552798601,Youth clicks,These ads ran without a disclaimer,≤100,1
101459741907326,Jerusalem Online - Culture,These ads ran without a disclaimer,≤100,1
108807998337182,Hospital Felino Madrid,These ads ran without a disclaimer,≤100,1
119071504461552,2023 FCE 18,These ads ran without a disclaimer,≤100,1
177854402389449,Imdosoc,These ads ran without a disclaimer,≤100,1
104368422598347,Card VPN,These ads ran without a disclaimer,≤100,3
1619251248368058,Falso Budismo: Lamaismo Tibetano,These ads ran without a disclaimer,≤100,1
102470965836621,Sustainability MDPI,These ads ran without a disclaimer,≤100,2
112736661782449,Z-64-pro,These ads ran without a disclaimer,≤100,2
123465590650551,Allied Health Group USA,These ads ran without a disclaimer,≤100,2
117039841320523,Big Pink Youth Dialogue,These ads ran without a disclaimer,≤100,1
103350785173837,machadoh7,These ads ran without a disclaimer,≤100,1
111014438406253,Trendyspread shop1,These ads ran without a disclaimer,≤100,2
387287078528,Líder Moderno,These ads ran without a disclaimer,≤100,1
102265852805205,Agricultores Latinos en Canadá,These ads ran without a disclaimer,≤100,1
102964102556890,Bettermanly - Magazine page 2,These ads ran without a disclaimer,≤100,1
75608370019,United States Institute of Peace,These ads ran without a disclaimer,≤100,1
103844595298374,Salam_Spain 2,These ads ran without a disclaimer,≤100,1
101233621344807,adrianaleota8law,These ads ran without a disclaimer,≤100,1
1422513341405155,TAY,These ads ran without a disclaimer,≤100,1
105686442303512,CTGI,These ads ran without a disclaimer,≤100,1
100689636310150,Waokeem-EU,These ads ran without a disclaimer,≤100,3
981831218568015,PHB Chile,These ads ran without a disclaimer,≤100,1
107863022280731,Lin-bmd-06,These ads ran without a disclaimer,≤100,1
100408139141307,Concerts Lovers,These ads ran without a disclaimer,≤100,1
1482560595379392,Whakamua,These ads ran without a disclaimer,≤100,1
106132295753752,C301-13,These ads ran without a disclaimer,≤100,1
130592353658239,Avery Dennison,These ads ran without a disclaimer,≤100,1
194886144517585,Solid English School,These ads ran without a disclaimer,≤100,1
102491502776287,Nancy Proxy,These ads ran without a disclaimer,≤100,1
104008971232992,medinaabner555,These ads ran without a disclaimer,≤100,1
102535489433789,ev_latam,These ads ran without a disclaimer,≤100,1
561815680508842,"Shurya - Meditacion, relajación y sabiduria",These ads ran without a disclaimer,≤100,1
110604015286361,Beckman Coulter Life Sciences LATAM,These ads ran without a disclaimer,≤100,3
403809103705759,Books and Cups,These ads ran without a disclaimer,≤100,1
8428544759,Six Degrees Records,These ads ran without a disclaimer,≤100,4
315543515306,Jing Daily,These ads ran without a disclaimer,≤100,1
102489301880877,Escritora Melina Fuenmayor.,These ads ran without a disclaimer,≤100,1
107574164472383,CSGI,These ads ran without a disclaimer,≤100,1
109490318648356,JMSE MDPI,These ads ran without a disclaimer,≤100,1
100966486285059,C301-18,These ads ran without a disclaimer,≤100,1
100453195911867,BOCADITOS ESPIRITUALES PARA MEDITAR.,These ads ran without a disclaimer,≤100,1
118414067864911,C301-22,These ads ran without a disclaimer,≤100,1
1556259461269806,Shareably,These ads ran without a disclaimer,≤100,1
171522852874952,Juventus,These ads ran without a disclaimer,≤100,1
100443792318596,PremieRpet Latam,These ads ran without a disclaimer,≤100,1
333141140132864,China.org.cn,These ads ran without a disclaimer,≤100,1
109234018766722,Arkad-03,These ads ran without a disclaimer,≤100,2
1215954961915796,RumiNews España,These ads ran without a disclaimer,≤100,1
108535778792153,Evang. Akwaha,These ads ran without a disclaimer,≤100,1
103329418960692,Energies MDPI,These ads ran without a disclaimer,≤100,2
546533708879734,TECH TREND PRO,These ads ran without a disclaimer,≤100,1
183818095119937,Aire Nuestro,These ads ran without a disclaimer,≤100,1
116355337718182,Moli lulu,These ads ran without a disclaimer,≤100,2
216741958412414,Avon Worldwide,These ads ran without a disclaimer,≤100,1
129330040611450,Empow'Her Global,These ads ran without a disclaimer,≤100,1
110958585258730,2023 FCE 19,These ads ran without a disclaimer,≤100,1
110251704784438,The Ashley Lashley Foundation,These ads ran without a disclaimer,≤100,1
105890128155344,Hidroponía Completo,These ads ran without a disclaimer,≤100,1
1683682261907001,Coach Aylana Gazar,These ads ran without a disclaimer,≤100,1
1582097658746272,safe2choose,These ads ran without a disclaimer,≤100,1
139681112726364,Boletín de la Computación,These ads ran without a disclaimer,≤100,1
669307523469574,EveryJew,These ads ran without a disclaimer,≤100,1
102269861749574,"KILL, THE ICON",These ads ran without a disclaimer,≤100,1
103532292462368,WIRED en español,These ads ran without a disclaimer,≤100,2
156279764411149,Times Higher Education,These ads ran without a disclaimer,≤100,1
112757083778788,"Economic Daily, China",These ads ran without a disclaimer,≤100,2
103347622684104,Magic1674-02,These ads ran without a disclaimer,≤100,1
315052892482848,Minerva Foods Latam,These ads ran without a disclaimer,≤100,1
112107421825902,suadyouthcop,These ads ran without a disclaimer,≤100,2
108248861009872,Método RESPEM,These ads ran without a disclaimer,≤100,1
429957570419097,Professor Israel,These ads ran without a disclaimer,≤100,1
1102199946478493,Spotlight,These ads ran without a disclaimer,≤100,1
102382772020688,Inspenet,These ads ran without a disclaimer,≤100,2
114751934918631,Lin-bmd-04,These ads ran without a disclaimer,≤100,2
120223804387904,dailypositivityboost,These ads ran without a disclaimer,≤100,1
112385451842038,educbrecha,These ads ran without a disclaimer,≤100,1
155174084508744,Banque mondiale,These ads ran without a disclaimer,≤100,2
101005388841706,Lemu,These ads ran without a disclaimer,≤100,1
104495545637352,Vision,These ads ran without a disclaimer,≤100,1
128460617656602,eeDesignIt,These ads ran without a disclaimer,≤100,2
72149536933,SKF,These ads ran without a disclaimer,≤100,2
1642929092406128,Knowable Magazine,These ads ran without a disclaimer,≤100,1
111132794348779,That Happened,These ads ran without a disclaimer,≤100,1
101179095098420,Zone Optimum Health,These ads ran without a disclaimer,≤100,1
106843828862974,Worlds knoledge,These ads ran without a disclaimer,≤100,2
104099512361482,Funnies Now - Magazine,These ads ran without a disclaimer,≤100,2
378875359494716,NutriNews España,These ads ran without a disclaimer,≤100,2
105629949125162,2023 FCE 14,These ads ran without a disclaimer,≤100,2
237975466283714,Universidad UNIACC,These ads ran without a disclaimer,≤100,1
117735448311,"Cell Signaling Technology, Inc.",These ads ran without a disclaimer,≤100,2
114925276555625,Angie Bru - Trabajar En Alemania,These ads ran without a disclaimer,≤100,1
560697324034897,Método Arcón,These ads ran without a disclaimer,≤100,1
8002590959,Rainforest Action Network - RAN,These ads ran without a disclaimer,≤100,4
131189377574,MDPI,These ads ran without a disclaimer,≤100,1
103659765532260,華夏focus,These ads ran without a disclaimer,≤100,1
105012451157797,Uniathena - Short Courses,These ads ran without a disclaimer,≤100,1
101054365776547,Charming Changzhou,These ads ran without a disclaimer,≤100,1
104433997637460,Ben & Frank,These ads ran without a disclaimer,≤100,1
108269868283977,Audiohistorias de Israel,These ads ran without a disclaimer,≤100,2
608650595820049,The Conqueror Challenges,These ads ran without a disclaimer,≤100,1
983135718420987,Visit Jiangsu,These ads ran without a disclaimer,≤100,1
114117114921509,C301-17,These ads ran without a disclaimer,≤100,1
104512079281534,Sueño Fácil,These ads ran without a disclaimer,≤100,1
100133042448587,Sneaker Toast Magazine,These ads ran without a disclaimer,≤100,2
106467527978267,Dr. Fernando Araos Dattoli,These ads ran without a disclaimer,≤100,1
256346654515877,Mercury Marine Latin America/Caribbean,These ads ran without a disclaimer,≤100,1
100146858886646,Sol Reyna Girouard,These ads ran without a disclaimer,≤100,1
106653035600035,El Gonso,These ads ran without a disclaimer,≤100,1
17973644177,Global Peace Foundation,These ads ran without a disclaimer,≤100,1
137223326998592,Ashleyjtoddblog,These ads ran without a disclaimer,≤100,1
19746387261,Humane Society International,These ads ran without a disclaimer,≤100,1
287842647957979,EU International Partnerships,These ads ran without a disclaimer,≤100,1
149290745229517,Online Antisemitism Task Force,These ads ran without a disclaimer,≤100,1
105318018396730,HEMOFILIA EN POSITIVO,These ads ran without a disclaimer,≤100,1
161167493927857,Asociación Educar,These ads ran without a disclaimer,≤100,1
106313092408190,Michelle Jota VBE,These ads ran without a disclaimer,≤100,1
476179919621255,Misbar - مسبار,These ads ran without a disclaimer,≤100,1
17043549797,MIT Technology Review,These ads ran without a disclaimer,≤100,4
114005951660520,Curso de casas solares,These ads ran without a disclaimer,≤100,1
354397697217,IEEE Xplore,These ads ran without a disclaimer,≤100,1
224597158386607,Rosa Luxemburg Foundation,These ads ran without a disclaimer,≤100,3
368119983327926,العربي الجديد,These ads ran without a disclaimer,≤100,1
285530825204,Klitschko,These ads ran without a disclaimer,≤100,3
112127407587226,Sea to Savanna Photography,These ads ran without a disclaimer,≤100,1
435272526866135,North American Kurdish Alliance - NAKA,These ads ran without a disclaimer,≤100,1
1518216038506999,CRI - Rádio Internacional da China,These ads ran without a disclaimer,≤100,1
117542301271022,Lst31,These ads ran without a disclaimer,≤100,1
108392781956359,jpailahueque,These ads ran without a disclaimer,≤100,1
105712152391313,Hispanic Kids' Health,These ads ran without a disclaimer,≤100,1
102962402632539,Jaime Parejo,These ads ran without a disclaimer,≤100,1
101803166221804,Lin-406-3,These ads ran without a disclaimer,≤100,1
106705349054596,Psicóloga Yarineth Cabarcas.,These ads ran without a disclaimer,≤100,1
31292782350,Deutschland.de,These ads ran without a disclaimer,≤100,5
112753131667100,Angie Mentoring,These ads ran without a disclaimer,≤100,1
101822272617934,Network Booster,These ads ran without a disclaimer,≤100,1
405379246524515,DHL Express,These ads ran without a disclaimer,≤100,2
102416722029565,"Innovate4Climate, I4C 2023 - Bilbao",These ads ran without a disclaimer,≤100,1
1820034408214697,envoPAP,These ads ran without a disclaimer,≤100,1
118818871156611,clubwudan,These ads ran without a disclaimer,≤100,1
200990963441531,Boredom Therapy,These ads ran without a disclaimer,≤100,1
106882027720933,Ugreen_Us,These ads ran without a disclaimer,≤100,1
114927444840026,C301-19,These ads ran without a disclaimer,≤100,1
179855312221800,SERNA GROUP,These ads ran without a disclaimer,≤100,2
8539814909,International Animal Rescue,These ads ran without a disclaimer,≤100,1
134479433307392,Votorantim Cimentos,These ads ran without a disclaimer,≤100,1
101289218907718,Web News,These ads ran without a disclaimer,≤100,2
101388509327100,Extra famous,These ads ran without a disclaimer,≤100,1
224043818346072,LEDS LAC,These ads ran without a disclaimer,≤100,2
100949305633793,Silent_High Quality113-V,These ads ran without a disclaimer,≤100,1
106722822373735,The Fun Insider,These ads ran without a disclaimer,≤100,2
450767021757580,Gilberto Atencio,These ads ran without a disclaimer,≤100,3
103992288141312,WingFoil Racing,These ads ran without a disclaimer,≤100,1
124275457632741,ElectronicSpecifier,These ads ran without a disclaimer,≤100,3
115138161487991,Surf Proxy,These ads ran without a disclaimer,≤100,1
115372331516732,Z-51-pro,These ads ran without a disclaimer,≤100,1
398303717610007,Sawa Organisation,These ads ran without a disclaimer,≤100,2
389976681048925,ECMIA,These ads ran without a disclaimer,≤100,1
105986175239619,Sea Creature Love,These ads ran without a disclaimer,≤100,4
104204428019174,Viajar es Mundial,These ads ran without a disclaimer,≤100,2
106824494733100,Simbaly - Lifestyle,These ads ran without a disclaimer,≤100,2
10606591490,TIME,These ads ran without a disclaimer,≤100,1
106053795460943,Tending Sands,These ads ran without a disclaimer,≤100,1
489179047956298,Allwork.Space,These ads ran without a disclaimer,≤100,2
114793458167821,T110-24,These ads ran without a disclaimer,≤100,1
109315958766990,Yuy-001,These ads ran without a disclaimer,≤100,1
94199711897,Hábitat para la Humanidad,These ads ran without a disclaimer,≤100,1
101584952237158,Fer Barcelar,These ads ran without a disclaimer,≤100,1
102998939765184,Persian bms,These ads ran without a disclaimer,≤100,1
111622410196045,State of Youth,These ads ran without a disclaimer,≤100,2
260505207474088,Libélula Cambio Climático,These ads ran without a disclaimer,≤100,2
101853479470366,Weregreenly,These ads ran without a disclaimer,≤100,3
79511407410,Mercedes-AMG Petronas F1 Team,These ads ran without a disclaimer,≤100,1
158644819154,EarthRights International,These ads ran without a disclaimer,≤100,1
114053828319874,HL Connection #3,These ads ran without a disclaimer,≤100,1
133945616646913,RioOnWatch.org,These ads ran without a disclaimer,≤100,2
1473321922884514,Chińskie Radio Międzynarodowe,These ads ran without a disclaimer,≤100,1
102552429455951,C301-41,These ads ran without a disclaimer,≤100,1
240252446158200,PainCast,These ads ran without a disclaimer,≤100,1
100272095783585,Visit Heilongjiang,These ads ran without a disclaimer,≤100,1
633246560165629,Fujifilm Global,These ads ran without a disclaimer,≤100,1
343786409509707,The East Gate,These ads ran without a disclaimer,≤100,1
71263708835,Diario El Comercio (Perú),These ads ran without a disclaimer,≤100,1
114950684872253,C301-27,These ads ran without a disclaimer,≤100,1
630406247597638,ImpactWayv,These ads ran without a disclaimer,≤100,1
428157337550611,ICMM,These ads ran without a disclaimer,≤100,1
153371894688575,World Bank,These ads ran without a disclaimer,≤100,1
105073207967492,CTG Perú,These ads ran without a disclaimer,≤100,2
194158830707748,Muerta en Vida,These ads ran without a disclaimer,≤100,1
114184975000819,Unexplained Beasts,These ads ran without a disclaimer,≤100,1
800194943688625,Mindful Gazette,These ads ran without a disclaimer,≤100,1
100175019675499,Yo Soy Romy Ortiz,These ads ran without a disclaimer,≤100,1
102933592779252,Spf-022,These ads ran without a disclaimer,≤100,1
105977145717781,Team Absolicon Solar Collector,These ads ran without a disclaimer,≤100,3
106765298897445,Mineração Inteligente,These ads ran without a disclaimer,≤100,1
1656590977890066,IDEO U,These ads ran without a disclaimer,≤100,1
84739343457,Motor.es,These ads ran without a disclaimer,≤100,1
107449908198813,Senior Coach - Psicogerontólogos,These ads ran without a disclaimer,≤100,1
122125810793113,Gam Speeder,These ads ran without a disclaimer,≤100,1
109062828734912,Юридические услуги,These ads ran without a disclaimer,≤100,1
115693791505455,岛屿农场游戏,These ads ran without a disclaimer,≤100,2
202655389892988,Coconut Wireless,These ads ran without a disclaimer,≤100,1
2480533842232920,POWERCHINA,These ads ran without a disclaimer,≤100,1
112156883567966,Dr. Luis Lizama,These ads ran without a disclaimer,≤100,2
101107716085656,BadPage04,These ads ran without a disclaimer,≤100,1
115602001493333,Z-50-pro,These ads ran without a disclaimer,≤100,1
722256984867966,Raytheon Missiles & Defense,These ads ran without a disclaimer,≤100,1
111889881892479,Alison Vega Pachas,These ads ran without a disclaimer,≤100,1
111071828580081,Wsp25,These ads ran without a disclaimer,≤100,1
116679401363112,Kelce Jam,These ads ran without a disclaimer,≤100,1
772854679419443,Karl Roussel,These ads ran without a disclaimer,≤100,1
111418244757560,Elecnova,These ads ran without a disclaimer,≤100,1
2216591401754577,EOSDA Crop Monitoring,These ads ran without a disclaimer,≤100,1
565225540184937,CGTN,These ads ran without a disclaimer,≤100,1
100970059574672,Bisexual.org en Español,These ads ran without a disclaimer,≤100,1
117697811288537,Super Master,These ads ran without a disclaimer,≤100,1
561401207312234,StartUs,These ads ran without a disclaimer,≤100,1
457161944345756,Sawa Organization مؤسسة سوا,These ads ran without a disclaimer,≤100,1
117777647908592,Casa de Cultura Os Capoeira - SP,These ads ran without a disclaimer,≤100,1
478297078923452,Big Easy Believer,These ads ran without a disclaimer,≤100,2
104764328592380,Raices Argentinas Swiss,These ads ran without a disclaimer,≤100,1
111201608012926,Elsevier para Profesionales de la Salud,These ads ran without a disclaimer,≤100,1
102208981705495,La gotita Chile,These ads ran without a disclaimer,≤100,1
110993941170214,ChidoBook,These ads ran without a disclaimer,≤100,1
121350964566751,DHL Motorsports,These ads ran without a disclaimer,≤100,1