Page ID,Page name,Disclaimer,Amount spent (COP),Number of ads in Library
103754197881668,Esteban Restrepo,Fredy Esteban Restrepo Taborda,36825323,21
308580499200723,Alcaldía de Medellín,Alcaldia de Medellìn,26326956,58
1059459884138781,Mauricio Tobón Franco.,Mauricio Tobón Franco,25888053,25
597006313643580,Gobernación del Valle del Cauca,Gobernación Valle del Cauca,24276807,25
370492339735164,Centro Democrático - Comunidad Oficial,Centro Democrático - Comunidad Oficial,22177493,43
195575853964886,Rodrigo Lara Restrepo,Movimiento Ciudadano Lara por Bogotá,18566153,77
108827338788235,Hernando Morales,POR LA DEFENSA DE CALI,18440456,53
1115184931884092,Albert Corredor,Albert Corredor,17034197,35
108379099286148,Alcaldía Mayor de Bogotá,Alcaldía Mayor de Bogotá,14853472,42
266563730155332,Juan Diego Gomez Jimenez,Juan Diego Gomez Jimenez,12000000,30
162949777243451,Andrés Julián,Andrés Julián Rendon,10317417,22
101871502791636,Carlos Acosta Juliao Oficial,Carlos Acosta Juliao Oficial,10168532,34
251292808253299,Canadian College,Canadian College,10087900,16
105860962029722,Felipe Vélez,Medellín Vuelve a Brillar,9641995,42
104351302551385,Camilo Quiroz H,Camilo Quiroz H,8604244,7
105598124675352,General Juvenal Díaz,General Juvenal Díaz,8444686,6
1717590668488013,Nuestro País en Crush,Recorre Colombia,6398081,19
1259770774053121,Politécnico COHAN - Medellín,Politécnico COHAN - Medellín,6029501,13
104133069337469,Diego Torres,Diego Torres,6000000,5
131753023639902,Aldemar Alfaro,Aldemar Alfaro Rivero,5554572,23
103723022353836,Secretaría de Turismo de Antioquia,Secretaría de Turismo Antioquia,5404341,21
61298420594,Eugenio Prieto Soto,Eugenio Prieto Soto,5256625,20
175286072898201,Braulio Espinosa Márquez,Braulio Espinosa,5219957,17
109536228288634,Nuevo Liberalismo Valle del Cauca,Nuevo Liberalismo Valle del Cauca,5154101,16
827309657396301,Yamit Noe Hurtado,Yamit Noe Hurtado,5128616,6
141361183156268,Juan Carlos Upegui,Juan Carlos Upegui,5053371,23
100351841692214,Coronel Jorge Gallego,Coronel Jorge Gallego,4723217,44
307867347023,Partido Alianza Verde,Partido Alianza Verde,4711267,3
112155252163421,Sebastián López V.,Sebastian Lopez Valencia,4661582,24
105848177845789,All Out en español,All Out Action Fund,4580349,6
807500072661945,AsoVape,AsoVape,4563818,5
299469560099835,Alcaldía de Cali,Alcaldía de Cali,4365543,22
256488875025665,Juan Bocanegra,Juan Carlos Bocanegra Chacón,4355145,23
117247184669607,Juan Diego Gomez Gobernador,Get Social,4272320,6
104969865721375,Profes.movimientociudadano,John Bazurto,4256139,72
513373825500774,Catalina Ortiz,Catalina Ortiz,4227926,25
167222580002790,Clara Luz Roldan Gonzalez,Clara Luz Roldán,4103232,3
103621869176207,Angela Romero - La Revolución del Amor,These ads ran without a disclaimer,4072396,283
267198759973201,Bairon Enrique Muñoz Lizarazo,Bairon Enrique Muñoz Lizarazo,4053508,41
112233823483908,Mallath Martinez,Mallath Martinez,3984526,38
1165655170260613,Diana Rojas,Diana Rojas Concejal de Cali,3951927,22
321789057890530,Secretaría de Movilidad,Secretaría de Movilidad,3927188,12
1589652347763879,Aquileo Medina A,Aquileo Medina Arteaga,3744983,11
254413518635171,Carlos Sotomonte,Carlos Sotomonte,3719695,8
503621983303342,Oscar Mauricio Toro,Oscar Mauricio Toro Valencia,3455253,443
341743792688909,Centro de Ciencia y Tecnología de Antioquia,Centro de Ciencia y Tecnología de Antioquia,3392233,79
105598124675352,General Juvenal Díaz,These ads ran without a disclaimer,3185426,1
478709465506020,Secretaría de Productividad y Competitividad,Secretaría de Productividad y Competitividad,3171562,39
1719725724954043,Rodrigo Rojas Lara,Rodrigo Rojas Lara,3140542,9
1147318942107929,Todos Somos Una,DEBRAIN LLC,3100506,7
601336570076276,Rodolfo Correa,Rodolfo Andres Vargas Correa,2998554,5
119405895873,Huawei,These ads ran without a disclaimer,2833244,1
1137324852947717,Sandra Hernández,Digital Tech Ideas S.A.S,2804216,9
1488419784774409,Alcaldía de Soledad,Alcaldía Municipal de Soledad,2741355,84
157146724439549,Luis Bernardo Vélez,Luis Bernardo Vélez,2731500,17
250224435666342,César Hernández,César Hernández,2726948,11
184284351706738,Lotería de Bogotá,Lotería de Bogotá,2603250,5
969143216462972,Felipe Cañizalez,Andreina Quintero Correa,2564578,20
462660883763346,Ronald Mayorga,Ronald Mayorga,2509177,29
107204794960194,Instituto Técnico La Salle,Instituto Técnico La Salle,2500881,15
53177129367,Dilian Francisca Toro Torres,Dilian Francisca Toro,2476304,56
100232346317619,David Enrique Arango Quintana,David Enrique Arango Quintana,2461853,39
415910721915879,Hector Fabio Velasco Hernandez,héctor fabio velasco hernandez,2427784,50
183025852044152,Secretaría de Desarrollo Económico,Secretaría de Desarrollo Económico,2368536,14
304068780461911,Antioquia Evoluciona,Antioquia Evoluciona,2216586,3
605236949886245,Ferney Silva Idrobo,Ferney Silva Idrobo,2160947,4
112042925150580,E-Volta,These ads ran without a disclaimer,2153385,1
1597659560553215,Colombia+20,COMUNICAN SAS EL ESPECTADOR,2144732,26
100132752831088,Natalia Lopez Fuentes,Natalia Lopez Fuentes,2144529,7
605912556122758,Deiby Martinez Cortes,Deiby Martinez Cortes,2121946,9
380912911974244,Alta Consejería TIC - Bogotá,Alta Consejería TIC - Bogotá,2104072,7
2156874387878167,Yilber Leandro Saavedra,Yilber Leandro Saavedra,2001670,20
391099551688976,Manuel Correa,Manuel Correa,1999995,4
454396071316750,Mauricio Salazar,Mauricio Salazar Pelaez,1973532,5
415910721915879,Hector Fabio Velasco Hernandez,Hector Fabio Velasco,1957382,26
1648417351861251,Cristian Mestra,Cristian Mestra,1897012,32
286568181368830,Jhon Ortega,Jhon Eddison Ortega Diputado,1886418,80
1649204585296525,Juan David Valderrama,Juan David Valderrama,1869939,62
232287230205457,IDU Bogotá,Instituto de Desarrollo Urbano : IDU,1846340,6
489327244878254,Carlos Parra,Carlos Parra,1821827,21
812165288875574,Jaime Pumarejo,Toro Digital 1972,1799939,18
116379298034788,Elvira Gutierrez,Elvira Gutierrez,1789585,4
102143071616787,Goberna Colombia,Goberna,1735166,11
108233262091178,David Islem R,David Islem R,1730127,7
264104919248,Alcaldía Distrital de Barranquilla,Alcaldía Distrital de Barranquilla,1700000,17
1896813010334035,Secretaría de Educación de Barranquilla,Secretaría de Educación de Barranquilla,1686514,8
109023772053741,Movil Consultores Academy,Movil Consultores Academy,1675784,41
365042347704443,CP Carlos Padilla,Carlos Padilla,1653137,19
915743661945208,Alejandro Eder,Alejandro Eder,1634300,76
101897976168381,Vamos a crecer,Vamos a crecer,1620000,4
1119413181474050,El Avispero Mov,Movilizatorio,1612376,12
360840354678432,MK Team 24 7,Michel Wadih Kafruni Marin,1611170,7
108576731393581,Juliana Enciso,Claudia Juliana Enciso Montes,1595399,15
101642839569704,Javier Marulanda,Dr Javier Marulanda,1592542,4
1622001728047397,Harman Alcalde,Harman Alcalde,1577439,30
112602178102955,Victor Angulo,Victor Angulo,1538136,15
1618805941666374,Paola Castillo Gutierrez,Paola Castillo,1509735,25
230741350353405,Alcaldía de Rionegro,Alcaldía de Rionegro,1494642,11
108233262091178,David Islem R,These ads ran without a disclaimer,1477624,2
100475532513857,Cristian Halaby,Cristian Halaby,1445981,24
116801706827652,Mauricio Calderon,Mauricio Calderon,1420085,72
664142747350164,Tatiana López Saldarriaga,Tatiana López Saldarriaga,1401750,263
1999950110104088,Heidy Sánchez,Jhoan Camilo Cifuentes Garcia,1399999,4
581095835894514,Noticentro 1 CM&,Noticentro 1 CM&,1398281,8
104709710873196,Raimundo Duarte Diaz,Raimundo Duarte Diaz,1385934,12
94005676787,Hitachi Vantara,These ads ran without a disclaimer,1379892,1
133787883971402,Oscar Ramírez VAHOS,Oscar Ramirez Vahos,1371047,5
851680034864966,Proantioquia,FUNDACION PARA EL DESARROLLO DE ANTIOQUIA. ANTIOQUIA POR COLOMBIA,1347678,7
116430736811606,Ever Villegas,Ever Antonio Villegas Morante,1347258,10
115922544823271,Miyerlandi Torres A,Miyerlandi Torres A,1340163,188
110673818587137,Eicman Murillo,Eicman Murillo,1333478,12
228376881369888,Fredy Sanchez K,Fredy Sanchez K,1332441,13
1545442339029597,Christian José Moreno,Christian José Moreno,1314389,31
273140600265429,Ing. Ronald Ortiz,Agencia Estratégica,1308204,54
162392497782532,Genaro Redondo,Genaro Redondo,1299459,25
553585915161201,Jhon Molina Putumayo,Jhon Gabriel Molina Acosta,1292899,11
207832423191171,Emiro Arias,Emiro Arias,1278391,15
111255844907807,Belén Informa,Belén Informa,1260200,1
1586192348316443,Maicol Lopera Cardona,Maicol Lopera,1249993,438
257401965136834,Carlos Marroquín,Carlos Andres Marroquin Luna,1249947,8
418155555015037,Germán Escobar Cundinamarca,German Mauricio Escobar,1233849,8
834788683237384,William Villamizar Laguado,William Villamizar Laguado,1208644,8
324718631509952,Yaneth Quintero,Yaneth Alexandra Quintero Herrera,1198660,8
100563549504491,Juan Torres Ortega,Pacto por el Cambio,1181074,14
2707937482763911,Erasmo Zuleta,Erasmo Zuleta,1180000,2
175346789490397,Peyi Paternina,Peyi Paternina,1179305,24
482002058626250,Surany Arboleda Arias,Surant Arboleda Arias,1162524,23
152357555295342,Wilker Bautista,Wilker Bautista,1154407,21
497475647076975,Fabian Oviedo,Fabian Oviedo,1153568,96
1400280116941194,Fabian Diaz,Fabian Diaz,1146021,48
148349507804,El Tiempo,Casa Editorial El Tiempo,1131378,2
414076942012822,Institución Universitaria Pascual Bravo,Institución Universitaria Pascual Bravo,1129159,5
108675595132967,Karol Martínez Silva,Karol Martinez Silva,1122128,39
289149121873080,Samuel Álvarez,Samuel Álvarez,1096485,26
336711793710254,Metro de Bogotá,Metro de Bogotá,1094028,3
152548124810114,Alexander Florez,Alexander Florez,1084456,10
308398253196220,Jorge Andrés,Digital Tech Ideas S.A.S,1076393,4
170633243101916,Alexander Serrato,Fernando Alexander Serrato Fonseca,1071231,13
159326370815397,Alcaldía de Itagüí,Alcaldía de Itagüí,1054075,9
370492339735164,Centro Democrático - Comunidad Oficial,These ads ran without a disclaimer,1053798,1
148553182705913,Claudia Andrade,Claudia Andrade,1044520,38
309383129136101,Secretaría Gobierno de Bogotá,Secretaría Gobierno de Bogotá,1044446,14
481281655366879,Asobares Colombia,Asociación de bares de Colombia,1030106,46
1431824383809561,Camilo Torres,Ivonne Mariana Torres Prada,1015157,7
111200440237640,Son Datos Y Hay Que Darlos,Phyx S.AS,1008093,11
113234113483957,Mauricio Muñoz,Eduer Mauricio Muñoz Noguera,1006376,12
466713146804873,Jonathan Vasquez,Jonathan Stivel Vasquez Gomez,995915,5
305443930185737,Juan Pérez,Juan Pérez,992369,50
273861903433499,Lourdes López Flórez,Lourdes Del Rosario Lopez Flores,984348,16
81395234664,BBC News Mundo,These ads ran without a disclaimer,976705,2
476783733146107,Oscar Armando Trujillo,Oscar Armando Trujillo,976300,7
103727635426939,Alexandra Vásquez Ochoa,Leider Alexandra Vasquez Ochoa,970428,10
111941068044093,Juanita Cataño Muñoz,Juana Eloisa Cataño Muñoz,930445,1
194315573916010,Norma Hurtado Sanchez,Norma Hurtado Sánchez,903864,48
365259027010440,Rigoberto Alfonso Pérez,Rigoberto Alfonso Perez,874152,15
1737937156478529,Carlos Felipe López López,Carlos Felipe Lopez Lopez,863412,9
188371488749555,Mauro Marquez,Mauricio Marquez Valencia,861144,22
102598459006779,Juan David Piedrahíta,Juan David Piedrahíta,839976,11
143057523068134,Jorge Camacho,Jorge Camacho,837584,7
1994248654223126,Ricardo Jorge,Ricardo Jorge,831075,2
247711372067760,Haroletto,Haroletto,824141,2
102249245462577,Secretaría de Hacienda de Manizales,Eikon Digital S.A.S.,813030,15
102383079246422,Paulo Gómez,Paulo Gómez,810345,7
1383605158583178,Chicho Avanzando Ando,Oscar Emilio Antolinez Collazos,809758,10
118287037894779,Juntos Escribimos una Nueva Historia,Lina Rubiano,807994,3
100455272110202,Rodo Esquivia,Rodolfo Rafael Esquivia Caballero,805607,14
381403022031226,Steven Cárdenas,Reynaldo Steven Cardenas Espinosaespinosa,800000,4
113384104693432,Milagros Delgado Realtor,These ads ran without a disclaimer,785794,2
350160788433059,Proclama Cauca y Valle,Proclama Cauca y Valle,781233,10
106739310719283,Luis Alejandro Guzmán Lozano,Luis Alejandro Guzmán Lozano,780656,5
1586264924948495,Diego Gonzalez,Diego Gonzalez,765350,5
838927469815494,Diana Diago,Diana Marcela Diago,749498,14
104624142451363,Hugo Kerguelén,Hugo Kerguelen,734483,17
1890977487839058,Harry Silva LLinás,Harry Silva LLinás,728080,74
174235299412685,Cinep Programa Por la Paz,Fundación Centro de Investigación y Educación Popular CINEP,714928,9
2158318667815480,Nancy Henao Ruiz,Nancy Concejal Verde,703040,33
387621548286709,Gustavo Gallego,Gustavo Adolfo Gallego Aristizabal,699105,6
109468905424655,José Fernando Sánchez,Digital Tech Ideas S.A.S,692144,3
416201871913815,Adolfo Romero,Adolfo Romero,682027,52
111009515199981,Juan Fernando Alvarez Méndez,Juan Fernando Alvarez Méndez,662708,7
100417346206181,Freddy Eduardo Pinzón Valverde,Freddy Eduardo Pinzón Valverde,662389,12
494796217322155,Antonio Sanguino Páez,Daicy Celiani Echeverri Castillo,660000,2
378127682385944,Julián Peinado Ramírez,Julián Peinado,652843,3
193261550699,Cundinamarca Política,Cundinamarca Política,645546,16
370267297019304,Marco Hincapié,Marco Emilio Hincapie Ramirez,644674,8
214167541938411,Juan Pablo Gallo,Juan Pablo Gallo,643580,130
100119084876379,Lida Escobar,Lida Beatriz Escobar Leal,642087,8
2280357942291111,Luis Carlos Velásquez,Luis Carlos Velásquez,634850,34
101741566015291,Victoria Avendaño,Victoria Avendaño,627000,6
114510821145145,Previred Popayán / Tarjeta Médica,Previred Tarjeta Médica,622052,8
2183635025212006,Riga Romero,Rigail Romero Martinez,613389,12
105109280969000,Agencia Axioma,Agencia Axioma,610687,6
273770503576765,Libro de Mormón Oficial,These ads ran without a disclaimer,592231,1
1052668304757955,Eduard Sarmiento Hidalgo,Eduard Sarmiento Hidalgo,590001,30
1090369011038138,Jaime Duque G,Jaime Duque G,589992,240
121669444208502,Sergio Flechas,Sergio Flechas,581895,13
667625736676053,Wilmar Barbosa,Wilmar Barbosa,572859,6
619776134722439,Secretaría Distrital de Salud,Secretaría Distrital de Salud,571641,11
179668218725736,Lina García Gañan,Lina Garcia,563158,8
100801257933323,Jesus Trujillo Torres,Jesus David Trujillo Torres,556134,8
2539252096108676,Felipe Jimeno,Felipe Jimeno,555977,11
196429217971015,Wilmar Cristancho,Wilmar Cristancho,552945,32
835710939898329,Paulina Aguinaga,Paulina Aguinaga,535693,5
100745279605352,nuevasideas.co,Nelson Alexis  Ballesteros,535573,7
108443621704547,Willian Aljure - Reconciliémonos,Fabio Andrés Beltran Herrera,534445,9
224169580962812,Alcaldía de Bello,Alcaldía de Bello,533341,4
103428739334753,"José Alfredo ""El Cura"" Ordóñez","José Alfredo ""El Cura"" Ordóñez",528690,13
501373887030423,Alberto Sanjuanelo,Alberto Sanjuanelo,524927,6
116761207989138,William Andrés Cruz Sánchez,Julian Alberto Vidarte Orozco,516966,2
682038131955732,Elizabeth Molina Campo,Julian Felipe Reina Parrado,514478,15
645168172181457,Gobernación de Caldas,Eikon Digital SAS,507525,25
1857540077811459,Movilizatorio,Movilizatorio,505000,3
1561180414017967,Juan Manuel Cortés,Juan Cortés,503997,2
111248191341056,Linda Pinedo Puello,Carlos Andres Perez Lopez,501489,4
101170393279528,Rodrigo Villalba Mosquera,Martha Diaz,500000,4
264386463968386,Nubia Stella Martínez,Centro Democrático - Comunidad Oficial,500000,1
1513364822297857,German Casagua B,German Casagua B,500000,2
398583357661790,Papo Amín,Papo Amín,500000,5
45242794557,Álvaro Uribe Vélez,Centro Democrático,500000,1
114317847146525,Alvaro Arias Velez,Alvaro Arias Velez,499997,3
112039678504645,Alfonso Lastra,Alfonso Lastra Fuscaldo,492468,11
104237548662249,Centro de Emprendimiento Impúlsate,Sebastian Galeano,488519,3
1832438050403942,Amin Losada,Waidi Mesa Losada,486134,3
101450321205404,Hernán Felipe Jaramillo Duque,Hernán Felipe Jaramillo Duque,484997,3
191459311042712,Jaime Andrés,Jaime Andrés,478289,13
1458739367777443,Wilson Gonzalez Piedecuesta,Wilson Gonzalez,477761,7
132840983520233,Gobernación del Atlántico,Gobernación del Atlántico,476875,3
100452146359742,Humberto A. Rosales,Humberto Alonso Rosales Donado,476737,6
1482897701997453,Paloma Valencia,Paloma Valencia,475880,10
833347613398414,Oscar Campo,Juan Pablo Matta Casas,475045,14
116058284714214,Ruso Alcalde,Profe Mikhail Krasnov,474300,9
114636997892974,Camilo Manchola,Camilo Manchola,464861,6
108228068238348,Diego Caicedo,Diego Caicedo,463216,19
201014753267112,Andrés Fernando Mesa Valencia,Andres Fernando Mesa Valencia,462356,4
210033025759161,CEUPE - Centro Europeo de Postgrado y Empresa,These ads ran without a disclaimer,462039,1
2369166386675873,Mauricio Presente,Mauricio Rendón,459654,13
100319211712051,Walter Salas,Walter Manuel Salas Quinto,455609,36
406215856382748,Gonzalo Giraldo,Gonzalo Giraldo,452385,6
464215057067990,Comunicaciones Alcaldía Timbío,Henry Leonardo Romero Moncayo,452017,35
1856466104668553,Rigoberto Lasso Balanta,Lina Rubiano,448528,4
105788042199348,James Urrego,Tuto Gonzalez,447185,15
626538870727500,Felipe Urrea,Diego Felipe Urrea Vanegas,439585,15
159096910834443,Jimmy Triana,Jimmy Triana,426927,56
1267275856714996,Diputado Yamith Vanegas,Diputado Yamith Vanegas,425298,32
100813818397631,Fuerza Alternativa Sindical,Fuerza Alternativa Sindical,420175,2
101170393279528,Rodrigo Villalba Mosquera,Rodrigo Villalba Mosquera,419487,7
100650573021198,David Navas Regino,David Navas Regino,418957,6
2409742292497578,Miguel Gomez,Miguel Angel Gomez Parra,415905,6
114891091473899,Luis Francisco Oliveros,Luis Francisco Oliveros,413306,4
101772341304724,HUILA Digital,HUILA Digital,411665,45
294988440650884,Contraloría Distrital de Medellín,Contraloría General de Medellín,410439,9
345288946007447,Juan Diego Patiño Ochoa,Juliana Herrera Giraldo,404593,3
1663690117250082,Puerto Berrío Avanza,Jaime Andres Cañas Morales,397419,3
107096255516225,Juan Pablo Cano P,Juan Pablo Cano Pulgarin,396470,10
779497978844485,Ing Benjamin Agrado Restrepo,Gabriel Benjamin Agrado Restrepo,394870,17
103084375858203,Mi Campaña Aplicación,Mi Campaña Aplicación,390677,12
100411006377073,Yolanda Silva,Marco Aurelio Castellanos Flores,387549,9
113198417804250,AvenHub Magdalena,AvenHub Magdalena,387193,3
112505265094567,Mario Gutiérrez,Mario Gutiérrez,383381,7
103594381850234,"William Díaz ""pollito""",William Díaz Giraldo,383181,9
116618318101937,Munir Cárdenas,Cesar Munir Cardenas Kadamani,382596,14
509529099396147,Héctor Rangel,Héctor Rangel,381928,13
381939331859708,CatastroBogotá,CatastroBogotá,381826,10
105589235648992,Idolos,Digital Force,380322,13
1953017374955460,Nelson Barrera Roa,Nelson Barrera Roa,380000,3
105121071016378,Hugo Archila,Hugo Archila,377804,11
362827957704531,Marco Adrián Artunduaga Gómez,Carlos Alberto Carrillo Perez,373138,4
202079355726,Colegiatura,These ads ran without a disclaimer,372615,7
101672785855145,Irina Salas,Irina Salas,364280,11
906104439492802,Daniel Duque Velásquez.,Daniel Duque Velásquez.,361870,3
101681055638055,Cambio educativo,Cambio educativo,360382,30
121612715215617,Manuel Hernández,Manuel Hernández,360000,130
105068200842316,Edilberto Molina,Tuto Gonzalez,359171,9
104162279355204,Nuevas Ideas: Una Historia Diferente,Diomara Montañez Peñaranda,352099,2
534267340341487,Jorge Trujillo Jaramillo,Jorge Hernan Trujillo Jaramillo,350895,2
106680105432196,Lina Rivera,Lina Merced Rivera,350413,3
2281439312079135,Edwin Quintero,Edwin Quintero,350169,6
116329174721498,Wolgfan 8A,Juntos Transformamos,346193,4
110268254803719,Johana Orozco Pallares,Corazón del Cambio,346107,3
266442720918096,Ronald Suarez Cruz,Space Marketing,346035,2
100658372949361,Carlos Pacho Perea,Carlos Alberto Perea Cardona,343379,8
1735785796740603,José Manuel Sandoval,José Manuel Sandoval,342331,6
918276538262554,Quiero ser Uniandes,These ads ran without a disclaimer,334605,5
110260770340343,Leonardo Jácome,Leonardo Jácome,331753,7
236115666578709,INDER Alcaldía de Medellín,INDER Alcaldía de Medellín,331431,3
108077528892290,Andrés Zamora Rovira,Space Marketing,328638,4
125807057434859,laschivasdelllano.com,laschivasdelllano.com,323627,8
507379196275144,Robert Sanchez,Andres Felipe Lopez Borja,312982,6
108311872210328,Fernando Romero Herrera,Fernando Romero Herrera,310738,20
335077837068367,Simón Pérez,Simón Pérez,310516,4
832764363485573,Roberto Rodríguez Z.,Oscar Alexander Garcia Lopez,308878,7
419817215217632,Tecnología y Servicios Electorales,Tecnología y Servicios electorales S.A.S,307669,5
117347877912416,Movimiento Vida,Movimiento Vida,305282,4
1757189487920543,Subversite,Subversite,304385,4
465572140144556,Juan Diego Castrillón Orrego,Juan Diego Castrillón Orrego,302194,17
345288946007447,Juan Diego Patiño Ochoa,Deiman Esnider Hernandez Restrepo,300499,3
1966684743593773,Chucho Limonada,Bayron Morales Linares,300000,1
103138861936410,René Quintero,Rene Julian Quintero Gallego,300000,2
116836247966846,Luis Fernando Suárez Gobernador,Luis Fernando Suárez Gobernador,300000,2
2470887339630765,Edgar Orlando Pinzon,Edgar Orlando Pinzón,298763,3
101921026214686,Documentaciones IPS,These ads ran without a disclaimer,297079,2
2341225942579432,Edwin Marin,Edwin Fabian Marin Marin,297001,3
573884902749736,Edward Orozco Humanista,Edward Orozco Humanista,296802,2
113802478345347,Javier Garcés,Javier Garces Mosquera,295961,6
191210184867688,Julián Serna Concejal,Julian Andres Serna Ruíz,295341,6
275486829735525,Johan Steed,Johan Steed,293418,4
106094878906767,Timoteo Romero,Amy Reina Mayorga,291925,2
670393546635457,Ante Todo Colombia,Maria Alejandra Ramirez Jaraba,290000,1
100348772654999,La Brújula,La Brujula,286268,2
286568181368830,Jhon Ortega,Jhon Ortega,284944,4
859053560892477,Ojo al Clima,These ads ran without a disclaimer,283240,2
466445923412524,Miguel Ángel Barreto,Joshua Escobar Rengifo,283098,8
96595416468,Lilia Solano,Lilia Solano,280713,12
153803541354412,Unibán Fundación,Cristina Gómez Arenas,274976,8
1588561874548381,Carlos Alfredo García - Abogado,Carlos Alfredo García - Abogado,272166,13
100730636328607,Ayudas del estado,These ads ran without a disclaimer,269910,1
102565081094412,Orlando Ariza Por Vélez,Orlando Ariza Por Vélez,269624,3
121667137935541,Idartes,IDARTES,269230,2
591349167641119,Alcaldía Los Patios,Alcaldía Los Patios,268051,2
110678160534214,Magde Mogollón,Magde Mogollón,267117,5
201155736602572,Hernán Alberto Bedoya,Hernan Alberto Bedoya Cadavid,265642,3
466646243430959,Uninpahu,These ads ran without a disclaimer,264183,1
319527888151975,Revista La Injusticia,Ronald Rangel,262527,9
116544396862942,Unión Legal y Tributaria S. A. S,Unión Legal y Tributaria S. A. S,260889,3
1581065862149234,Alcaldía de Tuluá John Jairo Gomez Aguirre,Alcaldía de Tuluá John Jairo Gomez Aguirre,260001,5
108946084100541,Alcaldía Cartagena Del Chairá,Tuto Gonzalez,259909,9
111024427285300,Fabio Leon Quintero,Fabio Leon Quintero,257363,3
478903375611415,Jairo Barona,Fabian Medina,255877,7
613802325384440,Diego Arboleda,Diego Arboleda,254204,13
114342281648873,Señor x,Jesus Andres Morales Betancur,254057,6
107346928933328,Guillermo Artunduaga,Guillermo Artunduaga Acosta,253052,5
100904822517086,Non-trivial,These ads ran without a disclaimer,252995,16
656335394705162,TiempoViral,Recorre Colombia,250382,2
295277256700,Concejal María Victoria Vargas Silva,Carmen Pumarejo,250000,9
105578134695113,Andree Uribe Montoya,Andree Uribe Montoya,248735,33
186850511364615,Presidencia de la República de Colombia,Presidencia de la República de Colombia,248475,6
109601505446058,Justicia Inclusiva,Comunican S.A,246926,1
1115184931884092,Albert Corredor,These ads ran without a disclaimer,245507,1
102379516159064,Artistic gdc2,These ads ran without a disclaimer,244173,1
987563698019371,Duván Murillo Diputado,Duvan Murillo,244173,8
1078814898982272,Óscar Jahir Hernández Rugeles,Oscar Jahir Hernández Rugeles,243000,2
1380368385625889,Julian Sánchez Perico Jr.,Julian Sánchez Perico Jr.,240000,18
103445938692040,Sebastián Morales,Sebastian Morales,239343,13
101031683004550,Ana Sofía Pacheco Jara,Ana Sofia Pacheco Jara,239235,11
704644029915968,Daniel Silva Orrego,Daniel Silva Orrego,237386,1
354674365212698,Daniela Vergara,Daniela Vergara Guzman,236469,7
1595888870671480,Carlos Arias Concejal Cali,Juan Parra,235248,5
123469995988185,Jhonatan Cano,Jhonatan Cano,234277,8
1077639112424983,Tatiana Valeta Lambraño,Tatiana Valeta Lambraño,232066,22
734195543347719,Javier Julio Bejarano,Javier Julio Bejarano,231584,2
873976216079794,María Isabel Moreno Salazar,María Isabel Moreno Salazar,231490,6
101883058962037,El Valle De Todos,Carlos Andres Lopez Dominguez,226854,3
102106249390475,Andrés Alarcón - Firmeza,Andrés Alarcón - Firmeza,224809,3
1130613886971903,Alejandro Abuchar,Byron Andres Velez Valdes,222488,4
1150942755027141,MMconsultor,MMconsultores,220000,6
118015114616697,Argemiro Araujo SES,Argemiro Araujo,217611,7
46192356440,ESADE Executive Education,These ads ran without a disclaimer,215886,1
1815626541807349,Agencia de Periodismo Investigativo,Norbey Quevedo Hernandez,215561,6
100650421883650,Lucila,Lucila Caicedo Bernal,214997,6
113750801679610,El tiempo Colombia,These ads ran without a disclaimer,213932,1
204727076205320,Ritter López,Ritter López,211188,3
102108685107684,Jose Baquero,Baquero Jose,210695,4
102591322805084,Martha Borda,Martha Patricia Borda Romero,210563,8
102443416034705,Paula Toro Santana,Paula Toro Santana,209999,1
472245809650733,Marco Tulio Ruíz,Marco Tulio Ruíz,208169,1
201496040294264,Hernando Rodríguez,Jhon Darvin Rojas Montilla,205567,7
749177381856407,Camilo Calle,Camilo Calle,204054,2
294066711094169,Escuela Para la Formación de Artistas Íntegros EFAI,Escuela Para la Formación de Artistas Íntegros EFAI,202496,3
640014613127336,Luis Eladio Pérez,Luis Eladio Pérez,201688,3
109036971779080,Marco Antonio Urbano Gaviria,Marco Antonio Urbano Gaviria,201643,7
104701351208795,"Secretaría de Infraestructura, Renovación Urbana y Vivienda","Secretaría de Infraestructura, Renovación Urbana y Vivienda",200993,3
186084932171563,Ultima Hora Risaralda,Ultima Hora Risaralda,200000,1
1137324852947717,Sandra Hernández,Sandra Hernández,200000,1
1683544555207079,Rafael Martínez,Rafael Martinez,200000,1
102486218114150,Noticias Capital del Eje,Noticias Capital del Eje,200000,33
106083021215996,Todos por Medellín,Todos por Medellín,200000,3
100304338642614,Toro Digital 1972,Toro Digital 1972,199999,1
1273292796093918,Nicolás Toro Muñoz,Nicolás Toro Muñoz,199667,6
348250701862191,Guillermo Velandia Granados,Guillermo Velandia Granados,199244,2
101549488997249,Liliana Yúnez Luquetta,Fundación Política,199048,5
212483219648777,Juan Camilo Restrepo,Juan Camilo Restrepo,197884,5
112042708566957,Alexander Herrera M,Alexander Herrera Merchan,193842,14
585354484854841,Milton Castrillón,Milton Castrillón,193373,23
111270314570537,Ultima Hora Casanare,Ultima Hora Casanare,190402,4
100537461368132,Elkin Zapata Valencia Concejal,Jeferson Morales,190319,10
356949128210619,Juan Pablo Montoya Castañeda -Envigado,Juan Pablo Montoya Castañeda,189997,2
570755026718448,Javier Rubio De corazón a corazón,Camilo Andres Monroy Pardo,189945,2
268302663513603,Personeria Municipal de Palmira,Personeria Municipal de Palmira,189808,5
100311354704046,Vladimir Olaya,Edinson Vladimir Olaya Mancipe,189472,4
120282467734632,Risaralda Avanza,Martha Elena Morales,186298,4
1649671688486614,Juan Carlos Muñoz Sepulveda,Juan Carlos Sepulveda Muñoz,186275,4
108163305403611,Jairo A. Tobaria,JJ COBRANZAS Y ABOGADOS S.A.S,185249,3
102570162623873,tadeosilvalaw,These ads ran without a disclaimer,184817,2
2274735309226951,Marinilla con Futuro,Carlos Zuleta,181536,9
110465777994948,JC Juan Carlos González Mejía,JC Juan Carlos Gonzalez Mejia,179740,7
106317458395154,Huellas.Tv,Huellas.Tv,177707,7
642780166056166,Daniel Galeano,Daniel Galeano,173314,3
374420759324585,Jorge Eliécer Tamayo Marulanda,Jorge Eliécer Tamayo Marulanda,172722,5
437554710309705,Jesús Sepúlveda Bermonth / Concejal de Cúcuta 2021-2023,Jhonattan Alejandro Sarmiento Castilla,172351,1
105584695744977,Germán Ordóñez Plata,Germán Ordóñez Plata,171293,5
107787104895388,La Ópttica Popayán,La Óptica Popayán,169409,5
101817102837713,Medardo Hernández Baldiris,Medardo Hernández Baldiris,167000,1
110128891878912,Tribuna Sindical,Amy Reina Mayorga,166500,3
112196040176896,Rigo Alexander Vega Ortiz,Carlos Mario Lievano Henao,165778,6
106023887961995,Sergio Zúñiga,Sergio Zúñiga,165555,8
108939982200603,Julio Flórez,Daniel Leguizamon,165319,1
109926928389181,Gabriel Nunes,These ads ran without a disclaimer,164448,10
106106338492581,Pacto Histórico Juvenil,Pacto Histórico Juvenil,162061,2
400106994113819,Cesuma,These ads ran without a disclaimer,161706,1
899944773402867,Germán García Maya,Germán García Maya,161237,5
102249549361395,Cuenta Con Mary,Cuenta Con Mary,159456,1
216098139330585,Marketing Digital Político & Electoral,Marketing Digital Político,157594,6
569978373130700,Andrés Lizarralde Henao,Andrés Lizarralde Henao,154211,2
122737502729878,Gobernación del Guainía,Gobernación del Guainía,151501,7
112410048487812,Diógenes Orjuela,Diógenes Orjuela,150000,1
281475481867946,Jaime Raul Salamanca,Camilo Andrés Cotes Patiño,150000,1
1699094717042360,Tania Fernández Sánchez,Tania Fernández Sánchez,149998,8
1391674454185591,Concejal Kelly Ortiz,Kelly Ortiz,149803,2
1383605158583178,Chicho Avanzando Ando,German Dario  Rodríguez Parro,148010,2
294898197565707,Martin Rivera Alzate,Martin Rivera Alzate,146504,1
358585651153711,Islabela,These ads ran without a disclaimer,145914,1
110631755313371,Farid Quintero,Jorge Medina,145226,10
113205561651352,Plan I,Plan I,144258,4
455380911302186,ESU - Empresa para la Seguridad y Soluciones Urbanas,Esteban De Los Ríos,143733,6
1659865967478999,David Farelo Daza,David Daza,143381,6
471698040072735,Leonardo Siagama,Leonardo Siagama,140757,4
107374008817182,La Polémica,La Polémica,139680,13
226673927862469,Idcbis,Instituto Distrital de Ciencia Biotecnología e Innovación en Salud,138853,16
356101551695420,James Ducuara.,Jhon James Ducuara,138790,17
1477372742560381,José Hugo Restán Sánchez,Fundación Política,136715,4
104849691855707,julianelpolitologo,These ads ran without a disclaimer,136469,1
1668886976475466,David Gutierrez Mantilla,Jorge Luis,135568,3
358585651153711,Islabela,Islabela,135110,1
873744039447179,Daniel Castaño,Daniel Castaño Mesa,135000,2
107868007400413,Risaralda Opina,Risaralda Opina,134983,6
110982620241992,Fabian Chaparro,Fabian Chaparro,133205,1
237316706446146,Alianza Francesa de Pereira,Alianza Francesa de Pereira,132768,2
867258886990877,Jhonatan Correa M.,Jhonatan Correa Montoya,132120,6
113142865041020,Eliana María Jaramillo Rodríguez,Eliana María Jaramillo Rodríguez,131949,5
2203948933156649,Oriana Zambrano Montoya,Oriana Teotiste Zambrano Montoya,131606,4
104204428019174,Viajar es Mundial,These ads ran without a disclaimer,131045,7
963227387143893,Etelivar Torres,Etelivar Torres,131030,2
913316352080733,Jhonny Giraldo,Jhonny Stevenson Giraldo Aragon,130915,5
689470488084597,Joan Manuel,Joan Rios,130427,4
100299935303598,Humberto Alvarado Guzmán,Humberto Alvarado Guzmán,130338,9
333652197285167,Jorge Ramírez,Jorge Hernan Ramirez Barreto,130000,2
111392951598037,Farid Ospina,These ads ran without a disclaimer,128906,4
114368596673165,Publicalo,Claudia Liliana Pardo Mendoza,128469,2
114978211575157,Jorge Enrique Ramírez Pulgarin,Jorge Enrique Ramirez Pulgarin,127343,5
103747879104580,Adair Lozano Osorio,Adair Lozano Osorio,126575,20
105838268602868,María Doris Camacho,María Doris Camacho,126401,7
108202298520665,LaDigital.co,La Digital,126232,2
587453818082309,ElHospital.com,These ads ran without a disclaimer,124797,1
137663156763584,Edward Varon,Edward Varón,124463,4
100230941410922,Sin Tapujos,Sin Tapujos,124409,4
129340816734877,Consuelo berraca,Consuelo Ordoñez de Rincon,124359,2
101380898204542,Padre Huerfano,Padre Huerfano,123640,4
110468084965933,Chapman Wilches,Chapman Wilches,123464,2
101637439517218,Actualidad Politica Valle del Cauca,Actualidad Politica Valle del Cauca,123053,1
2062003780774481,Partido Liberal Sevilla,Partido Liberal Sevilla,122203,1
102833012703870,Diputado Lucas Martin,Lucas Martín,121759,2
103461608916621,Claudia Carrasquilla,Claudia Carrasquilla,121543,5
103990425950368,Jimmy Porto.,Movil Consultores,120135,1
110542381762005,Liliana Ramirez Quintero,Liliana Maria Ramirez Quintero,119986,6
1242864402475742,BC Noticias,Oscar Javiar Bayona Villada,119864,12
101040961815188,Santander Se Conecta,Eduardo Aguilar Jaimes,118000,5
106673268896739,Martin Moreno,Martin Moreno,117750,1
744681402298932,Nataly Vélez,Nataly Vélez,117371,4
1292510770785034,Concejal - Jorge Flórez,CST Business,116786,3
101291392464355,Partido Alianza Verde Tequendama,Carlos Andres Martinez Ramirez,115427,1
112879735138442,Congreso Nacional de Marketing Político,Yesid Guinand,114514,55
1605232543052696,Julio Mario Rey Rojas,Julio Mario Rey,111623,4
1519510178128827,Carlos Andrés Hernández Zuluaga,Carlos Andrés Hernández Zuluaga,111461,4
1475031376131499,Aleja y Jaime,These ads ran without a disclaimer,110988,1
100814725848464,Pedro J. Sánchez Rueda,Pedro J. Sánchez Rueda,110955,1
103568512612657,Yeferson Buitrago Gómez,Yeferson Buitrago Gómez,110447,3
941293005965935,Jonny Portilla Confía Putumayo,Jonny Fernando Portilla Moncayo,110284,6
267696020706452,"Orlando ""El Negro"" Saavedra",Luis Fernando Guerra,110030,2
407615769604377,Mutante,Fundación Mutante,110000,3
100234649131971,Yo soy,Juan Carlos Muñoz Diaz,108740,5
1594162734205923,Diego Laserna,Diego Laserna,108575,7
385663958916738,Juan Pablo Ramírez Galindo,Juan Pablo Ramírez Galindo,108401,3
843197419029270,Jose Elías Chams,Jose Elías Chams,108055,4
437554710309705,Jesús Sepúlveda Bermonth / Concejal de Cúcuta 2021-2023,Jesús Sepúlveda Bermonth,106976,2
118435207927784,Camilo Fandiño,Camilo Eduardo Fandiño Leon,106755,1
366661700340694,Carlos Javier Navas M,Carlos Javier Navas Murillo,105260,7
202077309866186,Instituto Distrital de Patrimonio Cultural,These ads ran without a disclaimer,105144,3
351633895540830,Cristhian Fernandez Concejal,Cristhian Camilo Fernandez Morales,104390,6
472904709784824,Jefferson Tuta,Jefferson Tuta,103304,3
1935823166456749,Óscar Hernán Sanclemente,ValleTV,103000,2
582482202101372,Jeisson Fonseca,Jeisson Albeiro Fonseca Mesa,102635,1
2015806768679741,Wadith Manzur Imbett,Wadith Manzur Imbett,102368,3
112646311755775,Otto Ali Suárez,Otto Ali Suarez Tafur,102232,5
122988594435371,Instituto Forymat,These ads ran without a disclaimer,102109,5
1959288650970975,Fernando Merchán,Fernando Merchan,101997,1
100100432794828,Nelson Lozano,Nelson Lozano,101261,8
106973842317140,Sophia Ribeiro,These ads ran without a disclaimer,100732,9
184350595671778,Innopolítica,Santiago Gutierrez Murillo,100241,3
111006856896783,Fernando Pulgarín,Fernando Pulgarín Castaño,100000,1
769356313118755,Aportando al Cauca T.V,Gustavo Adolfo Guzman Vallejo,100000,1
125661599234017,Alianza Reconstrucción Colombia,Alianza Reconstrucción Colombia,100000,1
576586942728605,Jorge  Fuerbringer FanPage,Jorge  Fuerbringer FanPage,100000,1
112310805108867,Hernan Cobo Arias,Juan Camilo Pachon Petev,100000,4
102847306082553,Tunja Merece Más,Daicy Celiani Echeverri Castillo,100000,1
556114294531596,ACOPI Caldas,ACOPI Caldas,100000,1
111772564882372,Jhon Edwin Andrade,Jhon Edwin Andrade,100000,1
106084624547400,Vidal,Cristian Alexander Cortes Yasno,99088,5
200480966638039,Supremacy 1914,These ads ran without a disclaimer,98316,2
1483999535145852,Alexi Valencia,Alexi Valencia,98302,1
103633981121412,John Mejia,John Mejia,98005,1
127866104913,IMF Smart Education,These ads ran without a disclaimer,97184,2
110862915167627,RR Soy Ciudadano,RR Soy Ciudadano,96333,2
734797156602148,Olarte Ciudad Bolivar,Miguel Angel Olarte Campos,95066,2
104064959093222,Linda Perdomo,Linda Perdomo,94999,3
101380345769714,Belen Caro,Belen Caro,94813,11
112410048487812,Diógenes Orjuela,Amy Reina Mayorga,93895,2
106152734587830,CMR TV,CMR TV,92892,3
107088599015969,Carlos Ovalle Morales,Carlos Ovalle Morales,91262,2
861234197280988,Stefany Gómez Concejala de Armenia,Stefany Gomez Murillo,91180,4
185963958959506,Bienestar y Derechos de los animales - Pedro Vargas,Pedro Andres Vargas Mariño,90904,8
807404696300854,Fabio Ignacio Mira Valencia - Kaliman,Fabio Ignacio Mira Valencia - Kaliman,90095,3
208173746321321,Entérate Pereira,Carolina Lozano,90010,13
581203269030846,Juan David Zuluaga,Juan David Zuluaga,90002,3
357281968315956,Deimer Flórez,Deimer Flórez,88790,3
566785573463878,Arley Gómez,Pedro Jose Cuellar Silva,88272,1
105240185909808,Marcos Urrutia,Diego Villada,87598,6
104393599328719,Alerta Villavo,Pedro Antonio Perdomo Ramirez,86747,2
105240185909808,Marcos Urrutia,Marcos Urrutia Candidato,85921,5
100313462584690,Silos merece MÁS,Jairo Alonso Gauta Granados,85181,4
101603658222672,jorgelozanodelcampo,Jorge Lozano,85087,3
818873838495671,Juliana Sepúlveda,Juliana Sepúlveda,84925,5
111224613562433,Diego Zambrano - #Putumayosomostodos,Diego Zambrano - #Putumayosomostodos,84878,5
420844811422014,Vive El Meta,Vive El Meta,84834,9
101648321558261,Jose Luis Portilla Henao,Jose Luis Portilla Henao,84461,5
107131402205525,emergente.podcast.futurohoy,These ads ran without a disclaimer,84351,1
405939179615966,Alcaldía de Vijes,Alcaldía de Vijes,84051,2
106125295156311,Jose Elner Gonzalez,Jose Elner Gonzalez Azcarate,84050,1
104867250871320,Política joven y segura por San Juan,Política joven y segura por San Juan,84034,1
103529342346614,Juan Andrés Ruiz Frutos,Juan Andres Ruiz Frutos,84000,1
103296446056121,VIVE Producciones Colombia,These ads ran without a disclaimer,84000,1
354172255431415,Alejandro García Ríos,Alejandro García Ríos,83151,1
444739439413527,Cristian León,Cristian Camilo Leon Ramirez,83008,4
105248448735784,Nadia Guirales - Vamos por el PACTO,Nadia Guirales Viveros,83000,3
248416326030329,Erika Herrera,Erika Herrera,82993,1
117410938022200,Alexander López Umbarila,Jorge Alexander López Umbarila,82937,7
885447188491218,Josué Camacho,Josué Camacho,82446,1
2308381916109967,Libardo Asprilla,Jaimer Cantillo Bello,82297,3
116675204673861,Movimiento Ciudadano Arriba Cartagena,Movimiento Ciudadano Arriba Cartagena,82085,1
105336055090792,Luisa Chimá,These ads ran without a disclaimer,82042,5
120677592657467,Data Analytic,Data Analytic,82019,1
316056528999754,Periodistas x el planeta,These ads ran without a disclaimer,81785,2
101990668625188,Sandra Jaimes Cruz,Sandra Jaimes,81364,3
2355517858002528,Página: Yeison Miranda,Página: Yeison Miranda,81147,3
310013106138836,Harold Ardila,Pavel Eduardo Rodríguez Durango,80999,4
117202918021667,Nueva Generación,NUEVA GENERACIÓN,80184,6
190422351124036,Jorge Gómez Urrego Concejal,Jorge Ivan Gomez Urrego,80000,1
103596816009903,Voy con Leo,Voy con Leo,80000,1
103720499217736,Andres Alberto Narváez Sánchez,Andres Alberto Narvaez Sanchez,80000,12
460313718057081,Oscar Rodriguez,Óscar Yesid Rodríguez,79993,1
143677842632724,Alejandro Fúneme,Alejandro Fúneme,79915,1
101036275822842,Omar Gualteros,Agency Rockets,79341,2
1102089866560913,Boyacá Noticias,Diego Alexander Perez Sanabria,78417,1
385797072218155,JAIR Acevedo,Acevedo Cavadia,78403,2
102323022708285,Juan David Carvajal Rengifo,Juan David Carvajal Rengifo,78313,3
103322192472349,Camilo Nemocón,Camilo Nemocón,78258,3
499976616711322,Richy Gómez,Ricardo Gómez Botero,77013,3
203230049696620,Bryan Orozco,These ads ran without a disclaimer,75994,1
105684879185975,Santiago Baquero,Santiago Andres Baquero Cuadra,75830,2
1289070337774136,Alcaldía Puerto Boyacá,Alcaldía Municipal de Puerto Boyacá,75446,3
257058768509536,Yamid Carvajal,Yamid Carvajal Carvajal,75299,4
1179914168809130,Leonardo Sánchez Quintero,Leonardo Sánchez Quintero,74905,3
1428408544046887,Flacso Uruguay,These ads ran without a disclaimer,74750,2
120353767717013,Victoria Feuillet,These ads ran without a disclaimer,73934,2
107094897428816,Amaury “El Mono” González,Amaury “El Mono” González,73916,7
103569201537524,Jhosedt Ruiz Villanueva,Space Marketing sas,73910,1
2839231929635523,Jorge Patiño,Jorge Patiño,73781,3
105788042199348,James Urrego,These ads ran without a disclaimer,73701,5
108597662815379,Diego Garay Concejal,Diego Alexander Garay Ruiz,73613,2
105027801758904,Noticias Reales de Cúcuta,Noticias Reales de Cúcuta,73528,2
112810058435594,Alerta Floridablanca,Javier Hernandez Rodriguez,73501,2
300766243837310,Cristhiam Jimenez Arévalo,Cristhiam Humberto Jimenez Arévalo,72399,1
103271204488275,Viviana Sánchez Sharvana,Sandra Viviana Sanchez Marin,71803,3
100301461321763,Didier Fabián González,Didier Fabián González,71158,2
1798830637009736,Ciudad Bolívar Ant.,Mauricio Marquez Valencia,70898,3
859664117498334,Martha Alzate,Martha Alzate,70851,1
214421385395371,Primero Justicia Colombia,Primero Justicia Colombia,70691,6
105097308302010,Dignidad y Compromiso Cundinamarca,Amy Reina Mayorga,70000,1
102311254498371,STC Medios,STC Medios,69402,4
105894917487205,Rigoberto cañon,Rigoberto cañon,69000,3
105011584239888,Oscar Salas Parra,Oscar Salas Parra,68913,3
202318696463177,ILC América Latina,These ads ran without a disclaimer,68413,1
111174841739202,Diego Arellano Beltran,Diego Fernando Arellano Beltran,67698,6
435214760003286,180 Grados Digital Quindío,180 Grados Digital,67312,7
1529335724037224,Aeropuerto del Café,INTUAL,67075,5
109055928797982,Lina De Armas,Jean Carlos Garcia Santander,66717,2
670081166403404,We Love Villavo,We Love Villavo,65999,2
127263917374129,90Segundos - Magazin en la Mira,Haisamar Emileidy Sanchez Cardenas,65768,6
102260352816985,Maribel Ortiz Olejua,Maribel Ortiz Olejua,65413,5
120353767717013,Victoria Feuillet,Victoria Feuillet,65133,2
395431971238982,Únete Con Claudia Llanos,Únete Con Claudia Llanos,65032,3
117033733757656,Martin Rojas,These ads ran without a disclaimer,64804,1
179981816252098,Juan David López,Juan David López,64664,2
117823701712681,Cedinsi Escuela de Entrenamiento en Herramientas Digitales,These ads ran without a disclaimer,64153,1
104947707728179,Personería Municipal Jamundí,Jorge Iván Mejía Gutiérrez,64000,4
174097049789783,Experience Idiomas,These ads ran without a disclaimer,63231,1
105591577885543,Camila Correa,Camila Correa,63210,1
100476942967460,Candelo Popayan,Candelo Popayan,63096,4
102940535876895,Lectura de Tarot y Guía Espiritual,These ads ran without a disclaimer,62660,3
204369220138135,Jaime Rodríguez,Jaime Rodríguez,62375,1
103753116058415,"Hicimos, hacemos, haremos",Movil Consultores,62343,1
1815548035421513,Miguel Bermudez,These ads ran without a disclaimer,62153,1
588841011459819,Abg. César Rodríguez,Cesar Hernando  Rodriguez Ramos,61844,3
100881479607241,Moises Daza Mendoza,Moises Daza Mendoza,61364,1
102676629272823,Germán Hernández,German Hernandez Vera,60010,1
108858300823303,Baluarte Académico,These ads ran without a disclaimer,60000,1
104615529279909,Patricia Rodriguez,Elvira Patricia Rodriguez Naranjo,60000,1
2068245743232990,Cesar Augusto Guzman,Cesar Augusto Guzman,60000,1
266293160217248,Mirador del Putumayo,Joan Mauricio Fajardo Coral,60000,2
2176312659130080,Movimiento Alternativo Social Mas,Mario Alexander Hurtado Quiñones,60000,1
105005878948596,Bruno Urán,Bruno Uran Cardona,59931,2
114057721623039,José Reinel - Para Volver a Creer,José Reinel - Para Volver a Creer,58622,6
104408337811741,Eduar Triana,Eduar Triana,58600,1
1791953117701952,Villavonoticias.com,Dumar Alecides Parra Fandiño,58474,16
187876917947909,REPUBLICA EVENTOS PRODUCCIONES,REPUBLICA EVENTOS PRODUCCIONES,58296,1
100383352725236,Presentes,Presentes,57980,1
122285814067303,Ruben Hernandez,These ads ran without a disclaimer,57906,1
106141182456682,Víctimas de la Liquidación de DMG,Sebastian Duran,57886,1
112879735138442,Congreso Nacional de Marketing Político,Congreso Nacional de Marketing Político,57544,3
103783897950958,ENTRE CEJAS - Noticias,ENTRE CEJAS - Noticias,56781,5
101105412337795,Jesús Bernal PZA,Jesus Hermel Bernal Delgado,55996,2
121613664262433,Luz Marina Quintero,Yesid Gonzalez Villar,55623,4
331723989837,Mapi Velasco,Mapi Velasco,55608,1
100138085007370,Mauricio Rodríguez,Mauricio Rodríguez,55486,2
317121325155720,Sin Editar,Sin Editar,55235,23
107408233930969,Brahiam Quintana,Brahiam Quintana,55000,2
102062969439227,Carmen Julia Gutiérrez,Carmen Julia Gutiérrez,54897,2
352333985439599,CarlosZuluaga,CarlosZuluaga,54349,2
2325955664348883,Cristhian Gómez,Cristhian Gómez,53578,3
1120708204636355,Alcaldía de Guacarí,ValleTV,52904,1
180520832454008,Samy Botina Hernandez,Samy Botina Hernandez,52886,1
1431824383809561,Camilo Torres,These ads ran without a disclaimer,52800,1
108127034850843,Randy Correa,Randy Correa,52040,1
112829330196207,Sandoval concejal,Jose Vicente Sandoval Camacho,51411,3
101042116159245,franklinlozanod,These ads ran without a disclaimer,51236,1
103249256022085,José García Aristizabal,These ads ran without a disclaimer,51206,2
2248569068714530,Álvaro Andrés Raad,Álvaro Andrés Raad,51193,1
2197264973818781,Alcalde Jicly Mutis Isaza,Alcalde Jicly Mutis Isaza,50737,2
108141088949319,Colombia Sin Mordaza,These ads ran without a disclaimer,50566,5
102821612760525,Diego Javier Mesa,Diego Javier Mesa,50420,3
306667680053810,Álvaro Acevedo - Concejal de Bogotá,Alvaro Acevedo,50420,1
474075353330741,Lucho Agudelo,Lucho Agudelo,50000,1
105648494452367,Diego Ceballos López,Diego Hernando Ceballos López,50000,1
111778290593679,Infórmate Plato Colombia,Miguel Angel Perez Arrieta,50000,1
471544960330066,Yandun Diputado Natural,Jordi Julian Galeano Gomez,50000,1
194971430602434,Alcaldía Mayor de Tunja,Alcaldía Mayor de Tunja,50000,1
100927142976163,Juancho Villegas - El Parche Independiente,Pedro Antonio Perdomo Ramirez,50000,1
451588681677173,Eduardo Contreras R,Ivan Mauricio Serrano Guerrero,50000,1
103814531988177,Daniel Vergara,Daniel Alcides Vergara Tobon,49998,3
100296481888093,Mayéutika,Mayéutika,49996,1
101194249566867,ING. Mohamad Amra,These ads ran without a disclaimer,49996,2
101563649556730,Carlos Tavera,Carlos Tavera,48655,1
100524179734740,Henry Niño,John Henry Niño Ramirez,48650,2
113218943476873,Onhighcol,These ads ran without a disclaimer,48289,2
107435990598450,Rosita Guevara,Jaime Armando Rodriguez Torres,47957,3
2170467886610139,Leonardo Silva,Leonardo Silva,47767,2
458923757608866,Fabio Otero Avilez,Fabio Otero Avilez,47686,6
1640791072871544,Fabián Rojas,Fabian Mauricio Rojas Garcia,47570,1
2046316915666219,La Fuerza del Cambio,La Fuerza del Cambio,47440,2
177418580619724,Lado a Lado,Lado a Lado,47415,1
103611558024292,Centro Superior de Estudios Financieros e Informáticos,Claudia Gonzalez Mancheco,47100,3
117508211329459,Constantino Trujillo,Juan Fernando Trujillo,47073,4
170276379775886,Instituto de Ciencia Política Hernán Echavarría Olózaga,Instituto de Ciencia Política Hernán Echavarría Olózaga (ICP),46637,5
584994241973875,Willy Cabezas,William Andrés Cabezas Montealegre,45986,2
103490259289485,Edwin Useche,These ads ran without a disclaimer,45462,1
108486598495385,Zaida Londoño Chavarro,Zaida Londoño Chavarro,45419,2
107659344462703,Nelson Guevara Farfán,Nelson Guevara Farfan,45350,1
355341287994204,Marcos Daniel Pineda García,Marcos Daniel Pineda García,45296,20
103802832547640,wilsonvanegasperez,These ads ran without a disclaimer,44646,1
101817102837713,Medardo Hernández Baldiris,Amy Reina Mayorga,44568,1
119187804523416,Jose Luis Pedreros Vargas,Jose Luis Pedreros Vargas,44523,4
106317512287851,Javier chaparro,Nicolas Salamanca Rojas,44408,3
295606090839834,Sebastian Parra,These ads ran without a disclaimer,44395,3
102739846159920,Lucho García,These ads ran without a disclaimer,44395,1
115455575768827,Dermaestetica Centro de Capacitación,These ads ran without a disclaimer,44064,3
909562829199636,Movimiento Ciudadano EducandoAndo,Juan Manuel Martin Ocampo,44013,1
110471482057401,Luis Eduardo Saavedra,Danna Gineth Castañeda Gómez,43928,2
111740168566110,Sunergy solutions,These ads ran without a disclaimer,43788,12
1823807254333065,Soy Más País,Soy Mas Pais,43461,2
1623979207858057,Hanner Concejal,Hanner Concejal,43254,2
107267795571030,Emprendiendo con la Oportunidad,These ads ran without a disclaimer,42928,1
1535486953389914,Emerson Meneses Gonzalez,Emerson Meneses Gonzalez,42888,4
548129555720726,Jesús David Contreras,Jesús David Contreras,42293,1
568211006614584,Fabian Higinio G.,Daniel Ricardo Metaute Gómez,42017,1
1314470175266037,Liderazgo politico,Mauricio Florez-Morris,41729,1
122565324152467,Elromeroese,Eliécer Romero Ramírez,41261,2
1319410371405224,Marketing Político,Mauricio Florez-Morris,41136,1
104402452272840,Guianzamayor.com,These ads ran without a disclaimer,41131,1
103340272626901,Institución educativa Cencac,These ads ran without a disclaimer,40990,1
1440271276189614,Ecoplaza Centro Comercial,These ads ran without a disclaimer,40946,1
1458739367777443,Wilson Gonzalez Piedecuesta,These ads ran without a disclaimer,40926,1
101875714614175,Kelly Rojas Cano,Kelly Rojas Cano,40851,2
225325920847874,Adrian Leal Mora,Adrian Leal Mora,40611,1
104523362286716,Leonardo Pereira,Leonardo Pereira,40164,2
112879735138442,Congreso Nacional de Marketing Político,These ads ran without a disclaimer,40030,5
108494317591858,Alexis Idarraga,Alexis Idarraga,40000,20
107592007270552,Primero Riosucio,Juan Carlos Barrera Valencia,40000,2
2200372883513792,Daniel Mendoza Zapata,Daniel Eduardo Mendoza Zapata,40000,1
165595280301956,Docentes del Valle del Cauca,Docentes del Valle del Cauca,40000,1
447123426141864,Lina Maria Garrido,Ricardo Andrés Peña Alcate,40000,1
2301802950094361,Wilson Gutiérrez Montaña,María Fernanda Casas Ramirez,40000,2
2081012991953059,Juan Diego Muñoz Cabrera,Juan Diego Muñoz Representante,40000,1
102281334798479,Anderson Acosta Torres,Anderson Acosta Torres,40000,2
2347968758813268,Julito Romero,Julito Romero,39999,4
378686602773406,Omar Ortega Concejal,Omar Hernando Ortega Molina,39998,1
1106418176235331,Santi Perdomo,These ads ran without a disclaimer,39956,2
229739057677886,Jairo Luis Ruiz,Jairo Luis Ruiz Perez,39741,1
229025100447408,Carlos Alberto López,Carlos Alberto López,39626,1
1656590977890066,IDEO U,These ads ran without a disclaimer,39367,2
1519006894853848,El Quindiano,EL QUINDIANO SAS,37850,2
110095518587579,Verdad & Pruebas,Verdad & Pruebas,37500,2
104195705703466,Neder Machacon Rivera,Neder Machacon Rivera,37474,5
94199711897,Hábitat para la Humanidad,These ads ran without a disclaimer,37370,2
106343180724656,José Julián Chia Concejal,José Julián Chia Concejal,36620,1
24382839930,CESDE,These ads ran without a disclaimer,36122,12
559578904170266,Oswaldo Avellaneda,Oswaldo Avellaneda,36069,3
321898324934012,Yeison Bohórquez,Yeison Bohórquez,36000,2
101447001198591,Angélica Gómez,Maria Angelica Gomez Lopez,35929,2
358442097543367,Materia,These ads ran without a disclaimer,35847,2
294451254536643,"Julián ""el politólogo""","Julián ""el politólogo""",35000,3
109415451925188,gompe13,These ads ran without a disclaimer,34949,1
119257721159833,Camilo Salazar Restrepo,Camilo Salazar Restrepo,34680,1
111381708523026,Juan Pablo Amariles Londoño - Pensemos Quimbaya,Juan Pablo Amariles Londoño,34487,4
827309657396301,Yamit Noe Hurtado,Yamit Noe Hurtado Neira,34190,2
351196695436136,Juli Álvarez,Juli Álvarez,34033,1
122989028111811,Alexander Ruiz,Edgar Alexander Ruiz Garcia,33613,1
330613740362540,Voces Regionales WEB,Jaime Montaño Castro,33545,2
228112874004221,Aguas y Aguas de Pereira,These ads ran without a disclaimer,33532,1
108045372211730,Camilo Usuga,NUEVA GENERACIÓN,33323,1
105114754629725,Mafe Pacheco,María Fernanda Pacheco Mejia,33241,1
1069804809760669,Alcaldía Boyacá Boyacá,Alcaldía Boyacá Boyacá,33109,1
100258216142217,Yuleycer Torrado,Yuleycer Torrado,33000,1
108623717386763,Jhonatan Pineda Agudelo,Jhonatan Pineda Agudelo,32808,1
105499305779270,juancaupeguifans,These ads ran without a disclaimer,32770,1
145925579383362,Jose Amelio Esquivel,José Amelio Esquivel Villabona,32533,2
106023887961995,Sergio Zúñiga,Sergio Mauricio Zuniga Ramirez,32116,1
1650104051920114,Iván Blanco Consultores,Miguel Ángel Silva Lozano,32049,1
110488335375659,Melissa Rocha Pinto,These ads ran without a disclaimer,31920,8
158439064365079,DR. Rodolfo Cruz,Juan Camilo Camelo Torres,31879,1
101941915735963,Rodrigo Lozano Cobo,Duwier Fernando Mosquera Santacruz,31833,1
108197464437089,Caminoalvoto,Caminoalvoto,31782,1
104349427672335,Rolando Castaño Vergara,Camilo Alexander Castaño Vergara,31655,2
101418726289030,Iván Díaz Tamayo,These ads ran without a disclaimer,31647,6
103569201537524,Jhosedt Ruiz Villanueva,Space Marketing,31539,1
100116533025064,La Victoria Noticias,La Victoria Noticias,31406,1
112622060418979,Fernando Mier Bolaño,Fernando Mier Bolaño,31222,2
121031430930858,L. Juan Miller - Senior Developer,These ads ran without a disclaimer,31077,2
110739551963437,Liliana Fernández Duque,Liliana Fernández Duque,31052,4
2334776863455455,Diego Cardona,Diego Cardona,30971,1
525412060949863,Americo Donado Concejal,Americo Donado Concejal,30786,1
411935876243052,Christian Perez,Christian Perez,30662,1
107346928933328,Guillermo Artunduaga,These ads ran without a disclaimer,30621,1
244851585554337,"KIUDO KWAN ARTES MARCIALES Y  DEFENSA PERSONAL Barranquilla, Colombia",These ads ran without a disclaimer,30468,2
198007553556533,Emisora Cultural de Pereira,These ads ran without a disclaimer,30446,3
101386258791625,Fedeseguridad,Fedeseguridad,30000,1
104432524252906,Leonardo Neira Alvarez,Página: Leonardo Neira Alvarez,30000,2
1741566786141150,Alcaldía Municipal de Sibaté,Alcaldía de Sibaté,30000,1
777725739278207,Montes Concejal,Carlos Montes,30000,1
100390666274901,Montaño M&W Abogados Asociados,These ads ran without a disclaimer,29990,1
1339254189431462,Tuto Gonzalez,Tuto Gonzalez,29965,2
106592632188718,Yolanda Rivera Bravo,Yolanda Rivera Bravo,29928,6
1233101650165858,Carlos A. Viloria,Carlos Viloria,29614,1
115577941547183,Daniela Cespedes Concejal,Daniela Yineth Cespedes Sanchez,29492,2
117301971257057,Diana Francedy Carvajal,These ads ran without a disclaimer,29295,1
108741772196529,Ricardo Andres Lopez,Ricardo Andres Lopez Berdejo,29060,3
188970968148276,Yimmy Picón Paez,These ads ran without a disclaimer,28827,1
110003151998202,Natalia Pavlov,These ads ran without a disclaimer,28546,2
105495947472221,Jorge García,Jorge García,28446,2
425899544931153,CloudMasters,These ads ran without a disclaimer,28375,2
302325033574602,Oscar Orlando Rios Sanchez,Oscar Orlando Rios Sanchez,28247,1
105342318780721,efrainecheverryconcejal,These ads ran without a disclaimer,28096,1
1916140878707009,7N Noticias,Edwin Iznardo Camargo Mojica,28024,1
102455054807790,Jorge Eduardo Ramirez,Jorge Eduardo Ramirez,27995,1
154720731223933,Partido Liberal Colombiano,PARTIDO LIBERAL COLOMBIANO,27770,1
107966524449588,Aguante Popular,Aguante Popular,27739,2
1702138929926817,Mongabay Latam,These ads ran without a disclaimer,27703,3
480137695665588,Nydia Corredor,These ads ran without a disclaimer,27671,4
1407514189462890,Carlos Master Muñoz,These ads ran without a disclaimer,27564,7
288558181158008,"Rigzone.com is The Leader in Oil & Gas Jobs, News, Oil Prices, and Events.",These ads ran without a disclaimer,27513,1
101529657857851,Stiven Vanegas Franco,Stiven Vanegas Franco,27266,1
103345652739048,Jesús Sepúlveda Bermonth,These ads ran without a disclaimer,27012,1
104194058046531,Omar Enrrique Ortega,Omar Enrrique Ortega,26924,5
2985975288082911,Lourdes Mateus: La Salud Es Tu Derecho,Lourdes Paola Mateus Serrano,26830,1
436672046793938,Noti Caguán Caquetá,Noti Caguán Caquetá,26703,1
691374267635241,Armando Córdoba,Armando Córdoba,25783,5
108872795471500,Valentina Villafañe,Valentina Villafañe,25477,3
107777585579281,Jose Antonio Rivera Valencia,Jose Antonio Rivera Valencia,25209,5
478695502188544,Actualidad Política Tequendama,Actualidad Política Tequendama,25000,1
100152491346515,Juan Carlos Iral Gómez,Juan Carlos Iral Gómez,25000,1
105114864273560,Fundación Funsavical,These ads ran without a disclaimer,25000,1
103703789075703,Ferney Muñoz,Ferney Muñoz,25000,1
541385419359306,Felipe Becerra,Felipe Becerra,25000,1
112064890693256,Julio César Gómez Salazar,Julio César Gómez Salazar,25000,1
2123572197971496,Javier Angulo,Javier Andres Angulo Gutierrez,24999,1
105834115720929,miguelangelraverojo,These ads ran without a disclaimer,24945,1
1075706725827769,Corporación Ateneo Porfirio Barba Jacob,These ads ran without a disclaimer,24860,1
706214723142462,Oscar David Benavides A,Oscar David Benavides Angulo,24843,1
413749832685440,Mauricio Barrientos Osorio Mbo,Mauricio Barrientos Osorio Mbo,24763,1
361906317540130,Michel Baldovino,Michel Javier Baldovino Lopez,24726,1
102202755409948,Movimiento Colombia,Cristian Hernandez,24676,9
104707221256206,Juan Carlos Malaver,Juan Carlos Malaver,24674,1
102383079246422,Paulo Gómez,These ads ran without a disclaimer,24659,1
104628303208123,Clínica Imbanaco,Clínica Imbanaco,24656,1
103923258733710,Isaac Poveda Baquero,Gerhard Yair Cueto Atencia,24529,2
1086829978159396,Roger Ayala R.,Roger Ayala R.,24127,1
108642638382761,darschan.ocampo,These ads ran without a disclaimer,24107,1
423124458019519,Café Y Petróleo,Café Y Petróleo,24040,3
101188681678160,Salomon Figueroa,Salomon Figueroa,23774,3
1548550405179586,Sunet Subdirectiva Tolima,Sunet Subdirectiva Tolima,23745,1
110495931467309,"Cursos Online certificados, salud, estética y belleza",These ads ran without a disclaimer,23730,2
476783733146107,Oscar Armando Trujillo,These ads ran without a disclaimer,23700,1
743765416010766,Andrés Mendoza,Ramiro Andres Mendoza Barragan,23650,1
106640878493249,Omar Marín Reyes,Omar Marin Reyes,23650,1
140451182823675,Edwin Palma Egea,Edwin Palma Egea,23650,1
1040496566087066,Juan Carlos Cometa Vásquez,Juan Carlos Cometa Vásquez,23650,1
1417911218305903,Daniel Mauricio Restrepo Izquierdo,Daniel Mauricio Restrepo Izquierdo,23645,1
106673202422872,Luana Rocha,These ads ran without a disclaimer,23464,1
517994638230687,Gobernación de Sucre,Gobernación de Sucre,23420,1
102159318456572,James Parra Durán,James Parra Durán,23160,1
222289777922346,Héctor Olimpo,Héctor Olimpo,22696,1
358238074264420,Rpasur,These ads ran without a disclaimer,22575,1
109031948033775,Partido Verde Itagüí,Alexander Sanchez Vanegas,22368,1
105389361929573,Aircrw,These ads ran without a disclaimer,22198,1
105152267550074,Cata tu Candidata,Carlos Andres Martinez Ramirez,22198,1
333639083474232,Miguel Eduardo Muñoz Guevara,These ads ran without a disclaimer,22198,2
693993080789206,Luis Carlos Vallejos Rojas,These ads ran without a disclaimer,22198,1
765302097170348,Línea Cero,Linea Cero,21972,1
102281334798479,Anderson Acosta Torres,These ads ran without a disclaimer,21784,2
1972240086174602,Luis Fernando Buitrago Martinez Político,These ads ran without a disclaimer,21743,3
187876917947909,REPUBLICA EVENTOS PRODUCCIONES,These ads ran without a disclaimer,21704,1
101046256286876,Antimilitantes,Linea Cero,21656,1
107371007722417,El Santanderista,These ads ran without a disclaimer,21619,1
892246590823167,Noticias de arte y  Pinturas al OLEO.Jorge Orozco.,Noticias de arte y  Pinturas al OLEO.Jorge Orozco.,21473,1
108337371524077,Café Café Hotel Campestre,These ads ran without a disclaimer,21410,1
1715595945389310,Boost Business Consulting,These ads ran without a disclaimer,21102,1
519422578258945,Secretaría de Infraestructura del Cauca,Diego Alejandro Luna Bejarano,21076,1
105549448762445,Asesores de creditos de libranza,These ads ran without a disclaimer,20900,1
348491275224985,Jaime Bácares,Jaime Bácares,20889,2
1584499998299846,Movimiento Juvenil Giganteño,Movimiento Juvenil Giganteño,20887,2
104847399245546,Adrián Osorio,Andrés Avila,20718,1
1956865101237851,Lucía Carvajal,Lucía Carvajal,20407,1
108298925574779,Aprendamos de Hidroponía,These ads ran without a disclaimer,20111,5
104575245899789,Sofia Gómez Cabrera,Sofia Gómez Cabrera,20058,3
106680105432196,Lina Rivera,These ads ran without a disclaimer,20045,2
106287665048145,Sebastian Bedoya,Sebastian Bedoya,20000,1
112635458512978,Gloria Hernández,Gloria Acened Hernandez,20000,1
674235259688031,Carlos Ñuztes - Un Equipo para Todos,Carlos  David Ñuztes,20000,2
108489893822657,Alcaldía De Guasca 2020-2023.,Alcaldía De Guasca 2020-2023.,20000,1
708197592914793,Meeting Colombia,Rafael Jose Rios Buelvas,20000,4
100879781962060,Diego Esteban Guio Rodríguez,Diego Esteban Guio Rodríguez,19999,1
106073989169334,Alexander Gue Giraldo #Alcalde,Alexander Gue Giraldo,19996,1
821184711269478,Maria Fernanda Plazas,Maria Fernanda Plazas Bravo,19991,3
109250935259244,Tikun Talks,These ads ran without a disclaimer,19134,2
124090555657911,Juan Carlos  Vidueñez    2023 / 2027.,These ads ran without a disclaimer,18998,1
102191429444447,Congregación Espiritual Hermanas de Luz,These ads ran without a disclaimer,18791,1
120282467734632,Risaralda Avanza,These ads ran without a disclaimer,18487,1
358872774180600,Empresa de Vivienda de Antioquia VIVA,Juan Camilo Botero García,18417,1
105807725786865,jhonfeiberurrea,These ads ran without a disclaimer,18133,1
105946795816031,Daniel Mejía Carmona,Daniel Stiven Mejia Carmona,18000,1
101441461273485,Cursos Especializados del Valle,These ads ran without a disclaimer,17863,4
1484031468591827,nexos+1,These ads ran without a disclaimer,17758,3
105073207967492,CTG Perú,These ads ran without a disclaimer,17758,1
2176990602583797,El Politicón,El Politicón,17625,1
101040836265176,Diana Grueso,These ads ran without a disclaimer,17615,1
191860522364920,el_fueradejuego,These ads ran without a disclaimer,17592,1
777687585680684,Política LLanera,Política LLanera,17550,2
100430885163803,johnalzateq,These ads ran without a disclaimer,17433,1
100191956438870,César Andrade,César Andres Andrade Ocampo,17314,1
111796858584271,Luisa Al Concejo,Luisa Natalia Bayona Niño,17118,3
266450273989206,Claudia Margarita Zuleta M.,Claudia Margarita Zuleta Murgas,17067,2
182061512544740,Tv Valledupar,Luis Fernando Guerra,17019,1
172603406118663,Poder Estéreo 88.4 FM,Rafael Jose Rios Buelvas,17017,4
291685151700016,Julio David Alzamora Arrieta,These ads ran without a disclaimer,16889,1
101822126249893,Giancarlo Avila Alvarez.,Jose Giancarlo Avila Alvarez,16597,1
111283090704964,Andres Arias,Arnulfo Andres Arias Quintana,16315,2
110949610429115,Nelson Camacho Caicedo,Nelson E. Camacho Caicedo,16000,1
104225931872147,Canal 6,Camilo Andres Nieto Poveda,16000,2
117050711322214,María Paola Álvarez,Maria Paola Alvarez Puerta,16000,1
106607802258548,Victoria Santander,Victoria Eugenia Santander Ñañez,16000,1
527136077735125,Thomas Balaguera,Thomas Balaguera,15641,2
300894327467174,GIAE,These ads ran without a disclaimer,15472,1
105311938353424,Trading Legend รวยรวยรวย - 37Games,These ads ran without a disclaimer,15449,3
106469609129312,Reburú Ensamble,These ads ran without a disclaimer,15445,1
115610041447469,Más Democracia,Luis Miguel Perdomo Celestino,15094,1
155933364485285,Revista El Congreso Siglo XXI,Revista El Congreso Siglo XXI,15000,1
101688552085007,Andrés Ramírez,These ads ran without a disclaimer,14996,1
1670687776515651,Tachi Nieto a la Alcaldía,These ads ran without a disclaimer,14532,1
114648461608472,Jhon Cardona & Eyner Vasquez / Egresados Unipacifico,These ads ran without a disclaimer,14426,1
199897540054379,Félix Gracia,These ads ran without a disclaimer,14424,1
280833151162,LCI Barcelona,These ads ran without a disclaimer,14188,1
21474437688,Deloitte,These ads ran without a disclaimer,14162,1
103578712068802,URIEL AVILA,Uriel Rafael Avila Barrios,13996,2
104246275656176,Formación Laboral Certificate,These ads ran without a disclaimer,13925,2
104432524252906,Leonardo Neira Alvarez,Leonardo Neira Alvarez,13918,1
120672175244436,Innovación Lebrija,Innovación Lebrija,13899,1
598919400606134,Jhon Ermel Rios,Jhon Darvin Rojas Montilla,13582,2
293769527755915,Andrés Santiago Arroyave,These ads ran without a disclaimer,13532,1
339017510001793,Cristian Céspedes,Cristian David Céspedes Correa,13463,1
1409186522683714,Escuelacuarteldeventas,These ads ran without a disclaimer,13319,3
332066767702024,Javier Sotelo - Sotelistas 100%,These ads ran without a disclaimer,13319,1
300766243837310,Cristhiam Jimenez Arévalo,These ads ran without a disclaimer,13197,2
106676965765921,leuda_guevara_,These ads ran without a disclaimer,13021,1
121638447515460,Marcelo Almeida,These ads ran without a disclaimer,12897,1
108633808903656,Juan Carlos Vargas,These ads ran without a disclaimer,12830,2
113252038260132,Francisco Javier Guzmán Figueroa,These ads ran without a disclaimer,12685,1
103434099411073,Yo Voy Con Ella,These ads ran without a disclaimer,12440,2
122076557554081,Futbol Noticias,These ads ran without a disclaimer,12354,1
141361183156268,Juan Carlos Upegui,These ads ran without a disclaimer,12342,1
152914224736727,Banco Mundial,These ads ran without a disclaimer,12253,8
101523866222113,Javier Muñoz,These ads ran without a disclaimer,12225,1
140618522640240,Eurocine - Festival de Cine Europeo en Colombia,These ads ran without a disclaimer,12062,1
326278321584643,Juan Pablo Villalobos,Juan Villalobos,11998,1
306733413435811,Luis Díaz,Luis Díaz,11995,1
110209732077344,Alejandro Galan Espinosa,These ads ran without a disclaimer,11978,1
113805144289592,Periódico La Pirámide,Periodico La Piramide,11960,1
479285342097950,AeroTime,These ads ran without a disclaimer,11898,1
105185971938169,Cabaňas el silencio,These ads ran without a disclaimer,11755,1
112872221753732,Sara Perez,These ads ran without a disclaimer,11550,16
108902108872621,Libardo Velez Moreno,These ads ran without a disclaimer,11405,1
473465970056774,Hogar para Adultos Mayores Nuestros Años Dorados,These ads ran without a disclaimer,11368,2
107285478943961,paolameragaviria,These ads ran without a disclaimer,11295,1
164499104298953,Terry Hurtado,Patricia Dosman Castillo,11262,1
108911715535356,Infórmate sobre Empleos,These ads ran without a disclaimer,11203,1
101956582475074,Por la próxima a la derecha / xladerecha,These ads ran without a disclaimer,11169,1
111866598324109,Silvio Salinas Trafficker Digital,Silvio Salinas Trafficker Digital,10978,3
112078748460588,Es el momento - Andres Piedrahita,These ads ran without a disclaimer,10904,1
118108157945980,Jaime Luis Bazza Castrillo,These ads ran without a disclaimer,10885,1
104095809013690,eltikuna,These ads ran without a disclaimer,10727,1
100775989595765,Nhora Mondragón,Nhora Yhanet Mondragon Ortiz,10658,1
104382477593915,Gabriel Mendez Pineda,These ads ran without a disclaimer,10610,1
100912541413695,Más Impulso,These ads ran without a disclaimer,10452,3
331745034044928,Carlos Moscoso,Carlos Julio Moscoso Avendano,10436,1
100657948433952,"Medico, Jorge Alvarez Barreto","Medico, Jorge Alvarez Barreto",10396,2
348227052718193,Independientes,These ads ran without a disclaimer,10390,1
104808742496732,Mauricio Antonio Gomez Reyes,These ads ran without a disclaimer,10277,1
500990433750685,El Mocho Romero,These ads ran without a disclaimer,10088,1
164818487435032,Concejal Wilson Rodriguez,Concejal Wilson Rodriguez,10043,1
107615634797638,Jonathan Moreno,These ads ran without a disclaimer,10000,1
103067512287861,Corregimiento de Campoalegre Tuluá,Andres Fernando Loaiza Barona,10000,1
479087972585998,Oscar Quintero Ferro - Colectivo Cultura Saravita,Oscar Quintero Ferro - Colectivo Cultura Saravita,9999,1
100319211712051,Walter Salas,These ads ran without a disclaimer,9994,1
521031295090513,Duke El Bueno,These ads ran without a disclaimer,9852,1
1097160080323759,Alcaldía de Guachené Cauca,Alcaldía de Guachené Cauca,9629,1
546893098752272,concursaconexito.com,These ads ran without a disclaimer,9604,1
117939824584620,Poder Supremo,These ads ran without a disclaimer,9583,1
110919931870148,DIANA PEÑA,These ads ran without a disclaimer,9571,1
1379991518962469,Fernando Rivera Saraza,lapix publicidad y mercadeo sas,9551,1
102887575228781,Moviéndonos,Moviéndonos,9500,1
299604886911205,Tizumba Online,Tizumba Online,9460,1
1482174305394430,el pupitre de Pilu,These ads ran without a disclaimer,9458,1
2132677393438035,Instructor Zuar,These ads ran without a disclaimer,9389,1
111084907879340,Andres Verá Arango,These ads ran without a disclaimer,9361,1
102187272839185,VEnde MÁgicamente,These ads ran without a disclaimer,9091,4
114129871548446,Esoterismo karel,These ads ran without a disclaimer,9036,2
106403159027682,Adolfo Tabares,These ads ran without a disclaimer,9000,1
2347968758813268,Julito Romero,These ads ran without a disclaimer,8970,1
117715164648578,rayoncolectivo,These ads ran without a disclaimer,8947,1
1447035642269618,Medyest Group,These ads ran without a disclaimer,8905,1
112316371841381,lopera9021,These ads ran without a disclaimer,8879,1
100989294775838,Liga BetPlay Dimayor,These ads ran without a disclaimer,8879,1
100548779682211,Oriente Vivo Oficial,NEO LANZAMIENTOS,8879,2
103349656043637,sra_h_30,These ads ran without a disclaimer,8879,1
110470161893843,Orgullo Antioqueño,These ads ran without a disclaimer,8879,1
469642780512771,Stephen Mora Rosales,These ads ran without a disclaimer,8879,1
123041744107323,juanfsabaneta_fans,These ads ran without a disclaimer,8865,1
697731027343547,Carolina Arbelaez,These ads ran without a disclaimer,8752,1
119728271119361,Jairo Alexander Rojas Álvarez,Jairo Alexander Rojas Álvarez,8707,2
102037505278093,Alvaro Portilla Molina,These ads ran without a disclaimer,8696,1
104496576734422,Ing. Giovany Pinzón,These ads ran without a disclaimer,8693,1
103703789075703,Ferney Muñoz,Fercho Muñoz,8669,1
1653819678270007,Virgilio Huergo Gomez,Virgilio Huergo Gomez,8618,1
175638131749,Ruta Pacífica de las Mujeres  Valle del Cauca,These ads ran without a disclaimer,8615,2
2274735309226951,Marinilla con Futuro,These ads ran without a disclaimer,8361,1
108611250490499,Dumar Sebastián Sánchez,These ads ran without a disclaimer,8200,1
111224613562433,Diego Zambrano - #Putumayosomostodos,Diego Fernando Zambrano Pardo,8155,1
413749832685440,Mauricio Barrientos Osorio Mbo,These ads ran without a disclaimer,8068,1
117408829656317,Clara Ines Chaves - Escritora,Henry Framz Martinez Gonzalez,7998,1
1832438050403942,Amin Losada,Amin Losada,7971,1
102222486188604,leopoldoramongomez,These ads ran without a disclaimer,7956,1
1668929590004327,Avanzoft Software Avanzado,These ads ran without a disclaimer,7922,2
104850351196871,Fly - Publicidad Digital,Fly - Publicidad Digital,7794,1
110633531919902,El Empresario De Moda,These ads ran without a disclaimer,7664,1
104038958989660,H2GO Colombia,These ads ran without a disclaimer,7634,1
513075715554189,Área de inversión,These ads ran without a disclaimer,7614,1
106126447882358,RAUS Quynza,These ads ran without a disclaimer,7464,1
110646350270279,Abelardo Parra Aristizabal,These ads ran without a disclaimer,7392,1
87243838116,Apóstol Gustavo Paez,These ads ran without a disclaimer,7388,1
762647990424656,Sango Films,These ads ran without a disclaimer,7220,1
334015604130825,Francisco Calderon Feriz,These ads ran without a disclaimer,7109,1
100428109680263,Julian Pinzon,These ads ran without a disclaimer,7026,1
106111829154728,fps32023,These ads ran without a disclaimer,6902,1
102201889126471,Instituto de Formación y Capacitación IFC,These ads ran without a disclaimer,6829,1
145449032166702,Así Vamos en Salud,These ads ran without a disclaimer,6806,1
113382465498624,Banco Agrario de Colombia,These ads ran without a disclaimer,6775,1
104614921209452,Los Bastardös Custom Tattoo Club,These ads ran without a disclaimer,6764,1
103601601990272,Partido Liberal Directorio Buenaventura,Lari Fernando Vasquez Ocoro,6696,1
140280689337896,Escuela de Posgrados en Comunicación - Universidad Austral,These ads ran without a disclaimer,6615,2
106767642241695,soyfbo,These ads ran without a disclaimer,6576,1
164363583611275,Bedós Bonaterra,These ads ran without a disclaimer,6574,1
103726829245001,Fernando Pisso Escalante,These ads ran without a disclaimer,6439,1
116416778011798,Tomas Cundumi Ocoro,These ads ran without a disclaimer,6370,1
105958818751944,Nicole Rivas,These ads ran without a disclaimer,6353,1
109929518695543,Albeiro Rincón,These ads ran without a disclaimer,6333,1
643307955729923,Rabino Yosef Garmon - יוסף גרמון,These ads ran without a disclaimer,6260,1
104349427672335,Rolando Castaño Vergara,These ads ran without a disclaimer,6227,1
1519006894853848,El Quindiano,These ads ran without a disclaimer,6139,1
103574029020204,martinduquegallo,These ads ran without a disclaimer,6130,1
106962558985029,Naty Suarez,These ads ran without a disclaimer,6083,6
103324992726075,Gustavo Ceballos,JAVIER BONILLA,6046,1
116503553088702,Denuncia Sabaneta,These ads ran without a disclaimer,6046,1
990678611117796,Yulian Jurado,Yulian Ferney Jurado Ocampo,6006,1
511370508930038,Palabras Mass,Edwin Alberto Diaz Baez,6000,1
100208535631567,Ruben Hernan Montoya Arboleda,Ruben Hernan Montoya Arboleda,5897,1
1987778598132344,Robert Adrián Ramírez,Antonio community,5894,1
1152593961566115,Pitalito 24siete,Pitalito 24siete,5798,1
101523866222113,Javier Muñoz,Javier Muñoz,5777,1
133281856727859,Unitécnica,These ads ran without a disclaimer,5746,2
109994878773014,Cerrito Noticias,These ads ran without a disclaimer,5694,1
111502331891904,Yaneth Maritza Moncayo Giraldo,These ads ran without a disclaimer,5563,1
101726209529539,VI Conferencia Panamericana,These ads ran without a disclaimer,5563,1
100141205057826,Carlos Betancourth Duque,These ads ran without a disclaimer,5505,1
101772341304724,HUILA Digital,These ads ran without a disclaimer,5477,1
107442595626184,Cumorah Bookstore,These ads ran without a disclaimer,5464,1
2434618916569284,Jeraldin Vera,These ads ran without a disclaimer,5403,1
110233121706541,Q'hubo Neiva,Q'hubo Neiva,5315,1
115380211505392,el hijo del profe,These ads ran without a disclaimer,5181,1
111086685639012,Gimnasio Pedagógico Nuestra Señora de Fátima,These ads ran without a disclaimer,5151,1
113777949987820,Janeth Soveida Rios,These ads ran without a disclaimer,5139,1
126890277346299,El Isleño.com,These ads ran without a disclaimer,5069,1
208173746321321,Entérate Pereira,Entérate Pereira,5000,1
118996547827367,Subli.project,These ads ran without a disclaimer,4992,1
109642681794285,Ricardo Corso Buitrago,Ricardo Corso Buitrago,4988,1
101665504541288,Jair Andrade,Jair Fernando Andrade Florez,4972,1
112393475182252,Esteban Gómez Zapata,These ads ran without a disclaimer,4968,1
1501219250114677,Fundación Mujer del Nuevo Milenio - Fundamil,FUNDAMIL,4953,1
121350964566751,DHL Motorsports,These ads ran without a disclaimer,4729,2
318006422243177,ALBA Network,These ads ran without a disclaimer,4729,2
105920354096585,Marleny Lopera - Política,These ads ran without a disclaimer,4698,1
1545442339029597,Christian José Moreno,These ads ran without a disclaimer,4678,1
101457766031847,A dos pasos del cielo,These ads ran without a disclaimer,4587,1
103150501144126,xioacevedo,These ads ran without a disclaimer,4573,2
101574425772088,Un Pacto Por Guachucal,These ads ran without a disclaimer,4471,2
115711184745624,Barbacoas Cuento Contigo,These ads ran without a disclaimer,4447,1
102885978969295,Corporación Unidades Técnicas del Oriente - UTO,These ads ran without a disclaimer,4441,1
105434295876078,redjuafro.lac,These ads ran without a disclaimer,4440,1
378036902617379,ATFX,These ads ran without a disclaimer,4440,1
425468610983737,Culture Creators,These ads ran without a disclaimer,4440,1
19746387261,Humane Society International,These ads ran without a disclaimer,4440,3
103112734928592,carolina_convers_,These ads ran without a disclaimer,4440,1
113018404966771,Jhon Jairo Arias Betancourt,These ads ran without a disclaimer,4440,1
118592938221174,ZTE Corporation,These ads ran without a disclaimer,4440,2
421230071559225,Alex Paúl - Educación,These ads ran without a disclaimer,4405,1
107955395631840,Empléate Aquí,These ads ran without a disclaimer,4397,1
124109327256894,Dra. Ângela Pistão,These ads ran without a disclaimer,4389,6
715775232176565,Lucas Ramos,These ads ran without a disclaimer,4361,1
105645202272681,Migración Hoy,These ads ran without a disclaimer,4306,1
620594738043840,EJEMPLAR.co,These ads ran without a disclaimer,4219,1
100162738241949,Xu Zeyu,These ads ran without a disclaimer,4218,1
1430728760563024,Sindicato de Trabajadores Municipales de barrancabermeja,These ads ran without a disclaimer,4172,1
112783766810033,Pacto por la Heroica,These ads ran without a disclaimer,4142,1
106084624547400,Vidal,These ads ran without a disclaimer,4049,1
102113055573820,adrianadocarmofigueiredo,These ads ran without a disclaimer,4032,1
103205752753101,Ronald Valdes - La Ciudad es la Gente,These ads ran without a disclaimer,3994,1
111151495285896,TECNISUMINISTROS SAS,These ads ran without a disclaimer,3992,1
102068816057227,Danny Wilson Carvajal,These ads ran without a disclaimer,3957,1
100301461321763,Didier Fabián González,These ads ran without a disclaimer,3740,1
103622546046057,Juan Pablo Contreras Barrera,Juan Pablo Contreras Barrera,3710,1
109569643904668,Centro Tecnologico de Cúcuta,These ads ran without a disclaimer,3690,1
131189377574,MDPI,These ads ran without a disclaimer,3594,4
124239537241795,Luis Ernesto Mosquera SUTEV Valle,Andres Fernando Loaiza Barona,3566,1
261393040627329,Universidad Bíblica Latinoamericana,These ads ran without a disclaimer,3521,1
120949370948049,Evolución mental,These ads ran without a disclaimer,3501,1
347265340270,Architecture Competitions,These ads ran without a disclaimer,3500,1
373435890054026,Cristhian Jaramillo,These ads ran without a disclaimer,3478,1
130136833750497,IELTS Official,These ads ran without a disclaimer,3463,1
187249518102579,Cimarrón Producciones,These ads ran without a disclaimer,3438,1
190205874430928,Hacienda Bogotá,These ads ran without a disclaimer,3392,1
105678602507906,Doris Jácome Rodriguez,These ads ran without a disclaimer,3316,1
111381708523026,Juan Pablo Amariles Londoño - Pensemos Quimbaya,Andres Felipe García Ramirez,3145,2
1685755648327288,QMode,These ads ran without a disclaimer,3121,1
107771778700060,criptocuriosas,These ads ran without a disclaimer,2991,1
122226337484423,Energía Inti,These ads ran without a disclaimer,2967,4
1019461331409408,Alexandre Paiva,These ads ran without a disclaimer,2955,1
951909358153155,Marketing Político Y Gobierno,These ads ran without a disclaimer,2951,1
103488685765636,Marcela Moura,These ads ran without a disclaimer,2911,1
115499496913396,Christian Camilo Moncada Mora,Christian Camilo Moncada Mora,2819,1
100454656301733,Festival Del Fuego Vivo Colombia,These ads ran without a disclaimer,2808,2
100863581294326,Alfredo Garcia Reyes,These ads ran without a disclaimer,2797,1
100752886313514,Leydi Diaz Angarita,These ads ran without a disclaimer,2673,1
108562965017764,vaccottifer,These ads ran without a disclaimer,2640,1
111232968542053,Manual del Instalador Solar,These ads ran without a disclaimer,2607,1
114624311556960,Academia de ingenieros,These ads ran without a disclaimer,2561,1
102060127908718,jvalderramasa,These ads ran without a disclaimer,2520,1
521259264681242,Alejo De Bedout,These ads ran without a disclaimer,2498,3
101642839569704,Javier Marulanda,These ads ran without a disclaimer,2430,1
107560495600996,Antonio Perez Toño,These ads ran without a disclaimer,2419,1
314979495294421,Milena Parra,These ads ran without a disclaimer,2399,1
132630133153670,Aviso Importante COL,These ads ran without a disclaimer,2372,1
100374392742057,Weregreenly- Magazine,These ads ran without a disclaimer,2353,35
120208404383845,Espiritualidad,These ads ran without a disclaimer,2320,1
104722751816273,Diplomatura en Bioarquitectura,These ads ran without a disclaimer,2312,3
110603551710539,Claudia Ramírez,These ads ran without a disclaimer,2272,1
113033414950104,Concejal David Murcia Rodriguez,These ads ran without a disclaimer,2211,1
542698955909272,Golden Capital FX,These ads ran without a disclaimer,2087,1
103848039309631,chepeelcaballito,These ads ran without a disclaimer,2042,1
638298683189782,Topclass Academy,These ads ran without a disclaimer,2027,2
64982236830,Alumni Association of the University of Michigan,These ads ran without a disclaimer,1945,1
116308369063243,Kambria,These ads ran without a disclaimer,1902,1
174019942646289,Centro de Exportación e Inversión de República Dominicana | CEI-RD,These ads ran without a disclaimer,1820,1
565225540184937,CGTN,These ads ran without a disclaimer,1687,7
2332728863420154,Sebastian Lorenzen,These ads ran without a disclaimer,1667,1
146627512070062,International Air Transport Association (IATA),These ads ran without a disclaimer,1598,2
121399424291543,caro7074,These ads ran without a disclaimer,1513,1
190175260992658,Raul Cubilla,These ads ran without a disclaimer,1421,1
118325041261734,UBAFILOCursos,These ads ran without a disclaimer,1416,1
105261852589696,Colombia Apoyo Social,These ads ran without a disclaimer,1392,1
111979235195228,TusPapers247.com,These ads ran without a disclaimer,1376,1
102523715838909,Sindy Jimenez,These ads ran without a disclaimer,1264,1
103482575534216,Amor Prohibido,These ads ran without a disclaimer,1206,1
107952565612386,Academia de Técnicos Profesionales,These ads ran without a disclaimer,1206,2
114188765267564,Alianza Francesa Bogotá,These ads ran without a disclaimer,1153,1
115575820139019,Af Fhyf,These ads ran without a disclaimer,1110,2
918318338180165,CHINT GROUP,These ads ran without a disclaimer,1065,1
104257642616950,Daniel Castaño Mesa,These ads ran without a disclaimer,1047,1
111382880566506,Caro,These ads ran without a disclaimer,981,1
101981918812659,Sindjus,These ads ran without a disclaimer,947,1
110276517374915,ojala_ser,These ads ran without a disclaimer,946,1
111402245118997,Centro Integral de Respuesta Médica y Servicios de Salud,These ads ran without a disclaimer,928,1
305443930185737,Juan Pérez,These ads ran without a disclaimer,900,4
102800349457803,Huila en red,These ads ran without a disclaimer,859,1
109996252043797,El Paredón,These ads ran without a disclaimer,851,1
114186743283123,Australia Express,These ads ran without a disclaimer,844,1
1543353175947544,Tibidabo Ediciones,These ads ran without a disclaimer,804,1
465572140144556,Juan Diego Castrillón Orrego,Henry Leonardo Romero Moncayo,772,5
105240185909808,Marcos Urrutia,These ads ran without a disclaimer,758,1
102075516192854,Draw For Change,These ads ran without a disclaimer,757,1
1465646276779035,Los Secretos Judíos,These ads ran without a disclaimer,730,3
113126638396730,Andrés Aristizábal Marín,These ads ran without a disclaimer,721,1
101436044789330,pato.cine,These ads ran without a disclaimer,690,1
965858460111672,HiCue Speakers,These ads ran without a disclaimer,672,1
102089582862961,Beneficios Colombia,These ads ran without a disclaimer,669,4
241073726637708,El Buum Noticias,El Buum Noticias,664,1
117036884684307,Manuel Garcia,These ads ran without a disclaimer,660,1
104065704766619,Marigold Arts,These ads ran without a disclaimer,611,1
121023887558824,Choripues ms,These ads ran without a disclaimer,611,1
119728271119361,Jairo Alexander Rojas Álvarez,These ads ran without a disclaimer,603,1
102630459184626,Ju no Mundo,These ads ran without a disclaimer,600,1
1823807254333065,Soy Más País,These ads ran without a disclaimer,591,1
1589154051350606,FOZ - Friends of Zion Museum,These ads ran without a disclaimer,535,2
104031068075049,Gaby Ramos Locutora,These ads ran without a disclaimer,500,1
867889593292760,Empocaldas,INTUAL,490,1
138634813014016,"Alvaro Múnera, grupo de amigos del Diputado Animalista",Alvaro Munera Builes,468,1
533882799994202,Michael Choi,These ads ran without a disclaimer,444,1
102998939765184,Persian bms,These ads ran without a disclaimer,444,3
112049128387402,Miguel Fortuna,These ads ran without a disclaimer,439,1
2258836034388943,Sak Fundación,These ads ran without a disclaimer,400,1
101715608808670,Judgment Day: Angel of God,These ads ran without a disclaimer,385,1
113884784953956,valentinonarraciones,These ads ran without a disclaimer,373,1
111143460272499,Glendy Adonaida,These ads ran without a disclaimer,355,1
217519028785017,Nature Research Custom Media,These ads ran without a disclaimer,330,2
160175474153,Vanguardia,These ads ran without a disclaimer,325,1
101270342992909,Denuncias Neiva Huila Colombia,These ads ran without a disclaimer,311,2
111456533751878,BeHealth,These ads ran without a disclaimer,311,1
106958485272881,geliteraturaeditaduras,These ads ran without a disclaimer,287,1
111283271603417,Taicang Entdecken,These ads ran without a disclaimer,266,2
71613839321,Merca2.0,These ads ran without a disclaimer,266,4
101788036213814,Jairo Orozco,These ads ran without a disclaimer,263,1
435259723296695,Política Internacional - Otra Mirada,These ads ran without a disclaimer,262,1
105991485310502,FundacionInspirat,These ads ran without a disclaimer,234,1
501875056613491,ELLAS - Mujeres y Filantropía,These ads ran without a disclaimer,230,1
345390190120001,Giovannagilalves,These ads ran without a disclaimer,230,1
1960218154032713,Estrategia Marketing Político,These ads ran without a disclaimer,230,1
100172476278127,Easy Study,These ads ran without a disclaimer,219,1
104895304310595,La Propia Pizzeria,These ads ran without a disclaimer,218,1
161666143844859,Sandvik,These ads ran without a disclaimer,208,1
103501611166874,Saurio,These ads ran without a disclaimer,186,1
149290745229517,Online Antisemitism Task Force,These ads ran without a disclaimer,178,1
2047538222215360,Mario Saavedra  #haciendoladiferencia,These ads ran without a disclaimer,155,1
108827338788235,Hernando Morales,These ads ran without a disclaimer,144,1
144424995613743,Plaza Mayor Chía,These ads ran without a disclaimer,139,1
122468034984334,Alirio Melo Portilla,These ads ran without a disclaimer,134,1
116847823054597,Mesa Graffiti Usaquén,These ads ran without a disclaimer,123,1
100639706272139,Bianca Gomes,These ads ran without a disclaimer,104,7
276223169903154,De La Mano Con Cedano,These ads ran without a disclaimer,≤100,1
179855312221800,SERNA GROUP,These ads ran without a disclaimer,≤100,1
139681112726364,Boletín de la Computación,These ads ran without a disclaimer,≤100,2
104733815718720,Yucelis Rada Barbur,Yucelis Rada Barbur,≤100,1
500259383489171,Guidable,These ads ran without a disclaimer,≤100,1
2179680032345809,Cesar Augusto Torres Ríos,Cesar Augusto Torres Ríos,≤100,2
113333280054,University for Peace,These ads ran without a disclaimer,≤100,2
121892191231546,Евразийский банк развития,These ads ran without a disclaimer,≤100,1
110911817279802,ERIK Puentes,Jhon Erik Puentes Estevez,≤100,1
117194690188062,Universidad de la Palabra,These ads ran without a disclaimer,≤100,1
106573632404586,NYCrippyK,These ads ran without a disclaimer,≤100,1
178117386051353,SunContract,These ads ran without a disclaimer,≤100,1
110818941452003,Morehackz Stories,These ads ran without a disclaimer,≤100,1
126341310727603,Lysa Vinci,These ads ran without a disclaimer,≤100,1
820138368148167,Panapark Free Zone,These ads ran without a disclaimer,≤100,1
116276158090585,Business & Finances,These ads ran without a disclaimer,≤100,1
120710477664248,Fpl mopthefloor,These ads ran without a disclaimer,≤100,1
556475357727793,World Organisation for Animal Health,These ads ran without a disclaimer,≤100,2
142423195795018,AccessMBA,These ads ran without a disclaimer,≤100,1
985173398241132,Gloria Bournigal,These ads ran without a disclaimer,≤100,1
217065798665069,Bob's Hideout,These ads ran without a disclaimer,≤100,1
102863425976057,Clinton Best,These ads ran without a disclaimer,≤100,1
155438574470276,DW українською,These ads ran without a disclaimer,≤100,1
604722406392945,Stagings Travel Design,These ads ran without a disclaimer,≤100,1
405992869868497,Situary,These ads ran without a disclaimer,≤100,1
207268042645317,Macquarie Group,These ads ran without a disclaimer,≤100,1
100413328754140,We Will Rank You podcast,These ads ran without a disclaimer,≤100,1
1877361012493253,China Mosaic,These ads ran without a disclaimer,≤100,1
111029555106166,Bruno Capanema Internacional,These ads ran without a disclaimer,≤100,2
107816645208695,Flagship Store Closing Clearance,These ads ran without a disclaimer,≤100,1
208338536239798,This Is Beijing,These ads ran without a disclaimer,≤100,1
1397405843841104,Ines de la Fressange Paris,These ads ran without a disclaimer,≤100,1
1883003128429295,Queer Majority,These ads ran without a disclaimer,≤100,1
105238361289938,jacksonm.arte,These ads ran without a disclaimer,≤100,1
110428748083535,Fleming College Toronto,These ads ran without a disclaimer,≤100,1
112338611784279,Private Tool,These ads ran without a disclaimer,≤100,1
101383575004783,En Primera Línea,These ads ran without a disclaimer,≤100,1
1531952323492366,REVALIDAR,These ads ran without a disclaimer,≤100,1
415660445909640,Mónica Guerrero,These ads ran without a disclaimer,≤100,1
100327138885820,TANG ZI WEN,These ads ran without a disclaimer,≤100,1
116934494636757,Nifty News,These ads ran without a disclaimer,≤100,3
342526129176907,World Maritime University - headquarters,These ads ran without a disclaimer,≤100,1
101845204556898,naelyce,These ads ran without a disclaimer,≤100,1
120653470956423,melissadez_,These ads ran without a disclaimer,≤100,1
17043549797,MIT Technology Review,These ads ran without a disclaimer,≤100,1
104099512361482,Funnies Now - Magazine,These ads ran without a disclaimer,≤100,3
106651332335494,Marketing para psicólogos,These ads ran without a disclaimer,≤100,1
1592983857598216,China Eastern Airlines,These ads ran without a disclaimer,≤100,2
108091988358295,Travels All Abroad,These ads ran without a disclaimer,≤100,2
110350770626164,Joel Castillo Comunica,These ads ran without a disclaimer,≤100,1
312898778847834,TERRAM PACIS,These ads ran without a disclaimer,≤100,2
102800215034719,Lux & Lush - Culture,These ads ran without a disclaimer,≤100,1
115800384770622,hildemaroinfante,These ads ran without a disclaimer,≤100,1
111515355263738,CVX-yzx16-5.10,These ads ran without a disclaimer,≤100,1
116679401363112,Kelce Jam,These ads ran without a disclaimer,≤100,1
121147297646274,history_in_comparisons,These ads ran without a disclaimer,≤100,1
218798922334223,COFCO,These ads ran without a disclaimer,≤100,2
208371683037269,NBCU Catalyst,These ads ran without a disclaimer,≤100,10
435272526866135,North American Kurdish Alliance - NAKA,These ads ran without a disclaimer,≤100,1
120223804387904,dailypositivityboost,These ads ran without a disclaimer,≤100,2
113891387104461,IWC Industrial Water Cooling,These ads ran without a disclaimer,≤100,1
113827451693474,Ravovpn-secure&fast Proxy,These ads ran without a disclaimer,≤100,1
108148958352704,Travelers Spot,These ads ran without a disclaimer,≤100,1
231077503937746,Kueez,These ads ran without a disclaimer,≤100,1
103760159378613,Racing Guru,These ads ran without a disclaimer,≤100,1
405379246524515,DHL Express,These ads ran without a disclaimer,≤100,2
105039417804164,IZZY - Stream Israel,These ads ran without a disclaimer,≤100,1
102687851702182,Víctor González González,These ads ran without a disclaimer,≤100,1
554321264901980,Soy Gaby Mor3,These ads ran without a disclaimer,≤100,1
116355337718182,Moli lulu,These ads ran without a disclaimer,≤100,7
316496640057,7iber,These ads ran without a disclaimer,≤100,2
108625789179165,Soi Dog Foundation,These ads ran without a disclaimer,≤100,1
104703102623379,Cyber Proxy-0505,These ads ran without a disclaimer,≤100,1
172348652806226,DEKRA,These ads ran without a disclaimer,≤100,1
101949155245965,Graduatez - Campus Life,These ads ran without a disclaimer,≤100,1
126205140373896,Valentine Dei,These ads ran without a disclaimer,≤100,1
365762827209116,Pediatra Guillermo Stern,These ads ran without a disclaimer,≤100,1
120047201065759,Merge Dinosaurs Game,These ads ran without a disclaimer,≤100,1
110333931764735,Smile Papers,These ads ran without a disclaimer,≤100,1
107169648214472,Every Day Koala Living,These ads ran without a disclaimer,≤100,1
106170661628518,香港V,These ads ran without a disclaimer,≤100,1
105002292060157,TrinoGarcia,These ads ran without a disclaimer,≤100,1
596616004194330,zoniezonedmuzik,These ads ran without a disclaimer,≤100,1
150793518281117,Covestro,These ads ran without a disclaimer,≤100,1
19595510126,Annual Reviews,These ads ran without a disclaimer,≤100,1
116373134780373,Emprende con Reparaciones y Mantenimiento,These ads ran without a disclaimer,≤100,2
31292782350,Deutschland.de,These ads ran without a disclaimer,≤100,6
157586528019668,Nigel Ng,These ads ran without a disclaimer,≤100,1
107647258831836,Weregreenly- Magazine Page 3,These ads ran without a disclaimer,≤100,2
483106561800880,Paginário,These ads ran without a disclaimer,≤100,1
117367944668919,Foundation for Active Civic Education-FACE,These ads ran without a disclaimer,≤100,1
106774006022127,מסע - Masa Israel Journey,These ads ran without a disclaimer,≤100,1
187766727949541,Deportivo Alavés,These ads ran without a disclaimer,≤100,7
111881424653695,Swank Guide,These ads ran without a disclaimer,≤100,1
112107421825902,suadyouthcop,These ads ran without a disclaimer,≤100,1
572978392867519,University of Applied Sciences Upper Austria,These ads ran without a disclaimer,≤100,1
112864228133921,Funnies Now - Stories,These ads ran without a disclaimer,≤100,1
137775936298821,HoneyTrek,These ads ran without a disclaimer,≤100,1
112220134851421,Under the Sisterhood,These ads ran without a disclaimer,≤100,2
115591005188475,Global Times,These ads ran without a disclaimer,≤100,1
286094071469577,VINCI Energies,These ads ran without a disclaimer,≤100,1
107280087594348,Huanqiu.com,These ads ran without a disclaimer,≤100,1
694820194040229,Martina Roig,These ads ran without a disclaimer,≤100,1
102623776002357,Funnies Now - Magazine Page 2,These ads ran without a disclaimer,≤100,1
117039841320523,Big Pink Youth Dialogue,These ads ran without a disclaimer,≤100,1
1822470024659191,NAGA Culture,These ads ran without a disclaimer,≤100,1
398610380712044,River Cleanup,These ads ran without a disclaimer,≤100,7
95775573753,Frontiers,These ads ran without a disclaimer,≤100,1
47815171686,Banyan Tree Hotels & Resorts,These ads ran without a disclaimer,≤100,1
2272627156357949,Newest Crowdfunding Inventions,These ads ran without a disclaimer,≤100,1
150830641743673,Tomplay,These ads ran without a disclaimer,≤100,3
7456251769,SAP,These ads ran without a disclaimer,≤100,1
1449261928703911,Lux & Lush,These ads ran without a disclaimer,≤100,1
104771915596698,Bruno Lopes,These ads ran without a disclaimer,≤100,1
110143245258992,Saima AI,These ads ran without a disclaimer,≤100,2
104367438045215,Con Edgardo en Vivo,These ads ran without a disclaimer,≤100,1
101567895290702,Me Time - Today,These ads ran without a disclaimer,≤100,1
101466184613456,Fuzzy Times,These ads ran without a disclaimer,≤100,2
224597158386607,Rosa Luxemburg Foundation,These ads ran without a disclaimer,≤100,2
103018869332378,BantuPage,These ads ran without a disclaimer,≤100,1
122125810793113,Gam Speeder,These ads ran without a disclaimer,≤100,1
1390745591150821,NRC - Norwegian Refugee Council,These ads ran without a disclaimer,≤100,1
103374201768435,Graduatez - Lifestyle,These ads ran without a disclaimer,≤100,1
107691964950618,_analog_dialogue,These ads ran without a disclaimer,≤100,1
101349122508290,Dr Sanquetta,These ads ran without a disclaimer,≤100,1
100729512507592,Eloy Navarrete Asesor Comercial Dienav,These ads ran without a disclaimer,≤100,1
1990880717882519,The China Current,These ads ran without a disclaimer,≤100,1
102023009327901,Global Compassion Coalition,These ads ran without a disclaimer,≤100,2
1473321922884514,Chińskie Radio Międzynarodowe,These ads ran without a disclaimer,≤100,1
2279264422124393,Vibra Latina Houston,These ads ran without a disclaimer,≤100,1
401216590272929,Amazon Kindle Direct Publishing - SP,These ads ran without a disclaimer,≤100,1
101581162485363,No más contrabando,These ads ran without a disclaimer,≤100,1
115138161487991,Surf Proxy,These ads ran without a disclaimer,≤100,1
250305668489402,Professor Kenny,These ads ran without a disclaimer,≤100,1
418775708189870,Social Movement Technologies,These ads ran without a disclaimer,≤100,1
108367678367599,Mok Reading,These ads ran without a disclaimer,≤100,1
872194049600781,Joorala,These ads ran without a disclaimer,≤100,1
2480533842232920,POWERCHINA,These ads ran without a disclaimer,≤100,1
2321831948105920,Antioqueña de plásticos García,These ads ran without a disclaimer,≤100,1
101849728551147,Fun Break Central,These ads ran without a disclaimer,≤100,7
368119983327926,العربي الجديد,These ads ran without a disclaimer,≤100,1
114434291631957,The Style Gala,These ads ran without a disclaimer,≤100,1
112077024899370,Comics Stadium,These ads ran without a disclaimer,≤100,4
103659765532260,華夏focus,These ads ran without a disclaimer,≤100,1
102300279228311,MadeinChina,These ads ran without a disclaimer,≤100,1
102211979093712,EdHeroes,These ads ran without a disclaimer,≤100,1
618086438391102,Taiwan in the EU and Belgium,These ads ran without a disclaimer,≤100,3
110706815111019,Phillips Shonta,These ads ran without a disclaimer,≤100,1
755436437809787,Against The Sun,These ads ran without a disclaimer,≤100,4
111716750661105,怦然星動,These ads ran without a disclaimer,≤100,1
102245370126806,Luis Felipe Tilleria,These ads ran without a disclaimer,≤100,1
103092238774307,Sobe Ad Agency,These ads ran without a disclaimer,≤100,1
111830251767809,Plastic 2 Energy,These ads ran without a disclaimer,≤100,1
1548871702035547,Університет імені Альфреда Нобеля,These ads ran without a disclaimer,≤100,1
105885549169547,Kanazawa - WebNovel,These ads ran without a disclaimer,≤100,2
101149662460553,Avo Magazine,These ads ran without a disclaimer,≤100,1
220898724599599,Ação da Cidadania,These ads ran without a disclaimer,≤100,2
1573569742675365,Voltalia,These ads ran without a disclaimer,≤100,1
320764908366958,诛仙-中国第一仙侠手游,These ads ran without a disclaimer,≤100,1
113498135073155,Woof Vpn-0509-1,These ads ran without a disclaimer,≤100,1
1661980207382407,Princess Pat Akpabio,These ads ran without a disclaimer,≤100,1
1857723914544494,Cristoviveenmi tv,These ads ran without a disclaimer,≤100,1
2335613803134168,Okori Digital,These ads ran without a disclaimer,≤100,1
106326665675559,Star Gather,These ads ran without a disclaimer,≤100,1
158820864253198,Mario Sergio Cortella,These ads ran without a disclaimer,≤100,3
1065631633538453,Physicians Across Continents,These ads ran without a disclaimer,≤100,3
430258463820053,International School of Ministry with Pastor Chris,These ads ran without a disclaimer,≤100,1
142329112477770,البنك الدولي,These ads ran without a disclaimer,≤100,1
107030042358272,Jonathan Diaz,These ads ran without a disclaimer,≤100,1
102412572855200,Widget Master-0505,These ads ran without a disclaimer,≤100,1
108973022114001,Liceth Medina Salazar,These ads ran without a disclaimer,≤100,1
50847079398,Carlos Arraiz,These ads ran without a disclaimer,≤100,1
109929565728434,Chavetas Viajes,These ads ran without a disclaimer,≤100,1
104757109108151,CasaMama Quilla,These ads ran without a disclaimer,≤100,1
111727494842051,Maria Silva,These ads ran without a disclaimer,≤100,1
188872144758,CCTV,These ads ran without a disclaimer,≤100,1
517403111646259,Andap Nacional,ANDAP Academia Nacional de Aprendizaje,≤100,2
110952798512995,luisnunezoficial,These ads ran without a disclaimer,≤100,1