Page ID,Page name,Disclaimer,Amount spent (CZK),Number of ads in Library
176688316811,Vodafone CZ,Vodafone Czech Republic a.s.,286288,8
55876739776,Greenpeace Česká republika,Greenpeace Česká republika,137093,77
60516116431,Člověk v tísni,"Člověk v tísni, o.p.s.",116736,34
487445514669670,Petr Fiala,ODS - Občanská demokratická strana,84109,50
179497582061065,Tomio Okamura - SPD,Svoboda a přímá demokracie - SPD,62008,124
120343698070515,Liberální institut,Liberální institut,59339,5
251656685576,KDU-ČSL,KDU-ČSL,50895,24
104768355190287,Sázíme Česko,PlanetWe Rewild s.r.o.,45461,55
210778132327279,Prima,Prima,45348,10
295551360389,Úřad vlády ČR,Úřad vlády ČR,44000,2
111041662264882,ČSSD,ČSSD,38325,9
197010357446014,Ondřej Prokop,Ondrej Prokop,35653,12
60516116431,Člověk v tísni,Člověk v tísni o.p.s.,32403,6
107898832590939,European Commission,European Commission,31429,12
109629611650694,"Good Clothes, Fair Pay",These ads ran without a disclaimer,30718,6
30575632699,ODS - Občanská demokratická strana,ODS - Občanská demokratická strana,28070,40
103430204491217,Robert Šlachta,PŘÍSAHA - občanské hnutí Roberta Šlachty,26630,5
211685455639198,Ministerstvo práce a sociálních věcí,Ministerstvo práce a sociálních věcí,26350,12
394570898000897,Kniha Revoluce - Jakub Trpiš,Jakub Trpis,24601,46
90002267161,TOP 09,TOP 09,24373,16
356451014434612,Marian Jurečka,KDU-ČSL,23274,14
34825122262,Časopis Reflex,CZECH NEWS CENTER a. s.,23252,32
1469427909957890,Reportér magazín,Reportér magazín,18558,10
1956144064659620,BlueTV,Aliance pro budoucnost,17731,5
147547541961576,Council of the European Union,Council of the European Union,17560,21
267751653384029,Pardubický kraj,Pardubický kraj,17520,6
693725074166331,Naše zdravotnictví,Naše zdravotnictví,17156,25
108726857444837,České zájmy v EU,DFMG,16843,8
264983260329918,Rádio Universum,Kupředu do minulosti s.r.o.,16241,28
137301989386,Aktuálně.cz,Aktuálně.cz,15566,23
106834174877753,Svět hospodářství,"SH media, spol. s r.o.",14898,26
200480966638039,Supremacy 1914,These ads ran without a disclaimer,14625,4
52479821102,Týdeník Respekt,Týdeník Respekt,14160,21
178362315106,European Parliament,European Parliament,13940,58
169065407139584,Tilt,European Greens,13603,22
112832651308203,Stejná odměna,Česká rada sociálních služeb,13564,16
139379141293,Paměť národa,"Post Bellum, z.ú.",13419,20
424114981002397,Český rozhlas Plus,Český rozhlas,12699,70
378827025796132,Peak.cz,Peak.cz,11961,67
1416733788557863,Pravda o vodě a voda lidem,Pravda o vodě a voda lidem,11478,5
206407509818,Blesk.cz,CZECH NEWS CENTER a. s.,11474,10
50309511751,Český rozhlas - Radiožurnál,Český rozhlas,11098,16
111108757492137,Libor Vondráček • Svobodní,Libor Vondráček • Svobodní,10628,19
192011067504855,Do práce na kole - AutoMat,"AutoMat, z.s.",10500,5
58887737763,Hnutí DUHA - Přátelé Země Česká republika,Hnutí DUHA - Přátelé Země Česká republika,10075,14
100609955039699,Corrency,Corrency,9381,18
124152241443,Čmelák - Společnost Přátel Přírody,Čmelák - Společnost přátel přírody,8829,7
100602322206023,Radka Maxová,Radka Maxová,8799,5
154228456802,Divadlo v Řeznické,"Divadlo v Řeznické, o. p. s.",8639,4
315972808450196,ČSOB,ČSOB,8409,1
579215965436046,JSNS,"Člověk v tísni, o.p.s.",8249,6
257529307701966,Jiří Pospíšil,TOP 09,8187,39
495496033796328,Stanislav Blaha,Stanislav Blaha,8129,17
153384318085064,EUROPEUM Institute for European Policy,EUROPEUM Institute for European Policy,8080,8
317530692148022,Evropa v datech,Evropa v datech,8045,10
101722985492419,Klára Kocmanová,Česká pirátská strana,7977,4
103938318701247,Lidoviky CZ,These ads ran without a disclaimer,7816,2
180133882078712,MINT Market,These ads ran without a disclaimer,7715,19
287724754662359,HateFree Culture,HateFree Culture,7564,9
100201752249169,Spolu21,Občanská demokratická strana,7038,10
117823623864,Transparency International ČR,Transparency International ČR,7005,27
460558621177512,Zálohujme.cz,Zálohujme,6946,8
545254525495201,Pravý břeh - Institut Petra Fialy,"Pravý břeh, z.s.",6821,5
711658465662315,XTV,XTV,6305,37
384187235387895,Alena Schillerová,Alena Schillerová,6292,7
108298372563042,AMIGA - Agency for Migration and Adaptation,AMIGA - Agency for Migration and Adaptation,6197,3
299124538476,Zachraňme lesy,Hnutí DUHA - Přátelé Země Česká republika,6142,8
101388832294667,Noviinky CZ,These ads ran without a disclaimer,6080,4
101894271393926,Daniel Kůs - Radní Plzně,Daniel Kůs,6000,2
280617905401953,Alexandra Udženija,Občanská demokratická strana,5971,11
551976351670874,Zdeněk Hraba,Zdeněk Hraba - senátor,5916,41
263441620339662,Nestlé,Nestlé Česko s.r.o.,5892,2
100843142503124,ZjistiVíc.cz,Zjisti víc,5826,2
242117635912490,ODS - Plzeňský kraj,Občanská demokratická strana,5791,21
133030253410089,Jan Šafařík - náměstek hejtmana,Jan Šafařík,5698,12
171936526824,EKONOM.cz,"Economia, a.s.",5496,11
206045673805,Deník.cz,VLTAVA LABE MEDIA a.s.,5307,3
321762510282,Michal Kučera,Michal Kučera,5257,7
177797512857659,srovnám.cz,These ads ran without a disclaimer,5104,7
102907672280977,Co bude dál?_________,NFSix.org,5000,6
107437608120753,Zastavme špinavé prachy,Re-set: platforma pro sociálně-ekologickou transformaci,4894,4
307333759374560,Česká národní banka,Česká národní banka,4740,2
282765711734893,Piráti Moravskoslezský kraj,Dedek Jakub,4719,12
104940818596176,Akordy Václava Hnátka,Michaela Kaufmanová,4376,2
397919187215,Evropská komise v ČR,Evropská komise v ČR,4365,6
273367223021327,Veronika Vrecionová,Veronika Vrecionová,4247,5
227416910669250,Komora daňových poradců ČR,Komora daňových poradců ČR,4196,28
113743658978459,Meltingpot,Meltingpot,4183,19
437293906329369,SnadnaMaturita.cz,SnadnaMaturita.cz,4147,3
102368582415300,Hnutí za levnější vodu v Protivíně,"PRodukujeme, s. r. o.",4064,7
124212050978293,Kverulant org,Kverulant org,4043,5
101279652413889,SPOLU pro Prahu,SPOLU Praha,3998,6
275383259179951,Tepelná čerpadla IVT,Tepelná čerpadla IVT,3914,12
55408246161,Amnesty International ČR,Amnesty International ČR,3832,25
132373033451174,PR Klub,"PR Klub, z. s.",3745,5
428577723904706,Národní ústav duševního zdraví,These ads ran without a disclaimer,3744,3
119507111085664,matesgregor,These ads ran without a disclaimer,3741,1
39371299263,Zelení - Strana zelených,Zelení - Strana zelených,3659,63
123858471641,iROZHLAS.cz,Český rozhlas,3624,7
134443820058669,Zbyněk Stanjura,ODS - Občanská demokratická strana,3560,2
370583064327,Starostové a nezávislí • STAN,Starostové a nezávislí • STAN,3500,5
214827221987263,Andrej Babiš,Andrej Babiš,3486,7
110208494972750,"Eva Rajchmanová, senátorka za Hodonínsko, Kyjovsko a Veselsko",KDU-ČSL,3397,23
284944781875,EURACTIV.cz,EURACTIV.cz,3348,16
125830487980906,Solární asociace,Solární asociace,3303,6
13204463437,"UNHCR, the UN Refugee Agency",These ads ran without a disclaimer,3257,5
58864692622,Český rozhlas Vltava,Český rozhlas,3205,7
343987063337791,CyberBlog,Cyber Security Solutions s.r.o.,3142,8
367656464950,TOP 09 - Praha 10,TOP 09 - Praha 10,3108,3
1382120098684027,Radim F. Holeček,Radim Holecek,3000,3
118636354851151,ODS Pardubice - oblastní sdružení,ODS - Občanská demokratická strana,3000,1
361281313901258,Komerční banka,"Komerční banka, a.s.",3000,2
1776002445975063,V síti Ivana Langera,RiverSong s.r.o.,2993,1
214545975335100,Prace.cz,These ads ran without a disclaimer,2825,6
2092588267635432,Cena Gratias Tibi,"Člověk v tísni, o.p.s.",2799,2
108342850697974,Hejtman Josef Suchánek,Starostové a nezávislí • STAN,2763,4
102355962823703,Vysočina je nejvíc,Občanská demokratická strana,2760,5
1701718886552103,Moje Evropa,Moje Evropa,2690,10
330377600944854,Jaroslav Dvořák,Dvorak Jaroslav,2639,2
1797988800487493,eLegal advokátní kancelář,eLegal advokátní kancelář,2617,9
1600005766955141,Svoboda a přímá demokracie Ústecký kraj - SPD,Svoboda a přímá demokracie (SPD),2556,2
369035059843617,REMAX Delux,Tomáš Šimek,2531,7
1488001698123402,Tomáš Kaštovský,Tomáš Kaštovský,2508,10
822146574595819,Agrární komora České republiky,Agrární komora České republiky,2500,2
122904381068079,divadlo Líšeň,Divadlo Líšeň z.s.,2500,3
176688316811,Vodafone CZ,These ads ran without a disclaimer,2440,6
114216794363739,Žijeme Pardubice,ProPce21,2300,3
159935454034044,Pirátská strana - Karlovarský kraj,Česká pirátská strana,2199,6
1797185020366096,Scale,Scale,2181,3
105044522328586,VOID,These ads ran without a disclaimer,2083,2
1468464403368393,Herbert Pavera - Váš senátor na Opavsku,PRodukujeme s. r. o.,2029,7
56292993421,Jeden svět / One World,Člověk v tísni o.p.s.,2022,3
130631260290858,Piráti Středočeský kraj,Česká pirátská strana,2006,1
180888668609092,Datlab,Datlab s.r.o.,2000,1
319958294730813,Jihomoravský kraj,Krajský úřad Jihomoravského kraje,2000,2
1477535869227488,Vít Rakušan,Starostové a nezávislí,2000,1
109071351586518,Jiří Navrátil,Jiří Navrátil,2000,2
461430503957309,TOP 09 - Praha 6,TOP 09,2000,1
109787574497667,Aliance pro budoucnost,Aliance pro budoucnost,2000,2
302134090396266,Zdeněk Hřib - náměstek pro dopravu,Česká pirátská strana - Praha,2000,3
1649724681776439,ProMOST,ProMOST,2000,6
206284412716963,Plzeňský kraj,Plzeňský kraj,1990,3
1439143123070953,Svoboda a přímá demokracie  Liberecký kraj - SPD,Radovan Vích,1984,3
101661881517806,Jaroslav Komínek,Jaroslav Komínek,1976,6
609246842426009,Rekonstrukce státu,Rekonstrukce státu,1951,8
105692521913578,David Šimek,KDU-ČSL,1918,3
100955509189359,Redakce NF Svědomí národa,Nadační fond Svědomí národa,1905,3
332418787330819,VOK - Volba pro kraj,"Volba pro kraj, politické hnutí",1868,3
106901094332851,Recykluj - nespaluj,Recykluj - nespaluj hys,1864,6
192926034666717,Václav Pláteník,Václav Pláteník,1861,12
102620981865843,Jana Skopalíková - radní pro životní prostředí a zemědělství,Jana Skopalíková,1804,5
101720818609240,Vlna pomoci,"Vlna pomoci, z. s.",1800,6
662196877287140,Tomáš Třetina,PRodukujeme,1793,2
1393826507513693,"Jan Recman, místostarosta Prahy 2",Občanská demokratická strana,1777,4
108537032055709,Meta,These ads ran without a disclaimer,1656,2
101954531415600,Lukáš Vlček • STAN,Starostové a nezávislí,1640,4
849315472073267,Charita ve světě / Caritas Czech Republic in the world,Charita Česká republika,1596,1
1815379688541829,Jiří Nedvěd - zastupitel,Nedvěd Jiří,1582,4
112063685472868,KDU-ČSL Karlovarský kraj,Krajská organizace Karlovarského kraje KDU-ČSL,1581,4
109559738140148,Prima,These ads ran without a disclaimer,1562,2
1437561026464333,Patrik Kunčar,KDU-ČSL,1557,14
101571722521084,Prahajede.cz,Magistrát hl. města Prahy,1541,5
553405241527947,Kancelář architekta města Brna - KAM Brno,Kancelář architekta města Brna,1533,3
578342809023884,Jsme fér,Prague Pride,1516,3
176546515755264,AC24,AC24,1513,10
421423394666782,Aleš Dufek,KDU-ČSL,1504,11
1558359124403846,Každá plechovka se počítá,Každá plechovka se počítá,1500,1
721331648034162,Prostor Prostějov,Vojtech Jeřábek,1500,2
104635828989286,Teplator,"TEPLÁTOR, a.s.",1500,1
113322746709049,Karel Havlíček,ANO,1500,1
1533965953549869,Jaroslav Demčák,These ads ran without a disclaimer,1498,1
104539301984410,Idnescz,These ads ran without a disclaimer,1494,1
109245901506015,Radio cz,These ads ran without a disclaimer,1479,2
102844685102730,Olga Richterová - místopředsedkyně Sněmovny,Česká pirátská strana,1448,3
756920344370534,Exteria,These ads ran without a disclaimer,1443,4
386408828527231,Mirek Adámek,Mirek Adámek,1433,3
301480404671,Lunchmeat Festival,Lunchmeat,1411,2
100505211433010,Hejtmanka Petra Pecková,Starostové a nezávislí,1409,5
104398128891546,Jan Hrušovský,Jan Hrušovský,1409,3
140017002702721,PRO LEPŠÍ LOUNY,Pavel Janda,1400,4
103895482145144,Zdeněk Kettner - SPD,Zdeněk Kettner,1400,6
107836665045928,Aby bylo jasno,"ABJ, s.r.o.",1398,6
549351855145794,Michael Kohajda,Michael Kohajda,1392,6
560234673997803,Židovská obec Olomouc / Jewish Community Olomouc,These ads ran without a disclaimer,1375,1
117117357996926,Jungmannova národní akademie,These ads ran without a disclaimer,1366,3
1668630386739423,Munipolis,Mobilní Rozhlas,1364,2
188866358684457,Fuchs2,Fuchs2,1362,1
107341405343516,Mise Ukrajina,Mise Ukrajina,1267,7
186325994736589,Hnutí Pro život ČR,These ads ran without a disclaimer,1259,2
1060889564019324,Tomáš Prouza,Commpanions,1248,5
2106629662903134,Brno Brňankám a Brňanům,Tom Ulrich,1247,3
100713699374019,Richard Brabec,Richard Brabec,1247,5
1451909405021929,Applifting,Applifting s.r.o.,1244,6
1900532106849242,Institut H21,Institute H21,1243,2
201535993705342,Radim Sršeň,Radim Sršeň,1233,2
104713545735871,Kamar,These ads ran without a disclaimer,1212,4
282033615295005,Mladí lidovci Vysočina,Palan Jan,1200,1
126618627368438,Vojtěch Munzar,Munzar Vojtěch,1200,1
271054846258904,Praha 3,Městská část Praha 3,1200,3
952005618247538,Martin Červíček,Martin Červíček,1192,2
112503423634725,Josef Bazala,KDU-ČSL,1183,9
107563435940797,Skanska v ČR a SR,Skanska,1170,14
100528438562922,Oznam.to,Lexnova s.r.o.,1168,1
107776678913414,Michal Slavík,Michal Slavík,1150,7
164024787880257,Adapterra,Nadace Partnerství,1136,3
104819872149191,United4Ukraine,These ads ran without a disclaimer,1129,3
733410133337387,Michaela Šojdrová,Michaela Šojdrová,1115,14
102057048156517,Centrum pro dopravu a energetiku,"Centrum pro dopravu a energetiku, z.s.",1100,2
217321919134666,Kuba náměstek Rychtecký - Žijeme Pardubice,Jakub Rychtecký,1099,3
111210916534,Příběhy bezpráví,These ads ran without a disclaimer,1085,1
353821314687878,Ondřej Benešík,KDU-ČSL,1074,8
110318858712956,Новости Европы,These ads ran without a disclaimer,1067,2
1417899661810512,Participace 21,Decision 21,1062,2
548487565163265,"Buď Čech, buď laska",Tomáš Rufer,1060,9
192791664777731,Hana Žáková,Hana Žáková,1026,4
460558621177512,Zálohujme.cz,These ads ran without a disclaimer,1024,2
106691471931611,PRAHA 2 SOBĚ,PRAHA SOBĚ,1022,5
211401918930049,ANO,ANO,1017,10
252707698079845,Pavel Dobeš • místostarosta Prahy 3,Starostové a nezávislí,1017,4
452036944990872,OKTAGON MMA,These ads ran without a disclaimer,1013,2
105535088816764,SPOLU pro Lipence,Martin Trnka,1010,7
297565827101858,"Díky, že můžem","Díky, že můžem, z. s.",1008,2
1458827397686128,Koalice Vlasta,Koalice Vlasta,1004,4
378723137406,Český rozhlas Pardubice,Český rozhlas,1002,1
102335125456707,TV SKLAD,TV SKLAD,1000,2
101409722546949,Ivana Váňová,Ivana Váňová - senátorka KDU-ČSL,1000,2
809013272468388,Aliance pro rodinu,Aliance pro rodinu,1000,1
268855381127,SodaStream CZ,These ads ran without a disclaimer,1000,1
104826964705063,Hospodářská komora Praha 1,Hospodářská komora Praha 1,1000,1
119624098506,Kateřina Konečná,Filip Zachariaš,1000,2
416970502094774,Jarda Chalupský,Vondracek Libor,1000,1
587682004653785,Piráti Praha,Česká pirátská strana - Praha,1000,2
225916474201889,Země na talíři • Hra o klima,"Na mysli, z.ú.",999,2
1104866262972886,Michal Šmarda,Česká strana sociálně demokratická,992,2
101082378110228,Budoucnost,Budoucnost,977,2
103005225924210,Debatní spolek,Debatní spolek,963,3
109231571984405,Accelera,These ads ran without a disclaimer,961,1
139768309509688,Liberecký kraj,Liberecký kraj,955,5
145844610282,Institute of International Relations Prague / Ústav mezinárodních vztahů,Institute of International Relations Prague / Ústav mezinárodních vztahů,940,1
109494305284893,Tomáš Halva - radní Prahy 2,Halva Tomas,937,2
252545458271710,Lokni.cz,These ads ran without a disclaimer,924,1
105410686588,Piráti Brno,Česká pirátská strana - Jihomoravský kraj,921,7
111630758223843,Čistota vod,Jaroslav Jelen,913,5
265056436921261,NOVÁ SÍŤ,Nová síť z.s.,910,2
114870579921673,Top texty,Top texty,900,3
288004403427,"Friedrich-Ebert-Stiftung, zastoupení v České republice","Friedrich-Ebert-Stiftung, zastoupení v České republice",900,4
113339861358429,Vojtěch Mikoláš - místostarosta Prahy 12,Vojtěch Mikoláš,900,4
104452639037483,Starostové a nezávislí Unhošť,Michal Turnhöfer,898,1
258023711270930,CAMP - Centrum architektury a městského plánování,These ads ran without a disclaimer,896,7
130038285069,Lékaři bez hranic / Médecins Sans Frontières (MSF),"Lékaři bez hranic - Médecins Sans Frontières in Czech Republic, o. p. s.",864,2
107572505087543,AŘOV - Asociace řidičů osobních vozidel,"Asociace řidičů osobních vozidel, z.s.",843,4
267806570729225,Národní Noviny,Hrubon Rudolf,811,6
632583553444632,Piráti Havířov,Dedek Jakub,808,2
105493244837633,Czech-US Alumni,These ads ran without a disclaimer,800,1
350399975110519,Studentská sekce IIPS,Studentská sekce IIPS,800,1
410967476339422,Piráti Třinec,Dedek Jakub,798,1
167693886408,Nakladatelství Host,These ads ran without a disclaimer,796,1
2242877092705890,Adam Zábranský - pražský radní,Česká pirátská strana - Praha,787,2
102500511866371,Karel Smetana,Karel Smetana,768,5
2508000755881727,Štěpán Juránek - místostarosta,Štěpán Juránek,762,4
2027027804054275,Europe Direct Kroměříž,Europe Direct Kroměříž,760,1
108625789179165,Soi Dog Foundation,These ads ran without a disclaimer,755,4
105959931114296,Jan Schiller - politik,Jan Schiller - politik,750,2
113209521659039,Jan Procházka Starosta Městského obvodu IV Pardubice,Jan Porky Procházka,750,2
112696650094354,"Marcel Sikora, zastupitel Frýdku-Místku a Moravskoslezského kraje",Sikora Marcel,750,3
103624831753285,Jiří Crha - starosta Blanska a radní Jihomoravského kraje,Soska Marek,748,8
101937231589371,Čestmír Bouda,Čestmír Bouda,741,8
100528438562922,Oznam.to,These ads ran without a disclaimer,738,1
107733504431288,CEVRO ARENA,Jiří Cieslar,729,2
105446621928947,Antibiotika ztrácejí sílu,"Remmark, a.s.",715,1
227214100007,Rádio SPIN,These ads ran without a disclaimer,708,1
106455438982920,Back Legal,These ads ran without a disclaimer,707,11
310744935780286,Petr Veselka-starosta MOaP,Petr Veselka,704,3
778460319203526,Jaroslav Suchý,KDU-ČSL,700,1
158655234218517,KDU - ČSL Olomoucký kraj,KDU-ČSL,700,2
110269524460620,Tomáš Kratochvíl - starosta Bystrce,Tomáš Kratochvíl,699,1
229294384295513,"Přemysl Rabas, senátor",Premysl Rabas,670,1
220814337523,Kurzy.cz,"Kurzy.cz, spol. s r.o.",659,5
1570680696523246,Institut pro politiku a společnost,Institut pro politiku a společnost,655,4
107237888124833,Vy Oanh Authentic - Túi xách cao cấp uy tín,These ads ran without a disclaimer,639,5
495743860451696,TOP 09 - Praha,TOP 09,631,4
596070354093578,UkrConcert.cz - концерти українських артистів в Чехії,These ads ran without a disclaimer,629,1
86236499348,Národní zemědělské muzeum Praha,These ads ran without a disclaimer,621,4
100515362077191,Sencito,"Sencito.com,s.r.o.",611,2
315956335206,METROPOLE ZLIČÍN,These ads ran without a disclaimer,611,2
745225392241191,Primagas Česká republika,PRIMAGAS s.r.o.,600,3
1159209940952925,Tomáš Hřebík - strategický rozvoj Prahy 8,TOP 09,600,1
246136392205579,Ekomrcha,SH Media,600,1
567229570370422,Eva Decroix,Eva Decroix,600,2
116938576359818,Dalibor Uhlíř - 1. místostarosta Českého Krumlova,Dalibor Uhlíř,600,2
325598224118133,Viessmann,These ads ran without a disclaimer,597,7
105085385816298,Přestavby AT,These ads ran without a disclaimer,595,6
106725941551702,Daniela Kovářová,Anna Pocnarová,591,4
120461304659141,O2 CZ,These ads ran without a disclaimer,573,9
105998488267274,Robert Teleky,KDU-ČSL,570,4
364089260357085,STAN Plzeňský kraj,STAN,566,4
102521435457779,Josef Flek,STAROSTOVÉ A NEZÁVISLÍ,563,4
105772351523190,Zuzana Kudláčková,Zuzana Kudláčková,557,2
1382379128444365,Margita Balaštíková - poslankyně,Margita Balaštíková,556,2
2156599824411421,"Vojtěch Kos, starosta Prahy 12",Vojtech Kos,550,2
690269304366316,Volkswagen Financial Services CZ,These ads ran without a disclaimer,547,2
106493022741881,KLAUS Timber a. s.,These ads ran without a disclaimer,540,1
822146574595819,Agrární komora České republiky,These ads ran without a disclaimer,539,1
106783698419153,Parlamentnii listy,These ads ran without a disclaimer,536,1
102907672280977,Co bude dál?_________,These ads ran without a disclaimer,533,3
108166048910328,Срочные Новости,These ads ran without a disclaimer,529,1
127825910704640,Bosch Česká republika,These ads ran without a disclaimer,526,3
1410403182565683,Petr Hladík,KDU-ČSL,523,3
110285958334498,Svoboda a přímá demokracie - SPD Chomutov,Zdeněk Vaňkát,523,3
102720889486290,Новости Европы,These ads ran without a disclaimer,521,1
197675639025,Kosmas.cz,These ads ran without a disclaimer,519,1
1399200400308822,Martin Cibulka,CORP Production,511,1
111686391714671,Valeo CZ/SK,These ads ran without a disclaimer,509,1
252871781410820,KDU - ČSL Zlínský kraj,KDU-ČSL,500,2
440782776395359,Hradišťáci,Michal Dvouletý,500,1
289075461571,TOP 09 - Středočeský kraj,TOP 09,500,1
100631492222818,Patrick Zandl,Česká pirátská strana,500,2
147616362600631,Volím Tachov,Matouš Horáček,500,1
292533824188058,STAN Královéhradecký kraj,Starostové a nezávislí,500,1
400970967000022,Jan Zahradil,Jan Zahradil,500,1
539961099685892,Piráti Uherské Hradiště,Jakub Grós,500,1
621753957847521,Erich Kříž,Kriz Erich,500,1
205472656316937,Třebíč Občanům,Jaromír Barák,500,1
110854265157305,Zavolíme,Zavolíme,500,1
105750532244221,Sdružení ZVON Mukařov Srbín Žernovka,Jakub Černý,500,1
198772920148707,ODS Uherský Brod,Občanská demokratická strana,500,1
115057090399425,Jakub Michálek - poslanec,Česká pirátská strana,500,2
107699787442928,Nadační fond ŠKODA AUTO,Nadační fond ŠKODA AUTO,500,1
730141167045202,Brumlovka,Passerinvest Group,500,1
101500052256658,Jan Kavalírek / zastupitel Praha 5,Jan Kavalírek,499,2
106880300912112,František Pilný,ANO Chrudim,496,1
1762278827326690,KSČM Havířov,Vladimír Tvardek,493,1
110359415174945,Nikol Marhounová - místostarostka Prahy 3,Nikol Marhounová,491,2
193593120669372,Nadační fond proti korupci,Karel Škácha,487,2
236488496391722,Forbes Česko,These ads ran without a disclaimer,480,1
694807680694998,Forum 24,These ads ran without a disclaimer,477,1
107165395558673,Euronet ATMs Česko,These ads ran without a disclaimer,476,1
1808923189410425,Za naši Mohelnici a přidružené obce,Tadeáš Bača,466,9
104290852507092,Rozjeďme obchvat Olomouce,"Zdeněk Nováček, s. r. o.",463,1
155406703122,Arnika,Arnika - Centrum pro podporu občanů,461,6
100513202557464,Petr Maule - PRO PLZEŇ,Petr Maule,459,2
1833777390242834,Centrum PANT,Centrum PANT,456,1
103642866058013,InteraBro,These ads ran without a disclaimer,454,26
103050749028802,Israel4Ukraine,These ads ran without a disclaimer,452,1
110824565323685,Алексей Разумников,These ads ran without a disclaimer,447,1
280617905401953,Alexandra Udženija,These ads ran without a disclaimer,439,1
108792485163955,OP TAK-Operační program Technologie a aplikace pro konkurenceschopnost,These ads ran without a disclaimer,433,1
141041132649209,Časopis dTest,These ads ran without a disclaimer,426,1
221819764614869,Správa železnic,These ads ran without a disclaimer,421,1
277779139787306,Piráti Bílovec,Dedek Jakub,420,4
1962450550674040,TVarchitect.com,Living Media s.r.o.,413,5
189097755083174,Miroslav Balatka - senátor,Petr Nutil,413,1
108256752103532,Josef Soumar - místostarosta Písku,Josef Soumar - místostarosta Písku,412,3
103180655292989,Svobodní Brno,Milan Jirků,409,2
102251318064432,Organon,These ads ran without a disclaimer,405,1
107166057484330,Zelení - Pro KRAJinu,Jindrich Felcman,400,1
100647378751279,Pavla Pivoňka Vaňková STAN,Pavla Pivoňka Vaňková,400,1
191487317696220,Vladimír Barák - novinář,Vladimír Barák,400,4
736108196759255,"Martin Jedlička, zastupitel Prahy 8",TOP 09,400,1
213802435698566,TVbydleni.cz,Living Media s.r.o.,400,4
586817644761028,Vladimír Balaš,STAN,396,4
108973609370,Linka bezpečí,Linka bezpečí,381,1
163186777045684,Piráti Královéhradecký kraj,Česká pirátská strana,377,2
104208542332869,"Fridays for cars, energy and freedom - CZ",Fridays For Cars CZ,370,2
419916784781866,Společnost E,"Společnost E / Czech Epilepsy Association, z. s.",368,1
109501160564065,Mariana Čapková - místostarostka Prahy 6,PRAHA SOBĚ,366,1
287842647957979,EU International Partnerships,These ads ran without a disclaimer,362,4
1220981994590364,FT Partner Content,These ads ran without a disclaimer,361,3
2198949580361251,Marek Viskot,Marek Viskot,358,1
101610049035633,Naše Litoměřice,Naše Litoměřice,355,1
102161328913584,3PK pro prosperující Českou Třebovou,3PK pro prosperující Českou Třebovou,350,2
214101585467205,Piráti Olomouc,Česká pirátská strana,350,1
1674362659292756,Piráti Praha 3,Česká pirátská strana,348,1
307442249330339,TV Čáslav,Milan Klíma,347,1
659449664121948,Kärcher Home & Garden,These ads ran without a disclaimer,347,1
105959931114296,Jan Schiller - politik,ANO,344,1
115306454863649,Provision Fund,These ads ran without a disclaimer,340,1
172520676507220,České festivaly vína,These ads ran without a disclaimer,339,1
523450094407778,Marek Ženíšek,TOP 09,336,1
1095114177216463,Jan Holásek - senátor za Hradecko,"JUDr. Jan Holásek, LL.M., senátor za Hradecko",335,1
109725215092123,RFI Українською,These ads ran without a disclaimer,329,2
130456876990360,European Youth,These ads ran without a disclaimer,329,1
1631860843765598,Festo CZ,These ads ran without a disclaimer,324,1
111524478563049,michaelsalonvilla,These ads ran without a disclaimer,324,1
103779080972210,Youradio Talk,Youradio Talk,324,1
139417427682,DOX,These ads ran without a disclaimer,321,2
174546373212301,Jsme Levice,Levice,320,2
1201085733241671,Café Evropa,EUROPEUM Institute for European Policy,317,1
120540077612261,EU News,These ads ran without a disclaimer,316,2
258524037584296,Nemocnice Hořovice,These ads ran without a disclaimer,315,1
169320288528475,David Kašpar - místostarosta Prahy 10,David Kaspar,303,3
1780099722095158,Filip Chvátal,KDU-ČSL,302,2
240084269372558,Můžeš,Spolek přátel Konta Bariéry,300,1
273677889897777,SPD Litoměřice,Dominik Hanko,300,1
102422605838295,Radek Hošek • zastupitel města Jihlavy,Radek Hošek • zastupitel města Jihlavy,300,1
104213174588596,"Petr Krmela, zastupitel města Zábřeh a Olomouckého kraje",Petr Krmela,300,1
209788605791373,Heinrich-Böll-Stiftung Prague,"Heinrich-Böll-Stiftung e.V., kancelář v Praze",300,1
104592708886387,Ondřej Vykoukal • zastupitel Šestky,Ondrej Vykoukal,300,1
108370411908373,Čistá a Bezpečná Bílina,Tomáš Vandas,300,1
1167350476752262,Michal Zuna,Michal Zuna,300,1
103567498863549,Ecoista,Ecoista,299,3
837256169624106,MS ODS Slaný,Ondrej Hradecký,299,4
421861864941135,Liberec otevřený lidem,Jindrich Felcman,298,2
2156599824411421,"Vojtěch Kos, starosta Prahy 12",Vojtěch Kos,295,3
102276265835350,Arvell,These ads ran without a disclaimer,292,3
102620981865843,Jana Skopalíková - radní pro životní prostředí a zemědělství,Jana Skopalíková - radní pro životní prostředí a zemědělství,292,2
307710452690539,Starostové a nezávislí - Jihomoravský kraj,Starostové a nezávislí • STAN,288,2
100740555869822,Martin Štěrba - zastupitel Prahy 8,Česká pirátská strana - Praha,285,2
370302013674124,Tvořivá Společnost,These ads ran without a disclaimer,283,1
211760652195532,Mladí sociální demokraté,Mladí sociální demokraté,279,3
287665901740773,Piráti Praha 7,Česká pirátská strana,274,2
1401994146795511,Svoboda a přímá demokracie Praha - SPD,Svoboda a přímá demokracie - SPD,273,2
139768309509688,Liberecký kraj,Liberecký kraj,273,1
594426030604429,Martin Procházka,Martin Procházka,268,4
114979717860158,VL&Partneři,VL&Partneři s.r.o,264,3
650038891766715,Piráti Teplice,Česká pirátská strana,260,1
101393295616140,Obaly 21. století,These ads ran without a disclaimer,258,1
104819209268652,Meta Universe,These ads ran without a disclaimer,258,1
384187235387895,Alena Schillerová,ANO,257,1
103858568979456,Progresus Invest Holding,These ads ran without a disclaimer,257,2
104391094262781,Královské fórum,These ads ran without a disclaimer,254,1
1474748436117266,Lukáš Holík má rád Boskovice,Lukáš Holík,251,1
553959688269935,Festival malých vinařů Kladno,Roman Hájek,250,1
109723118189780,"Lenka Knechtová, poslankyně Parlamentu ČR",ANO Jihomoravský kra,250,1
196173367638136,"ANO, tohle jsou Libochovice",Patrik Srba,250,1
258581527631807,PRO ZNOJMO,PRO ZNOJMO,250,1
113743658978459,Meltingpot,These ads ran without a disclaimer,250,1
149368281915233,ČSSD Jihočeský kraj,Česká strana sociálně demokratická,250,1
1223728021075718,Svobodní - Kladno a okolí,Tomáš Vičík,250,1
102836832354764,Jakub Dedek - veřejný profil,Dedek Jakub,250,1
100605325757766,ODS Rudná,Ondřej Pruška,250,1
1214677998707531,VH Auctions,These ads ran without a disclaimer,245,1
203773899719202,Rozpravy o českých médiích,Institut komunikačních studií a žurnalistiky (Fakulta sociálních věd Univerzity Karlovy),245,1
623942964685716,Žižkárna,These ads ran without a disclaimer,243,1
486646062104287,Ochutnej Ořech,These ads ran without a disclaimer,229,3
110988978631267,Expozice Plesná,These ads ran without a disclaimer,227,1
310340246475353,Nové Boleslavsko,These ads ran without a disclaimer,226,1
316563285803,TOP 09 - Liberecký kraj,TOP 09,226,3
137793776285377,JenPráce.cz,These ads ran without a disclaimer,226,1
112852267058704,Národní skautské jamboree,These ads ran without a disclaimer,225,1
1468464403368393,Herbert Pavera - Váš senátor na Opavsku,TOP 09,222,2
108897735292963,Právo Respekt Odbornost - Plzeňský kraj,Daniel Šváb,222,1
104972839082467,Míra Kožúšek - zastupitel ze Semil,Miroslav Kozusek,219,5
100737795930031,Dan Leština,Dan Leština,217,1
154875871195800,Piráti a nezávislí Trutnov,Česká pirátská strana KhK,216,1
198749556878575,"Filozofická fakulta, Univerzita Hradec Králové",These ads ran without a disclaimer,213,1
1571432816412854,Ministerstvo pro místní rozvoj,Ministerstvo pro místní rozvoj ČR,213,2
309728122564895,Lukas Tycar Art,These ads ran without a disclaimer,210,2
28312410177,World Food Programme,These ads ran without a disclaimer,207,6
541077242579260,TOPAZ,"TOPAZ, z.s.",206,2
102259404729098,Girls First Finance,These ads ran without a disclaimer,206,2
1429728337291919,TEPEDE CZ,These ads ran without a disclaimer,204,1
297565827101858,"Díky, že můžem",These ads ran without a disclaimer,202,1
103321546070767,Najpiękniejszych małych miasteczek,These ads ran without a disclaimer,202,4
1184578558336226,Michaela Opltová,STAN,200,1
690369544383065,Vodňany 2022,Jan Kalianko,200,1
296231097477438,Jana Krutáková,Starostové a nezávislí • STAN,200,1
458314914582582,Piráti Sušice,Pavel Hais,200,1
176173883021695,Robert Stržínek,Robert Stržínek,200,1
1417899661810512,Participace 21,These ads ran without a disclaimer,200,1
102264545849342,Právo Respekt Odbornost - PRO - Chomutov,Zdeněk Vaňkát,200,1
101272355932525,Igor Hendrych - poslanec Moravskoslezského kraje,Igor Hendrych,200,1
200185283356688,Total Service a.s.,These ads ran without a disclaimer,200,1
112587496780114,Slow Femme,These ads ran without a disclaimer,199,1
105178242217077,Filip Kania,Markéta Kaniová,197,1
100712529553541,éphémère,These ads ran without a disclaimer,192,1
338661233715007,Zprávy z Moravy,Zprávy z Moravy,192,1
100293946395534,Ragged Cumbersome,These ads ran without a disclaimer,189,10
413809482364439,AISIN - Jsme hrdí na svou práci,These ads ran without a disclaimer,188,1
154933116927,Socialistická Solidarita (SocSol),"Socialistická Solidarita, z.s.",187,1
189520154425807,Ministerstvo životního prostředí,These ads ran without a disclaimer,181,1
183125116821,EURES,These ads ran without a disclaimer,181,3
2259522467455884,Příbramský bublifuk,Tomáš Mosler,179,1
111152388465014,Ivana Solařová - starostka města Znojma,Ivana Solařová - starostka města Znojma,174,4
1100611023304921,Zámeček Staré Ždánice,Gabriel-Max Nathaniel Filip,173,1
241125683294662,Piráti Frýdek-Místek,Dedek Jakub,172,1
113487364881416,Jiří Rezek - Váš místostarosta Plzně Jedničky,Jiří Rezek - Váš místostarosta Plzně Jedničky,171,1
121191740953524,Новости Европы,These ads ran without a disclaimer,170,1
2106629662903134,Brno Brňankám a Brňanům,Brno Brňankám a Brňanům,165,2
102767259461496,EU News,These ads ran without a disclaimer,165,1
252673128998993,Daniela Ostrá,Daniela Ostrá,160,1
139379141293,Paměť národa,These ads ran without a disclaimer,158,3
374818260007585,Piráti Vejprnice,Česká pirátská strana,158,1
129735830529214,epet,These ads ran without a disclaimer,157,1
527351247377965,European Committee of the Regions,European Committee of the Regions,156,5
111040628633702,TSL 1,These ads ran without a disclaimer,154,1
104511471778072,Adam Volt,Adam Volt,150,1
104302375967915,Recomended,These ads ran without a disclaimer,149,8
1006411482778121,FedEx,These ads ran without a disclaimer,147,1
114655564943356,Hospitable Quixotic,These ads ran without a disclaimer,146,9
914540655339782,Pragovka,These ads ran without a disclaimer,144,1
100487067099130,Koňskéknihy.cz,These ads ran without a disclaimer,143,3
108724451316066,Uhříněveské občanské noviny,These ads ran without a disclaimer,142,2
100662591864125,Piráti Roudnice nad Labem,Česká pirátská strana MS Litoměřicko,140,2
224602787566980,Krajská hospodářská komora Královéhradeckého kraje,These ads ran without a disclaimer,140,1
100374392742057,Weregreenly- Magazine,These ads ran without a disclaimer,137,22
607374649708199,Havířov - City,MUNIPOLIS,136,1
132557694194,Historický Úštěk,These ads ran without a disclaimer,135,1
1534114593487785,"Jan Šašek, zastupitel města Rokycany a Plzeňského kraje",Jan Šašek,132,2
526411157534973,Continental Česká republika,These ads ran without a disclaimer,132,1
123434225726552,"mkprime.eu  - Účetnictví, daně, atd. cz/ukr/eng/ru",These ads ran without a disclaimer,131,1
101433402879953,zlinska_knihomolka,These ads ran without a disclaimer,129,1
110463704610731,Cute Kiwi,These ads ran without a disclaimer,128,6
107448651923170,Řepští sousedé,Martin Štěpař,127,1
103248284660853,Lichoceves Noutonice krásnější,These ads ran without a disclaimer,124,1
206407509818,Blesk.cz,These ads ran without a disclaimer,124,2
199043294236,oPojištění.cz,These ads ran without a disclaimer,123,1
105265128542510,Divadlo Adverte,These ads ran without a disclaimer,122,1
1777952132237071,Slované v obrazech a poezii / Slavs in pictures and poetry,Hachran Jan,120,1
111415475096659,Jednota,These ads ran without a disclaimer,119,1
101528792744678,mohammad_zarghamii,These ads ran without a disclaimer,117,1
101952968463346,"Jan Kolář, zastupitel města Holešov",Jan Kolář,115,1
114723720265985,Pavel Staněk - poslanec,Pavel Staněk,114,2
114973231566708,24EU FN,These ads ran without a disclaimer,113,1
106964170770258,Mystická krása Eurasie,Hachran Jan,112,1
102252525898596,Lương Y Phạm Văn Thanh,These ads ran without a disclaimer,111,1
852370551453606,GARP,These ads ran without a disclaimer,109,1
490856954400417,Eutanazie - spolek pro uzákonění,These ads ran without a disclaimer,108,1
1570680696523246,Institut pro politiku a společnost,These ads ran without a disclaimer,108,1
1716285315339294,Portu,These ads ran without a disclaimer,108,1
117720231300445,Важно Знать,These ads ran without a disclaimer,106,1
695684133896990,Somfy,These ads ran without a disclaimer,106,3
106992888652488,Jan Liška - radní MČ Praha 14,Jan Liška,106,1
226917671154791,Josef Cogan,STAROSTOVÉ A NEZÁVISLÍ,105,1
128342573493595,Good-News,These ads ran without a disclaimer,105,1
100844721652406,Medi Info CZ/SK,These ads ran without a disclaimer,104,3
103567498863549,Ecoista,These ads ran without a disclaimer,103,1
119598071962341,Centrum pro regionální rozvoj České republiky,These ads ran without a disclaimer,103,1
101429731974678,Piráti Jihomoravský kraj,Pirátská strana - Jihomoravský kraj,103,3
132448562993,CzechInvest,These ads ran without a disclaimer,103,1
110416001997937,Česko zítřka,These ads ran without a disclaimer,≤100,1
781692698551514,Ohlasy,Tomáš Trumpeš,≤100,1
100828246163268,Find Refuge,These ads ran without a disclaimer,≤100,1
101665658414937,Špeky pralinkové tety,Tereza Franková,≤100,1
103768465544338,Kunratice sobě,Kunratice sobě,≤100,1
1708679876128924,CEE Hacks,These ads ran without a disclaimer,≤100,4
100625058724688,Newsgate.cz,These ads ran without a disclaimer,≤100,1
109451955274164,"Vít Jonáš - zastupitel města Břeclav, maratonec",Vít Jonáš,≤100,1
102233875863220,Piráti Radotín,Piráti a nezávislí kandidáti,≤100,1
106348682400630,Nova - AI Chatbot,These ads ran without a disclaimer,≤100,4
172672282925493,Žilinský turistický kraj,These ads ran without a disclaimer,≤100,2
91085933146,Pražská energetika,These ads ran without a disclaimer,≤100,1
322859391077344,Statutární město Pardubice,These ads ran without a disclaimer,≤100,1
441954716206226,Piráti Praha 10,Bohdana Holá,≤100,1
156279764411149,Times Higher Education,These ads ran without a disclaimer,≤100,2
102540667943116,Cisco Geek,These ads ran without a disclaimer,≤100,1
226207821151572,Marek Novák - poslanec zlínského kraje,Marek Novák,≤100,1
315099332436539,Cidemat Hranice,These ads ran without a disclaimer,≤100,1
180430115412006,Partners finanční skupina,These ads ran without a disclaimer,≤100,1
109617328415313,Pongo Calling,These ads ran without a disclaimer,≤100,1
104031082442846,Krenovka,These ads ran without a disclaimer,≤100,1
470472843093069,Hradiště je boží,Hradiště je boží,≤100,2
353349792067181,Institut Paměti národa Brno,Post Bellum,≤100,1
413476830191,Prague Security Studies Institute,Prague Security Studies Institute,≤100,1
101575122932004,Fine Kindhearted,These ads ran without a disclaimer,≤100,3
101874468044311,Petra Svedíková Vávrová - SPD,These ads ran without a disclaimer,≤100,1
506277436141245,Muzejní a galerijní centrum Valašské Meziříčí,These ads ran without a disclaimer,≤100,1
103648769337719,nuevodesign_uae,These ads ran without a disclaimer,≤100,1
93790856071,Hnutí Brontosaurus,These ads ran without a disclaimer,≤100,1
278117815576023,EU Justice and Consumers,These ads ran without a disclaimer,≤100,1
100202116270600,Jan Bartko - radní Prahy 3,Jan Bartko,≤100,1
107881342266729,Главное,These ads ran without a disclaimer,≤100,1
466481397067986,Vodafone Careers,These ads ran without a disclaimer,≤100,1
101687605816970,Ukrajina Help,These ads ran without a disclaimer,≤100,1
330845323650650,Muzeum Loučka-Pearl Harbor / Loučka-Pearl Harbor Museum,These ads ran without a disclaimer,≤100,1
116444671424666,Doting Turbulent,These ads ran without a disclaimer,≤100,3
104554088412737,Rubryka - Solutions from Ukraine,These ads ran without a disclaimer,≤100,2
1673449699385554,Mattoni 1873,These ads ran without a disclaimer,≤100,1
103068351300691,Eduard Stehlík,These ads ran without a disclaimer,≤100,1
111383388252844,Kamil Mach - zastupitel města Frýdek≈Místek,Kamil Mach,≤100,1
121994804202984,Unknown Minor,These ads ran without a disclaimer,≤100,3
100412676190186,Anjolie.cz,These ads ran without a disclaimer,≤100,1
415013742606508,Asiaskop,These ads ran without a disclaimer,≤100,3
103022776117511,Сводка новостей,These ads ran without a disclaimer,≤100,1
287193278023020,Jirka Stoček,These ads ran without a disclaimer,≤100,6
112004551877440,Grown Tame,These ads ran without a disclaimer,≤100,2
399975386793060,VIM - Vzdělávací institut pro Moravu,These ads ran without a disclaimer,≤100,1
206045673805,Deník.cz,These ads ran without a disclaimer,≤100,1
100631492222818,Patrick Zandl,These ads ran without a disclaimer,≤100,1
111969398555528,События Дня,These ads ran without a disclaimer,≤100,1
289971214713109,INVESTER,These ads ran without a disclaimer,≤100,1
351365901647856,Reima,These ads ran without a disclaimer,≤100,1
114162944991637,Id1,These ads ran without a disclaimer,≤100,2
548577435509026,d&b audiotechnik,These ads ran without a disclaimer,≤100,1
974139189370196,GymBeam,These ads ran without a disclaimer,≤100,1
118509507855793,Gunnar_ZF,These ads ran without a disclaimer,≤100,2
102727121816068,Святлана Ціханоўская,These ads ran without a disclaimer,≤100,2
103344742624341,Skarb narodowy,These ads ran without a disclaimer,≤100,1
355390281189763,BEDNAR FMT,These ads ran without a disclaimer,≤100,1
105962808801596,IZZY - Stream Israel,These ads ran without a disclaimer,≤100,7
107346929017356,Velvety Kindhearted,These ads ran without a disclaimer,≤100,2
116240193088165,Čarovné Česko,These ads ran without a disclaimer,≤100,1
102072599470181,Advanced Trading,These ads ran without a disclaimer,≤100,1
1962450550674040,TVarchitect.com,These ads ran without a disclaimer,≤100,1
101405545240662,Váš recept na zdraví,These ads ran without a disclaimer,≤100,1
2273404059547940,Akhpal torghar,These ads ran without a disclaimer,≤100,34
115584008183367,Testy Wellinformed,These ads ran without a disclaimer,≤100,2
119405895873,Huawei,These ads ran without a disclaimer,≤100,1
109652272114001,Winding Handy,These ads ran without a disclaimer,≤100,2
202003355940,Ekoškola,These ads ran without a disclaimer,≤100,2
742313852829601,Chomutovky,These ads ran without a disclaimer,≤100,1
1533778136936191,Hedone,These ads ran without a disclaimer,≤100,1
2581295488564299,Elite Bohemia,These ads ran without a disclaimer,≤100,1
101297179622051,Máma politička - Gabriela Macečková,These ads ran without a disclaimer,≤100,1
100397319624655,Stůl jako obraz světa - stránka o stolování a stolničení,These ads ran without a disclaimer,≤100,2
249808255039196,IOM Ukraine,These ads ran without a disclaimer,≤100,1
441703342896364,The Upright Project,These ads ran without a disclaimer,≤100,2
2518628288366239,FocusOn,These ads ran without a disclaimer,≤100,1
110407025373596,Impassioned Dear,These ads ran without a disclaimer,≤100,2
109290655477858,Komunální veletrh,These ads ran without a disclaimer,≤100,2
98852364488,Odpovědi.cz,These ads ran without a disclaimer,≤100,1
269829586789864,NEXT REALITY PARTNER,These ads ran without a disclaimer,≤100,1
108601624914634,ZKTV Production,These ads ran without a disclaimer,≤100,1
100350253035160,Knihovna Jana Sokola,These ads ran without a disclaimer,≤100,1
1432139953751418,Josef Středula,These ads ran without a disclaimer,≤100,1
771462172882741,OnePath Network,These ads ran without a disclaimer,≤100,2
505222219639803,Diem25 v České republice,These ads ran without a disclaimer,≤100,1
624590847617645,archSPACE,These ads ran without a disclaimer,≤100,1
158223121757,CIRQUEON,These ads ran without a disclaimer,≤100,1
119364737801493,Fruitful Rare,These ads ran without a disclaimer,≤100,2
145844610282,Institute of International Relations Prague / Ústav mezinárodních vztahů,These ads ran without a disclaimer,≤100,1
116157921440909,European project,These ads ran without a disclaimer,≤100,1
193365964363084,Zelený Denník,These ads ran without a disclaimer,≤100,3
108682518882605,Agonizing Dutiful,These ads ran without a disclaimer,≤100,1
102500518635499,ENTR en,These ads ran without a disclaimer,≤100,3
181924628560212,Ekō,These ads ran without a disclaimer,≤100,1
106032090778059,Rok 1945,These ads ran without a disclaimer,≤100,1
113782461697843,Lanky Experienced,These ads ran without a disclaimer,≤100,1
107438874469963,PRO Hranice,PRO Hranice,≤100,1
214050256800,Divadlo Husa na provázku,These ads ran without a disclaimer,≤100,1
109553028794675,Portly Arid,These ads ran without a disclaimer,≤100,2
223389948593559,Jesenické návraty,These ads ran without a disclaimer,≤100,1
111839851893637,Anchored Rosy,These ads ran without a disclaimer,≤100,1
191487317696220,Vladimír Barák - novinář,Vladimír Barák - novinář,≤100,2
121594700910811,Cluttered Wilted,These ads ran without a disclaimer,≤100,1
109912408758097,Canine Ornery,These ads ran without a disclaimer,≤100,1
100469053039975,Bleak Probable,These ads ran without a disclaimer,≤100,2
100464856376904,Crushing Blind,These ads ran without a disclaimer,≤100,1
111492948578099,Latvieša Safari,These ads ran without a disclaimer,≤100,1
118101047927218,ID Master,These ads ran without a disclaimer,≤100,7
1603032896650454,Fondazione Imago Mundi - Gallerie delle Prigioni,These ads ran without a disclaimer,≤100,2
103941832692652,1id,These ads ran without a disclaimer,≤100,1
116142471443751,euyc.green,These ads ran without a disclaimer,≤100,1
117702454634455,Id2,These ads ran without a disclaimer,≤100,1
1249630708423717,MUNER Motorvehicle University of Emilia-Romagna,These ads ran without a disclaimer,≤100,1
103951736025787,divnopravnicke.profily,These ads ran without a disclaimer,≤100,1
111897381887943,Definite Unusual,These ads ran without a disclaimer,≤100,2
116237914783507,Unaware Green,These ads ran without a disclaimer,≤100,1
110285958334498,Svoboda a přímá demokracie - SPD Chomutov,Svoboda a přímá demokracie - SPD Chomutov,≤100,1
104099512361482,Funnies Now - Magazine,These ads ran without a disclaimer,≤100,3
104593458269168,Your Daily Fun Break,These ads ran without a disclaimer,≤100,7
109235465338054,Loks,These ads ran without a disclaimer,≤100,2
421320345307555,SORP - Платформа для бизнеса,These ads ran without a disclaimer,≤100,4
185561295623272,Move To Help Foundation,These ads ran without a disclaimer,≤100,2
101819579574523,Adept Kindly,These ads ran without a disclaimer,≤100,1
120496034354450,Merry Nutty,These ads ran without a disclaimer,≤100,2
112232541852711,Id4,These ads ran without a disclaimer,≤100,1
115164768219510,Id4,These ads ran without a disclaimer,≤100,2
110492602019675,EU - News,These ads ran without a disclaimer,≤100,1
144709575593854,EESC - European Economic and Social Committee,EESC - European Economic and Social Committee,≤100,3
108166201071983,David Volf,These ads ran without a disclaimer,≤100,1
107758132242753,David Pospíšil,These ads ran without a disclaimer,≤100,1
1121880157996860,ESSOX,These ads ran without a disclaimer,≤100,1
120489814354378,Baggy Terrible,These ads ran without a disclaimer,≤100,1
112354478508109,Hearty Violet,These ads ran without a disclaimer,≤100,1
146822255731958,Fast Travel Games,These ads ran without a disclaimer,≤100,1
317158175535179,BitLife,These ads ran without a disclaimer,≤100,1
117711131281125,Goldfinch.pro,These ads ran without a disclaimer,≤100,1
105965835489443,Whalezone,These ads ran without a disclaimer,≤100,1
106408522445243,Last Friendly,These ads ran without a disclaimer,≤100,1
190898314385307,Society for All,These ads ran without a disclaimer,≤100,1
101289218907718,Web News,These ads ran without a disclaimer,≤100,2
944358442253364,Jihočeský kraj - oficiální,These ads ran without a disclaimer,≤100,1
102964476125017,Soggy Lumbering,These ads ran without a disclaimer,≤100,1
101315848087098,Releaf PAPER & BAGS,These ads ran without a disclaimer,≤100,4
224436418138454,TransferGo Ukraine,These ads ran without a disclaimer,≤100,1
118714278179442,TOP 09 Nymburk,These ads ran without a disclaimer,≤100,1
108918508856241,Id1,These ads ran without a disclaimer,≤100,1
107711604717052,Stockholm International Music Competition,These ads ran without a disclaimer,≤100,1
1945602685670091,Asociace provozovatelů mobilních sítí,These ads ran without a disclaimer,≤100,1
344542362982337,Heroine.cz,These ads ran without a disclaimer,≤100,2
102647316156106,Digital S,These ads ran without a disclaimer,≤100,4
102416722029565,"Innovate4Climate, I4C 2023 - Bilbao",These ads ran without a disclaimer,≤100,2
1425502434411911,Transparent CZ,These ads ran without a disclaimer,≤100,1
105135775906675,Marvelous Dim,These ads ran without a disclaimer,≤100,1
1871348826415749,Bike_Jesus,These ads ran without a disclaimer,≤100,1
101204162970247,Naive Droopy,These ads ran without a disclaimer,≤100,1
100617488241201,Magazín Proboha,These ads ran without a disclaimer,≤100,1
778757918820820,Kreativní Evropa,These ads ran without a disclaimer,≤100,1
103473032676619,Ing. Petr Dusil - Měření a regulace,These ads ran without a disclaimer,≤100,1
104604799293569,Ultimate Superb,These ads ran without a disclaimer,≤100,1
111663158576976,Id4,These ads ran without a disclaimer,≤100,1
103936025502717,AUDIX_czsk,These ads ran without a disclaimer,≤100,1
104628634680726,Karel Bendl - politik,These ads ran without a disclaimer,≤100,1
114814084912025,Mood of the sea,These ads ran without a disclaimer,≤100,1
198532590161335,Cestovní kancelář CK Poznání,These ads ran without a disclaimer,≤100,1
115370938203232,Id1,These ads ran without a disclaimer,≤100,1
19746387261,Humane Society International,These ads ran without a disclaimer,≤100,1
115418384832635,Levi_RN,These ads ran without a disclaimer,≤100,1
115383654868272,Id3,These ads ran without a disclaimer,≤100,1
842484635804171,International Expert,These ads ran without a disclaimer,≤100,2
115643645121323,Deuter,These ads ran without a disclaimer,≤100,1
102070114861206,Lifestyle Info CZ/SK,These ads ran without a disclaimer,≤100,2
108258998739587,I Did not know,These ads ran without a disclaimer,≤100,8
181347455571419,obhajobaridice.cz,These ads ran without a disclaimer,≤100,1
265466070308776,VERVA CZ,These ads ran without a disclaimer,≤100,1
107750998036053,Spolek Ekokul,These ads ran without a disclaimer,≤100,2
102224898933734,MindDig,These ads ran without a disclaimer,≤100,2
113398063540819,Upgradované děti,These ads ran without a disclaimer,≤100,1
109922655427971,Quiet Frank,These ads ran without a disclaimer,≤100,1
1541838982729128,Anna Lindh Foundation Network in Sweden - Anna Lindh Stiftelsen i Sverige,These ads ran without a disclaimer,≤100,1
204565269893479,Lítačka,These ads ran without a disclaimer,≤100,4
385116835531,"Trans Info - transport, trucking & logistics news",These ads ran without a disclaimer,≤100,1
1954799894783761,Moratory,These ads ran without a disclaimer,≤100,2
290802627794622,SČP,These ads ran without a disclaimer,≤100,1
110645845209236,zenyvpravu,These ads ran without a disclaimer,≤100,1
253774551626541,Jiří Kobza - SPD,These ads ran without a disclaimer,≤100,2
434518980326815,Šumperáci,Karel Hošek,≤100,1
608650595820049,The Conqueror Challenges,These ads ran without a disclaimer,≤100,1
80161254850,European Youth Forum,These ads ran without a disclaimer,≤100,1
340577086006224,CRI German,These ads ran without a disclaimer,≤100,1
1814502012109186,Kyiv Biennial,These ads ran without a disclaimer,≤100,1
490025118084507,Drozd Liliia,These ads ran without a disclaimer,≤100,1
127781556885606,dk.advisors,These ads ran without a disclaimer,≤100,2
115702381502660,Id2,These ads ran without a disclaimer,≤100,1
107174092359470,Jana Marková,These ads ran without a disclaimer,≤100,1
1808923189410425,Za naši Mohelnici a přidružené obce,Za naši Mohelnici a přidružené obce,≤100,1
134972349915670,Young Friends of the Earth Europe,These ads ran without a disclaimer,≤100,1
192696134187371,Informační centrum Lázně Bohdaneč,These ads ran without a disclaimer,≤100,1
103772184933,Strategy International,These ads ran without a disclaimer,≤100,1
333293986861604,Jean Richard MusiK,These ads ran without a disclaimer,≤100,2
106071412479717,События Дня,These ads ran without a disclaimer,≤100,1
102952309457793,History in Number,These ads ran without a disclaimer,≤100,2
927057930973841,Dagmara Szymańska Autor Embrace Therapy,These ads ran without a disclaimer,≤100,1
288852747953333,Oblastní charita Znojmo,These ads ran without a disclaimer,≤100,1
293944084004700,Welcome to the Jungle Česko,These ads ran without a disclaimer,≤100,1
114588574914775,Petr Kouba - zastupitel města Třeboň,These ads ran without a disclaimer,≤100,1
108733008364786,The Emissary,These ads ran without a disclaimer,≤100,2
1777952132237071,Slované v obrazech a poezii / Slavs in pictures and poetry,These ads ran without a disclaimer,≤100,1
50309511751,Český rozhlas - Radiožurnál,These ads ran without a disclaimer,≤100,1
490340660444,Generali Česká pojišťovna,These ads ran without a disclaimer,≤100,2
1798175947119500,Epishine,These ads ran without a disclaimer,≤100,1
114844373211551,Eva Turnová,These ads ran without a disclaimer,≤100,1
171163390480055,Samson Rope Technologies,These ads ran without a disclaimer,≤100,2
110145528531965,Rein Colombia,These ads ran without a disclaimer,≤100,1
55408246161,Amnesty International ČR,These ads ran without a disclaimer,≤100,6
1665415480386176,Radicalisation Awareness Network - RAN,These ads ran without a disclaimer,≤100,1
116355337718182,Moli lulu,These ads ran without a disclaimer,≤100,2
63306224439,Trip.com,These ads ran without a disclaimer,≤100,2
108318715562829,Abi Espin,These ads ran without a disclaimer,≤100,2
1359136157453700,Bere Ramos,These ads ran without a disclaimer,≤100,1
117137747964753,Центр білоруських комунікацій,These ads ran without a disclaimer,≤100,1
633246560165629,Fujifilm Global,These ads ran without a disclaimer,≤100,1
1707630426218896,Martin Herman ANO,These ads ran without a disclaimer,≤100,1
111416286896380,Institute of National Remembrance,These ads ran without a disclaimer,≤100,2
212297070338,Jan Melvil Publishing,These ads ran without a disclaimer,≤100,3
101078416600351,BIO | OKO,These ads ran without a disclaimer,≤100,1
1596683320630282,Samosebou.cz,These ads ran without a disclaimer,≤100,1
104160934265925,State of Denmark,These ads ran without a disclaimer,≤100,1
100127848122861,Verde Slaný,These ads ran without a disclaimer,≤100,1
106892895068657,Reykjavik Science City,These ads ran without a disclaimer,≤100,1
103847071992624,Climate Heritage,These ads ran without a disclaimer,≤100,1
107323451863865,Millennial Geeks,These ads ran without a disclaimer,≤100,1
609131619115590,O čem se mluví,These ads ran without a disclaimer,≤100,1
106807568260950,Petr Liška,STAROSTOVÉ A NEZÁVISLÍ,≤100,1
101653285444113,SK텔레콤 뉴스룸,These ads ran without a disclaimer,≤100,1
118726374535077,Zlínska knihomolka z Kosmasu,These ads ran without a disclaimer,≤100,1
130038285069,Lékaři bez hranic / Médecins Sans Frontières (MSF),These ads ran without a disclaimer,≤100,1
1391216441106894,Wirtschaftsagentur Wien - Vienna Business Agency,These ads ran without a disclaimer,≤100,1
435633199945731,Miret,These ads ran without a disclaimer,≤100,1
476179919621255,Misbar - مسبار,These ads ran without a disclaimer,≤100,1
100486698765192,Money & Investing,These ads ran without a disclaimer,≤100,1
108237474302886,Peaceful Piranha,These ads ran without a disclaimer,≤100,1
101304435646725,Элитная недвижимость в Москве,These ads ran without a disclaimer,≤100,1
210719719697873,Moony the Cat,These ads ran without a disclaimer,≤100,1
111132794348779,That Happened,These ads ran without a disclaimer,≤100,1
109469718758658,Torsten Heisler,These ads ran without a disclaimer,≤100,1
188538471183351,Roberto Gava,These ads ran without a disclaimer,≤100,1
108156902267187,Id4,These ads ran without a disclaimer,≤100,1
609349762894374,Opencity,These ads ran without a disclaimer,≤100,2
179989282086901,Warriors of the Divine,These ads ran without a disclaimer,≤100,2
102415047928145,Shanghai Electric,These ads ran without a disclaimer,≤100,1
105012451157797,Uniathena - Short Courses,These ads ran without a disclaimer,≤100,1
994977213848354,Sarx,These ads ran without a disclaimer,≤100,1
123546032572,Eppendorf Group,These ads ran without a disclaimer,≤100,1
343786409509707,The East Gate,These ads ran without a disclaimer,≤100,1
2083981755237973,GootoEU Гражданство ЕС,These ads ran without a disclaimer,≤100,1
110178328228079,NinjaOne Europe,These ads ran without a disclaimer,≤100,1
115264664808019,NX POWER,These ads ran without a disclaimer,≤100,1
171522852874952,Juventus,These ads ran without a disclaimer,≤100,1
109305525113098,Pupil Loves,These ads ran without a disclaimer,≤100,4
1471787229768516,Art+Feminism,These ads ran without a disclaimer,≤100,1
107823491099101,01_jay_kayy_nottz,These ads ran without a disclaimer,≤100,1
105699708610413,The Kyiv Independent,These ads ran without a disclaimer,≤100,1
102998939765184,Persian bms,These ads ran without a disclaimer,≤100,1
121286357607289,Id4,These ads ran without a disclaimer,≤100,1
103015059417615,emp_one,These ads ran without a disclaimer,≤100,2
111622410196045,State of Youth,These ads ran without a disclaimer,≤100,2
1608206406110394,Willpower,These ads ran without a disclaimer,≤100,2
213003865396175,Arabian Travel Market,These ads ran without a disclaimer,≤100,1
598865763613819,Institute for Zen Leadership,These ads ran without a disclaimer,≤100,2
102300279228311,MadeinChina,These ads ran without a disclaimer,≤100,1
1102199946478493,Spotlight,These ads ran without a disclaimer,≤100,1
107268488798502,The Investing Publication,These ads ran without a disclaimer,≤100,1
435272526866135,North American Kurdish Alliance - NAKA,These ads ran without a disclaimer,≤100,1
105514427749961,CEENERGYNEWS,These ads ran without a disclaimer,≤100,1
120223804387904,dailypositivityboost,These ads ran without a disclaimer,≤100,2
100843829580377,Central European Economic Journal,These ads ran without a disclaimer,≤100,2
101546951979239,meowow.creates,These ads ran without a disclaimer,≤100,1
31292782350,Deutschland.de,These ads ran without a disclaimer,≤100,1
101449405656190,euchangemakers,These ads ran without a disclaimer,≤100,1
316139502261301,BeInCrypto,These ads ran without a disclaimer,≤100,1
110066008599397,EVANews,These ads ran without a disclaimer,≤100,1
194886144517585,Solid English School,These ads ran without a disclaimer,≤100,1
100490729492964,Sebastian Bello,These ads ran without a disclaimer,≤100,4
101853479470366,Weregreenly,These ads ran without a disclaimer,≤100,10
111675408313515,Lisbon Energy Summit,These ads ran without a disclaimer,≤100,1
10606591490,TIME,These ads ran without a disclaimer,≤100,1
100556106171382,Life's rhythm,These ads ran without a disclaimer,≤100,2
116619444357082,Repost,These ads ran without a disclaimer,≤100,1
105750242354379,Пересборка,These ads ran without a disclaimer,≤100,1
110980888642151,Twibbon April,These ads ran without a disclaimer,≤100,4
106522575738867,veg_enation,These ads ran without a disclaimer,≤100,1
101616782888805,Travel Away,These ads ran without a disclaimer,≤100,1
102912091863686,Volvo Penta on Land,These ads ran without a disclaimer,≤100,2
129404320433742,Migration Policy Group,These ads ran without a disclaimer,≤100,1
376224865747238,Servier,These ads ran without a disclaimer,≤100,1
101478712863847,European news,These ads ran without a disclaimer,≤100,1
1609569505990338,Східноукраїнський національний університет імені Володимира Даля,These ads ran without a disclaimer,≤100,2
113067177682259,PMD - Dogs is my  world,These ads ran without a disclaimer,≤100,3
134331253305084,ITI International Team for Implantology,These ads ran without a disclaimer,≤100,1
479285342097950,AeroTime,These ads ran without a disclaimer,≤100,1
524481140907226,Green Motion International,These ads ran without a disclaimer,≤100,1
106974505310582,"БО БФ ""Фенікс України""",These ads ran without a disclaimer,≤100,1
344322995756307,Planet Smart City,These ads ran without a disclaimer,≤100,1
760185027711926,Scientific Feed,These ads ran without a disclaimer,≤100,1
1556259461269806,Shareably,These ads ran without a disclaimer,≤100,1
104571188687767,Chill Read,These ads ran without a disclaimer,≤100,1
131189377574,MDPI,These ads ran without a disclaimer,≤100,1
307682176615916,ACT2gether,These ads ran without a disclaimer,≤100,1
1486589451564960,Mul T Lock,These ads ran without a disclaimer,≤100,1
107977331797625,My New Trends,These ads ran without a disclaimer,≤100,1
100133042448587,Sneaker Toast Magazine,These ads ran without a disclaimer,≤100,1
113388621278432,Amerikabrev,These ads ran without a disclaimer,≤100,1
108002535601082,Cитуация в Украине,These ads ran without a disclaimer,≤100,1
146481695371146,"มูลนิธิเพื่อสุนัขในซอย, ประเทศไทย (Soi Dog - in Thai)",These ads ran without a disclaimer,≤100,1
100408139141307,Concerts Lovers,These ads ran without a disclaimer,≤100,1
429957570419097,Professor Israel,These ads ran without a disclaimer,≤100,1
561815680508842,"Shurya - Meditacion, relajación y sabiduria",These ads ran without a disclaimer,≤100,1
478297078923452,Big Easy Believer,These ads ran without a disclaimer,≤100,2
153371894688575,World Bank,These ads ran without a disclaimer,≤100,1
106837661915369,Hatzopoulos S.A.,These ads ran without a disclaimer,≤100,1
128460617656602,eeDesignIt,These ads ran without a disclaimer,≤100,2
155438574470276,DW українською,These ads ran without a disclaimer,≤100,3
102470965836621,Sustainability MDPI,These ads ran without a disclaimer,≤100,1
110079268726418,Mikka AI Muse,These ads ran without a disclaimer,≤100,1
366107457198874,Rise of Kingdoms,These ads ran without a disclaimer,≤100,1
354397697217,IEEE Xplore,These ads ran without a disclaimer,≤100,1
109618608579864,All beautiful things,These ads ran without a disclaimer,≤100,5
106701185163801,Your Hacks Spot,These ads ran without a disclaimer,≤100,2
108177488246318,sofia_yuel,These ads ran without a disclaimer,≤100,1
79511407410,Mercedes-AMG Petronas F1 Team,These ads ran without a disclaimer,≤100,1
108358524677345,畫啦啦少兒美術,These ads ran without a disclaimer,≤100,1
286094071469577,VINCI Energies,These ads ran without a disclaimer,≤100,2
100422472848892,Благодійний фонд Stron Front,These ads ran without a disclaimer,≤100,1
520171088019503,Liforme,These ads ran without a disclaimer,≤100,1
68644810672,"Liorel, Art from Israel",These ads ran without a disclaimer,≤100,1
103959811845477,Blue Gazette,These ads ran without a disclaimer,≤100,1
610696639428997,VEOCEL,These ads ran without a disclaimer,≤100,1
100226179346528,dynamiceventsberlin,These ads ran without a disclaimer,≤100,1
108843652138662,hazrathariz,These ads ran without a disclaimer,≤100,1
405379246524515,DHL Express,These ads ran without a disclaimer,≤100,2
114826394903822,Ananda,These ads ran without a disclaimer,≤100,1
155174084508744,Banque mondiale,These ads ran without a disclaimer,≤100,2
109755664976719,Ginger's Notebook,These ads ran without a disclaimer,≤100,1
669307523469574,EveryJew,These ads ran without a disclaimer,≤100,8
100887355714758,Dekarbopro,These ads ran without a disclaimer,≤100,1
1452734928361216,Matt Johnson,These ads ran without a disclaimer,≤100,1
112675286764083,Aggregates Business,These ads ran without a disclaimer,≤100,1
105607552434777,Instalador Solar,These ads ran without a disclaimer,≤100,1
1179605638874368,The Social Tribune,These ads ran without a disclaimer,≤100,1
110993941170214,ChidoBook,These ads ran without a disclaimer,≤100,1
103075499294342,Coefficiey,These ads ran without a disclaimer,≤100,3
489179047956298,Allwork.Space,These ads ran without a disclaimer,≤100,2
8539814909,International Animal Rescue,These ads ran without a disclaimer,≤100,1
109613811893240,Aiby • AI Art & Avatar Generator,These ads ran without a disclaimer,≤100,1
126166480762310,SelectScience,These ads ran without a disclaimer,≤100,1
1368237823187657,Feel SHONAN_en,These ads ran without a disclaimer,≤100,1
115007805938419,Trading Draft,These ads ran without a disclaimer,≤100,1
142914269087072,Cornell Lab of Ornithology,These ads ran without a disclaimer,≤100,1
2354017254707192,Learning English with Oxford,These ads ran without a disclaimer,≤100,1
131664893560695,Origins OSU,These ads ran without a disclaimer,≤100,1
8002590959,Rainforest Action Network - RAN,These ads ran without a disclaimer,≤100,3
101054365776547,Charming Changzhou,These ads ran without a disclaimer,≤100,1
112757083778788,"Economic Daily, China",These ads ran without a disclaimer,≤100,1
2418643321715898,Daily Stickers,These ads ran without a disclaimer,≤100,1
100689636310150,Waokeem-EU,These ads ran without a disclaimer,≤100,5
100525605800075,Meet and Greet,These ads ran without a disclaimer,≤100,1
105106452325758,Помощник в миграционных вопросах,These ads ran without a disclaimer,≤100,1
153063591397681,Amazon Web Services,These ads ran without a disclaimer,≤100,1
127223393628282,Ywj-052,These ads ran without a disclaimer,≤100,1
270039487025241,Learning Library,These ads ran without a disclaimer,≤100,1
106824494733100,Simbaly - Lifestyle,These ads ran without a disclaimer,≤100,1
103992288141312,WingFoil Racing,These ads ran without a disclaimer,≤100,1
1070573839626601,Buzz-Hut,These ads ran without a disclaimer,≤100,1
116566611321205,salalah__oma,These ads ran without a disclaimer,≤100,1
117023901352521,the_alyanch,These ads ran without a disclaimer,≤100,1
100200532855012,Pyrpose,These ads ran without a disclaimer,≤100,1
1606155556168996,Si Amo Afrin,These ads ran without a disclaimer,≤100,1
108254858551015,ENERGY ACT FOR UKRAINE Foundation,These ads ran without a disclaimer,≤100,1
109490318648356,JMSE MDPI,These ads ran without a disclaimer,≤100,1
1914522068608165,Autolidersv,These ads ran without a disclaimer,≤100,1
103044472726318,Business Networkmarketing & Teamaufbau,These ads ran without a disclaimer,≤100,1
102984361463961,Igrow Academy,These ads ran without a disclaimer,≤100,1
106653035600035,El Gonso,These ads ran without a disclaimer,≤100,1
105639025839199,Aiko Energy,These ads ran without a disclaimer,≤100,1
1603592663238606,Svjedok prošlosti,These ads ran without a disclaimer,≤100,1
216550520609,CLAE,These ads ran without a disclaimer,≤100,1
1244705842263957,World Highways,These ads ran without a disclaimer,≤100,1
983135718420987,Visit Jiangsu,These ads ran without a disclaimer,≤100,1
102257292713372,Alejandra Morales,These ads ran without a disclaimer,≤100,4
719796491812437,Oy Prevex Ab,These ads ran without a disclaimer,≤100,1
105986175239619,Sea Creature Love,These ads ran without a disclaimer,≤100,3
101090899641987,NIS2 PRO,These ads ran without a disclaimer,≤100,1
106882027720933,Ugreen_Us,These ads ran without a disclaimer,≤100,1
111014438406253,Trendyspread shop1,These ads ran without a disclaimer,≤100,2
144776752025,Голос Америки,These ads ran without a disclaimer,≤100,1
103312979419273,Id1,These ads ran without a disclaimer,≤100,1
315543515306,Jing Daily,These ads ran without a disclaimer,≤100,1
106843828862974,Worlds knoledge,These ads ran without a disclaimer,≤100,2
331965446932156,HORIZON: the EU Research & Innovation magazine,These ads ran without a disclaimer,≤100,2
103534409200221,Misgav entertainment,These ads ran without a disclaimer,≤100,1
100840632692651,Înțelepciunea din Proverbele lui Solomon,These ads ran without a disclaimer,≤100,1
35335786143,Cat Electric Power,These ads ran without a disclaimer,≤100,1
105743361735500,New to Money Português,These ads ran without a disclaimer,≤100,1
600269386793704,Instytut Pileckiego,These ads ran without a disclaimer,≤100,1
149290745229517,Online Antisemitism Task Force,These ads ran without a disclaimer,≤100,1
216741958412414,Avon Worldwide,These ads ran without a disclaimer,≤100,1
285530825204,Klitschko,These ads ran without a disclaimer,≤100,3
722256984867966,Raytheon Missiles & Defense,These ads ran without a disclaimer,≤100,1
109717158769018,Id1,These ads ran without a disclaimer,≤100,1
133945616646913,RioOnWatch.org,These ads ran without a disclaimer,≤100,1
17043549797,MIT Technology Review,These ads ran without a disclaimer,≤100,3
101388509327100,Extra famous,These ads ran without a disclaimer,≤100,3
115693791505455,岛屿农场游戏,These ads ran without a disclaimer,≤100,1
104444237650160,برنامج مع الرئيس,These ads ran without a disclaimer,≤100,1
102830746104447,AIOM,These ads ran without a disclaimer,≤100,1
108607351041275,FAB Group,These ads ran without a disclaimer,≤100,1
110958585258730,2023 FCE 19,These ads ran without a disclaimer,≤100,1
109048801406117,Rewire Therapy,These ads ran without a disclaimer,≤100,1
267353906619818,Mr. Gugu & Miss Go,These ads ran without a disclaimer,≤100,1
105292151994060,bkr_yang,These ads ran without a disclaimer,≤100,1
159237059781,Kolégium Antona Neuwirtha,These ads ran without a disclaimer,≤100,1
102207552798601,Youth clicks,These ads ran without a disclaimer,≤100,1
1457915704536726,Advokatfirmaet Magnus Legal,These ads ran without a disclaimer,≤100,1
106170661628518,香港V,These ads ran without a disclaimer,≤100,1
2316804725260574,Readyer,These ads ran without a disclaimer,≤100,1
630809920303095,Erasmus+,These ads ran without a disclaimer,≤100,1
124275457632741,ElectronicSpecifier,These ads ran without a disclaimer,≤100,3
217611914938346,Да / Da / דע,These ads ran without a disclaimer,≤100,1
367649046908008,Growatt New Energy,These ads ran without a disclaimer,≤100,1
121609639767,Friends of Glass,These ads ran without a disclaimer,≤100,1
154680184946903,Superplastic,These ads ran without a disclaimer,≤100,1
101340559578611,Euro Migrate SLR,These ads ran without a disclaimer,≤100,1
112107928867115,Вясна. Правы чалавека ў Беларусі / Viasna. Human rights in Belarus,These ads ran without a disclaimer,≤100,1
104444729065513,Victoria Segovia,These ads ran without a disclaimer,≤100,1
805499066304399,Centre for International Studies and Development,These ads ran without a disclaimer,≤100,1
276105152957417,Eternal Sunworks,These ads ran without a disclaimer,≤100,2
100966486285059,C301-18,These ads ran without a disclaimer,≤100,1
312898778847834,TERRAM PACIS,These ads ran without a disclaimer,≤100,1
137223326998592,Ashleyjtoddblog,These ads ran without a disclaimer,≤100,1
108918024296374,LatviaTravel,These ads ran without a disclaimer,≤100,1
124340177284061,TomorrowBuilding,These ads ran without a disclaimer,≤100,1
121350964566751,DHL Motorsports,These ads ran without a disclaimer,≤100,1
320788968000582,Center for Israel Education,These ads ran without a disclaimer,≤100,1
101459741907326,Jerusalem Online - Culture,These ads ran without a disclaimer,≤100,2
108535778792153,Evang. Akwaha,These ads ran without a disclaimer,≤100,1
116035774799177,Id3,These ads ran without a disclaimer,≤100,1
171043963049603,GREAT SCOT,These ads ran without a disclaimer,≤100,1
102964102556890,Bettermanly - Magazine page 2,These ads ran without a disclaimer,≤100,1
337948876403206,Экскурсии по Израилю -  гид Алена Жукова,These ads ran without a disclaimer,≤100,1