Page ID,Page name,Disclaimer,Amount spent (DKK),Number of ads in Library
12860228293,Politiken,Politiken,261207,99
65929129383,Røde Kors,Røde Kors,218811,94
38507331439,Danmarks Naturfredningsforening,Danmarks Naturfredningsforening,158042,52
26458152911,SOS Børnebyerne,SOS Børnebyerne,117859,59
399210657232918,PlanBørnefonden,PlanBørnefonden,91802,93
1507997959501973,Landbrug & Fødevarer,Landbrug & Fødevarer,76771,28
100493784938009,Danske Æg,Danske Æg,70191,4
246977185497434,Plastic Change,Plastic Change,67524,54
110321008383861,Red Barnets landsindsamling,Red Barnet,66841,139
1677055535924085,Røgfri Fremtid,Røgfri Fremtid,66732,20
116269191760882,DSB,DSB,64070,3
748887235210811,Obton Forvaltning A/S,Obton Forvaltning A/S,56565,19
55365680705,Greenpeace Danmark,Greenpeace Danmark,55980,106
12787473132,Berlingske,Berlingske,51707,56
143304556048382,PostNord Danmark,These ads ran without a disclaimer,50091,2
5624899398,Mellemfolkeligt Samvirke,Mellemfolkeligt Samvirke,48821,54
72672361910,Børns Vilkår,Børns Vilkår,45152,41
304554445813,Videncentret Bolius,Videncentret Bolius,44688,19
250994288337708,Sex og Samfund,Sex og Samfund,44656,28
155596147784577,WWF Verdensnaturfonden,WWF Verdensnaturfonden,44129,54
116227401722605,Dansk Flygtningehjælp,Dansk Flygtningehjælp,40528,70
867877683280051,Weekendavisen,Weekendavisen,40487,42
66328502645,Dagbladet Information,Dagbladet Information,33287,34
99632942471,Læger uden Grænser (MSF),Læger uden Grænser (MSF),33186,2
748887235210811,Obton Forvaltning A/S,Obton A/S,33107,13
121570596369,CARE Danmark,CARE i Danmark,32879,15
1029970060346902,EWII,EWII A/S,32806,3
104544224264943,3F Transport,3F Transport,31442,5
153151900930,Ungdommens Røde Kors,Ungdommens Røde Kors,31168,6
261599053881378,Fagbevægelsens Hovedorganisation,Fagbevægelsens Hovedorganisation,31060,30
337166195327,BRYD TAVSHEDEN,BRYD TAVSHEDEN,28924,60
350495955072656,Klimabevægelsen i Danmark,Klimabevægelsen i Danmark,28803,13
102154048301476,Lederstof.dk,Lederne,27500,73
200709746630443,Dyrenes Beskyttelse,Dyrenes Beskyttelse,26569,8
126543540781090,Ældre Sagen,Ældre Sagen,24890,33
22030968736,Anima,Anima,22880,5
12212835049,Syddansk Universitet – University of Southern Denmark,Syddansk Universitet,21935,19
437410226312057,Københavns Kommune,Københavns Kommune,21676,20
304554445813,Videncentret Bolius,Bolius,20689,3
133707013355759,Danner,Danner,20520,2
202627126417910,TAXA 4x35,Sammenslutningen Taxa 4x35,20284,15
442403485851495,Morten Helveg Petersen,Morten Helveg Petersen,19970,5
138978072648,Dansk Vegetarisk Forening - DVF,Dansk Vegetarisk Forening - DVF,19519,8
130388840342741,Danske Bank,Danske Bank,19443,5
167891603415958,Lederne,Lederne,19019,34
21465928829,"Venstre, Danmarks Liberale Parti","Venstre, Danmarks Liberale Parti",18366,13
59143726810,Psykiatrifonden,Psykiatrifonden,17729,32
95141502089,Økonomisk Ugebrev,Økonomisk Ugebrev,17010,3
169918310823,Foreningen Spiseforstyrrelser og Selvskade,Foreningen Spiseforstyrrelser og Selvskade,16582,13
154415494575789,IDA,IDA,15782,6
106348682400630,Nova - AI Chatbot,These ads ran without a disclaimer,14861,21
200480966638039,Supremacy 1914,These ads ran without a disclaimer,14535,4
106656892420019,Planterig 6,Dansk Vegetarisk Forening - DVF,14213,2
110560691837684,SolCompagniet,SolCompagniet,13992,21
708245239243699,Dansk Beton,Dansk Beton,13691,15
287306323369,Børnecancerfonden,Børnecancerfonden,13061,4
110074700906511,Metin Lindved Aydin - Radikale Venstre,Metin Lindved Aydin,12876,6
167891603415958,Lederne,These ads ran without a disclaimer,12505,4
20303574131,Nationalmuseet,Nationalmuseet,12325,50
109012749124622,3F - Gør dig stærkere.,3F - Danmarks Stærkeste Fagforening,12237,15
276770505228,Folkekirkens Nødhjælp,Folkekirkens Nødhjælp,11874,13
223040066022,Enhedslisten,Enhedslisten,11641,5
188067981214220,Forskningens Døgn,Uddannelses- og Forskningsministeriet,11636,4
144965885963,Oxfam IBIS - Sammen mod ulighed,Oxfam IBIS,11295,29
105511328705392,HØRT,Børns Vilkår,10966,18
107898832590939,European Commission,European Commission,10903,14
1704424023182897,Politiken Historie,Politiken Historie,10741,15
405892706501089,Med Israel for fred - MIFF Danmark,MIFF (Med Israel for fred),10377,2
102031171445921,Grønne Nabofællesskaber,Grønne Nabofællesskaber,10213,81
182121298931589,Odense Kommune,Odense Kommune,9954,10
314676938743,DM din akademiske fagforening,DM,9687,22
100423681446198,Virksomhedsguiden,Erhvervsstyrelsen,9280,20
852608988134698,Tikko,Tikko,9097,4
125934997444897,SuperBrugsen,Coop,8749,6
146458868730806,ROSE - Dansk kylling siden 1952,HKScan Denmark A/S,8243,28
320982581296484,TV 2 Play,TV 2 Danmark A/S,7512,1
267019152979,"DPU, Aarhus Universitet",Carsten Henriksen,7231,2
183887801641951,Verdens Skove,Verdens Skove,7003,4
227357657280228,Børnehjælpsdagen,Fonden Børnehjælpsdagen af 6. maj 1904,6937,19
529124290474705,Nikolaj Villumsen,Enhedslisten,6913,5
246097715413231,Alkohol & Samfund,Alkohol & Samfund,6622,11
1573441899601646,Hismile,These ads ran without a disclaimer,6418,1
224187210962818,FynBus,FynBus,6286,1
924692171033381,"UNHCR, FN’s Flygtningeorganisation",These ads ran without a disclaimer,6239,3
657491824390744,Spring Copenhagen,Spring Copenhagen,6002,10
145392175531068,JydskeVestkysten,JydskeVestkysten,5874,7
167887506877,AIDS-Fondet,AIDS-Fondet,5840,5
147547541961576,Council of the European Union,Council of the European Union,5379,21
494902077334290,Tuborgfondet,Tuborgfondet,5150,7
63691965101,UNICEF Danmark,UNICEF Danmark,5000,2
115737371820702,DEO - Demokrati i Europa,DEO - Demokrati i Europa Oplysningsforbundet,4814,7
111561545539837,Krigsmuseet,Krigsmuseet,4723,3
591683257511399,Sprøjtefri - Nej til sprøjtegifte i haven,VPU - Vandværkerne i Aarhus,4462,4
276145368333,Bedre Psykiatri - Landsforeningen for pårørende,Bedre Psykiatri - Landsforeningen for pårørende,4347,56
645454495955240,Madmødet,Jan Michelsen,4262,41
106952222676974,Liberal Alliance,Liberal Alliance,4234,1
67571270393,Red Barnet,Red Barnet,3806,3
133716736641210,LandbrugsAvisen,LandbrugsAvisen,3797,25
1033120613483808,AURA,AURA,3647,4
186645960378,Danwatch,Danwatch,3456,26
141343589252160,Dansk Industri - DI,Dansk Industri,3446,5
363339517015011,Aabenraa Kommune,Aabenraa Kommune,3334,2
111095867334448,Rent Hav,Rent Øresund,3328,1
23488866416,Ateistisk Selskab,Ateistisk Selskab,3267,4
1684646181850363,TjekDet,TjekDet,3257,7
223861641419981,Master in Management of Technology - Aalborg University,These ads ran without a disclaimer,3122,1
671022293105597,Alex Vanopslagh,Alex Vanopslagh,3089,17
105004466262954,Frit Forum Århus,Frit Forum Århus,3000,2
36664432940,Amnesty International Danmark,Amnesty International Danmark,2982,8
217135424459,Karen Blixen Museum,Karen Blixen Museum,2763,34
101248435485457,Frihedsbrevet,Mediehuset Friheden,2751,5
336333896418452,Assens Kommune,Assens Kommune,2694,19
1471913586453233,Organdonation - ja tak,Organdonation - ja tak,2693,5
144098125661833,Nordea Invest,Nordea Invest,2650,3
166984636671085,Dansk Metal,Dansk Metal,2574,10
367522986719919,Gastech-Energi,Gastech-Energi A/S,2546,3
437410226312057,Københavns Kommune,These ads ran without a disclaimer,2446,3
142641498926,Fairtrade-mærket Danmark,Fairtrade Danmark,2380,20
12390252419,Region Nordjylland,Region Nordjylland,2343,4
194452460650048,Global Aktion,Global Aktion,2230,10
109440254274204,Sara Darling Jørgensen,SF,2139,12
123114457761430,Valby Lokaludvalg,Valby Lokaludvalg,2094,5
963623793690287,Ifö Danmark,These ads ran without a disclaimer,1945,1
550512865030230,Promissio,Promissio,1871,4
67571270393,Red Barnet,These ads ran without a disclaimer,1865,1
115450661486898,Landinspektørforeningen,These ads ran without a disclaimer,1814,4
1246666085407861,Karsten Hønge,SF,1714,4
161708011540,Mads Duedahl,Venstre i Nordjylland,1703,12
305932686202047,Caritas Danmark,Caritas Danmark,1685,2
1446381202351408,Føljeton,Føljeton,1673,4
297422283612612,TotalEnergies,TotalEnergies,1661,4
334571029981175,DM og MA studerende,DM,1547,7
356520931077196,Europabevægelsen,Europabevægelsen,1515,6
126084211821,Danmarks Socialdemokratiske Ungdom (DSU),Danmarks Socialdemokratiske Ungdom,1513,2
299880716702992,KIU - Patientforeningen Kræft i underlivet,KIU - Patientforeningen Kræft i underlivet,1500,2
149388638416537,Riddersalen,Teatret Riddersalen,1490,2
28159151157,FOF København,FOF København,1461,2
1522666927799763,BCG in Denmark,Boston Consulting Group,1455,28
109261517088528,Fremstillingsindustrien,Marie Thorsø Kousgaard,1411,3
2319925761607995,Radio4,RADIO FM4 A/S,1402,28
107175722118248,TheNap - Den perfekte hovedpude,These ads ran without a disclaimer,1398,1
128700897207990,Europa-Parlamentet i Danmark,Europa-Parlamentet i Danmark,1351,14
416253895120951,HK Nordjylland,HK Nordjylland,1326,8
49348971479,Pia Olsen Dyhr,SF,1316,3
341299649231023,Zetland,Zetland,1307,3
1396986243876509,Anders Kronborg,Anders Kronborg,1280,6
529124290474705,Nikolaj Villumsen,These ads ran without a disclaimer,1273,2
447217575331947,Martin Lidegaard,Radikale Venstre,1225,2
459641371068935,Forenet Kredit,Forenet Kredit,1202,1
1450750935146684,Asger Christensen i EU,Christensen Asger Bank Møller,1200,3
156750397714790,AOF Danmark,AOF Danmark,1188,3
107321098977584,Elisa Rimpler,BUPL,1181,6
482001888858117,Vi udvikler Aarhus,These ads ran without a disclaimer,1158,1
102514162425194,Frederik Vad,Nielsen Frederik Vad,1150,5
243765466796,Vejle Kommune,Vejle Kommune,1147,5
229585537051606,DM Akademikerbladet,DM Akademikerbladet,1138,4
180519405977219,Frederiksværk Krisecenter,Frederiksværk Krisecenter,1085,4
106011385624734,Michael Rosenmark - kandidat for Danmarksdemokraterne,Michael Rosenmark,1081,5
159933657497144,Lars Møller Pedersen,Lars Pedersen,1039,6
103300074665238,Foreningen Atomkraft Ja Tak,Foreningen Atomkraft Ja Tak,1029,2
107305428114846,Anja Rosengreen,These ads ran without a disclaimer,1020,1
1724068710936501,Anja C Jensen,HK Danmark,1010,5
421631444601562,Christina Krzyrosiak Hansen,Christina Hansen,1000,2
366165650071333,Enhedslisten Køge,Rolskov Niels,1000,1
100825692030878,Sadek Al-Amood,Socialistisk Folkeparti,1000,1
520449347983427,Dansk Folkeparti,Dansk Folkeparti,994,12
179420709465,Venstre Mors,Venstre Mors,973,1
525293580838760,Silkeborg Kommune,Silkeborg Kommune,963,1
47703234827,Københavns Hovedbibliotek,Københavns Hovedbibliotek,957,2
116061635098137,Karina Lorentzen Dehnhardt,SF,900,3
575760076231543,Frihedsmuseet,These ads ran without a disclaimer,893,1
294264660289,DGI Storkøbenhavn,DGI Storkøbenhavn,889,4
126648500204,Enhedslisten Svendborg,Enhedslisten Svendborg,858,2
121874201204943,Atlas Magasin,These ads ran without a disclaimer,852,1
376442055780548,"Søren Søndergaard, formand for Landbrug & Fødevarer",Landbrug & Fødevarer,843,4
1417372171814283,3F Byggegruppen,3F Byggegruppen,841,2
239624940212,HK Kommunal,HK Kommunal,832,2
821686444837174,Billund Kommune,Billund Kommune,802,5
1060696937400942,Danske Fragtmænd,These ads ran without a disclaimer,796,1
108625789179165,Soi Dog Foundation,These ads ran without a disclaimer,796,4
272052943302453,LearnX,These ads ran without a disclaimer,749,2
101286428483346,Annette Blynel,SF - Socialistisk Folkeparti,733,5
359393357470755,Fælleskassen,These ads ran without a disclaimer,731,1
182121298931589,Odense Kommune,These ads ran without a disclaimer,723,1
294885907302040,AdResult - Vi skaber online resultater,AdResult ApS,723,5
122608528073978,Helge Larsen Investering og analyse,These ads ran without a disclaimer,717,1
1417938685172201,Anders Wolf Andresen - politiker,Andresen Anders Wolf,714,8
164564233593453,SF Hvidovre,SF Hvidovre,700,2
108273171366317,Moderaterne,Moderaterne,699,2
334571029981175,DM og MA studerende,These ads ran without a disclaimer,699,5
104396652511335,Danske frimærker,These ads ran without a disclaimer,679,1
32416796716,Lindhardt og Ringhof,Lindhardt og Ringhof,644,1
129940943738051,Odense ser Rødt,Odense ser Rødt,641,6
108232155430828,Lawyer Jan,These ads ran without a disclaimer,620,114
371163919965024,Andreas Karlsen,Karlsen Andreas Engelsborg,619,2
192783424152018,Socialistisk Information,Leif Mikkelsen,618,6
103170447987623,Rosa Lykke Yde - SF,SF Randers,615,6
356590264357569,Palæstinaorientering,Ole Olsen,615,7
820070458166704,Nicolai Sandager - Liberal Alliance,Nicolai Sandager,600,2
106355174776321,Christian Budde,Christian Opstrup-Privat,600,2
29097589538,Årsskriftet Critique,Årsskriftet Critique,568,2
1691032761182415,DR LYD,These ads ran without a disclaimer,568,3
724792894340079,Henning Overgaard,3F,550,2
101442025614806,Chancellor,These ads ran without a disclaimer,547,3
170374349673146,Tænketanken Cevea,Tænketanken Cevea,535,5
360787567740895,Volt Danmark,Volt Danmark,524,1
128290633918652,Silba Copenhagen,Silba Copenhagen,519,2
261831270603185,Malernes Fagforening Midtjylland,Krumme Andersen,515,2
1817924258521386,Tina-Mia Eriksen,Eriksen Tina Mia,513,3
100773945785466,Jan Tambo Nye Borgerlige,Jan Tambo,512,3
112686836850002,"Socialdemokratiet BGS Broager, Gråsten, Sundeved.","Socialdemokratiet Broager, Gråsten & Sundeved",500,2
110482913766384,Martin Sikær,Martin Sikær,500,1
164593977049986,Enhedslisten Rebild,Ostergaard Rasmus Falck,500,1
254772934555970,Frit Forum Roskilde,Frit Forum Roskilde,500,1
221857051173376,Svanemærket,Miljømærkning Danmark,494,1
951508531558534,Elbilforeningen i Danmark,Elbilforeningen i Danmark,485,2
110916448497258,Module,These ads ran without a disclaimer,479,2
121790537991663,Anchers Havecenter,These ads ran without a disclaimer,478,3
177985135560560,Ultimaker,These ads ran without a disclaimer,470,2
288315184625473,Sulisitsisut - Grønlands Erhverv,Sulisitsisut - Grønlands Erhverv,455,5
1389899114583901,Enhedslisten Lejre,Nicki Bjørn Jensen,451,1
107575374711850,SAGA DK,Saga,449,1
127374293943963,HK HANDEL,HK Handel,439,1
36664432940,Amnesty International Danmark,These ads ran without a disclaimer,434,2
376060695861577,Politikens Forlag,These ads ran without a disclaimer,416,1
141140922630894,RED Center,RED Center,415,1
482695791907139,Danske Vandværker,Danske Vandværker,405,3
103068814945121,Mathias Holger Nielsen i Hjørring Byråd,Mathias Nielsen,404,8
118948271632865,Henrik Dahl,Henrik Dahl,400,1
2079502855459920,Charlotte Broman Mølbæk,SF,400,2
108086794971176,Innovationscenter for Økologisk Landbrug,Innovationscenter for Økologisk Landbrug,400,1
346547929246195,Birgitte Vind,Vind Birgitte,398,2
107913591629982,JP Horsens,These ads ran without a disclaimer,398,1
1614329662112109,Aarhus Omstiller,These ads ran without a disclaimer,382,2
171773016268040,Randers Naturcenter,These ads ran without a disclaimer,375,1
685285988322053,Nordic Transport A/S,These ads ran without a disclaimer,375,2
126648500204,Enhedslisten Svendborg,Kiel Jesper,360,2
1406362546104860,VKST,VKST,359,1
703543806324512,Vi-partiet,Larsen Thomas,354,5
116712725068628,Fredericia Maskinmesterskole,These ads ran without a disclaimer,354,1
1541220236121470,Katarina Ammitzbøll,Katarina Ammitzboell,353,2
1037138983037629,Hjem til Alle alliancen,Hjem til Alle,345,2
207401585966233,Inger Støjberg,Jacob Kjerumgaard,341,1
107865054704163,"Thomas Frisch, Konservative Allerød",Thomas Christian Frisch,340,2
52824116986,Testrup Højskole,Testrup Højskole,337,1
1604137966535143,Teater FÅR302,Teater FÅR302,337,2
134551146600666,Albertslund Kommune,These ads ran without a disclaimer,337,2
19176473894,IMS (International Media Support),IMS (International Media Support),332,6
178362315106,European Parliament,European Parliament,328,57
880444655649267,Rasmus Steenberger,Steenberger Rasmus Rune,325,3
213185957376123,JP Randers,These ads ran without a disclaimer,312,1
12458150929,Radikale Venstre,Radikale Venstre,307,1
322853351534278,Os Om Havet,Os Om Havet,307,1
100913339248794,"Alt det vi ikke siger højt, plus det løse - af Kristina Klindt","Alt det vi ikke siger højt, plus det løse - af Kristina Klindt",300,1
340621956038178,Henrik Sørensen - Det Konservative Folkeparti,Henrik Michael Borsholm Sørensen,300,2
1572480919696502,Red Barnet Middelfart Lokalforening,Mette Genz,300,1
180026862906365,FrokostDebatten,Andersen Mikkel Zøllner,300,1
278077812793440,Den Grønne Ungdomsbevægelse,Den Grønne Studenterbevægelse,300,1
280046142277,SIND - Landsforeningen for psykisk sundhed,SIND - Landsforeningen for psykisk sundhed,300,1
200765843356728,REO,Ren Energioplysning,300,2
134531969945616,Folkebevægelsen mod EU,Folkebevægelsen mod EU,283,1
1988396728052020,Enhedslisten Roskilde,Skovrind Åge Martin,280,1
1220981994590364,FT Partner Content,These ads ran without a disclaimer,268,10
137990456269928,Ole Jakobsen - den utraditionelle,Ole Jakobsen,259,3
2261257587490849,Stecks fliserens,These ads ran without a disclaimer,256,1
98673036962,ROLDA,These ads ran without a disclaimer,253,15
106289989124233,Verdenspressen,Morten Berle Hammeken,250,1
64344083041,Enhedslisten Aalborg,Enhedslisten Aalborg,250,1
1017666944935541,Venstre Gladsaxe,Venstre Gladsaxe,250,2
136177706424458,Blik- og Rørarbejderforbundet,Kiki Jano Nielsen,250,1
162788300598203,Enhedslisten Lyngby,Enhedslisten Lyngby,249,2
1507997959501973,Landbrug & Fødevarer,These ads ran without a disclaimer,248,3
1502143003413219,Ringsted Kommune,These ads ran without a disclaimer,243,1
1708794009385812,Randers Arkitekten,Morten Storgaard,240,1
7783116506,Animals Asia,These ads ran without a disclaimer,240,7
101875815016312,Caroline Victoria Christensen,Caroline Victoria Christensen,236,2
862049590591113,Lærerstandens Brandforsikring,Lærerstandens Brandforsikring,234,1
103692315110627,Organsk,These ads ran without a disclaimer,229,2
314301147507,Astma-Allergi Danmark,Astma-Allergi Danmark,224,3
102196911847047,Lars Green Bach,Lars Green Bach,219,2
310714677736,Dansk Arkitektur Center - DAC,These ads ran without a disclaimer,216,1
108553734796464,Oplevelser i Hovedstaden,These ads ran without a disclaimer,211,2
100454262804823,Fyns Familielandbrug,Fyns Familielandbrug,210,1
105319354656140,Jens-Frederik Nielsen,Jens-Frederik Nielsen,210,4
162913866649,idenyt,These ads ran without a disclaimer,209,1
149388638416537,Riddersalen,These ads ran without a disclaimer,208,1
110834314440892,Saudi Green Initiative,These ads ran without a disclaimer,203,4
390925417751473,Erling Bonnesen,Erling Bonnesen,200,1
415341115213431,Intact Denmark - Forening mod omskæring af børn,Intact Denmark - Forening mod omskæring af børn,200,1
105723258303685,Enhedslisten Fanø,Enhedslisten Fanø,200,1
100445466003316,Sofie F. Villadsen,Sofie Falck Villadsen,200,1
126649544104126,SF i Randers,SF Randers,200,1
168572049946266,Venstre i Vesthimmerland,Venstre i Vesthimmerland,200,1
1955595914671223,Sebastian Kaimson,Sebastian Joubert Kaimson,200,1
111676898052590,Fredensborg Folkeuniversitet,Fredensborg Folkeuniversitet,200,1
283125781816371,FOA Nordjylland,FOA Nordjylland,200,1
1695276023875912,Astrid Søborg,Venstre Gladsaxe,200,3
400086820062197,KU.BE,These ads ran without a disclaimer,200,1
915465915145907,ALDE Partiet-  Individuelt Medlemskab i Danmark,Pedersen Rene Birger,200,3
101028235491379,Malene Sandfeld KV21 Frederiksberg,Malene R Sandfeld,200,2
568808986474327,SF Sønderborg,SF Sønderborg,199,1
125755924132043,Socialdemokratiet i Gladsaxe,Andersen Henrik,196,1
328986437687425,Ensemble Pluma,These ads ran without a disclaimer,194,1
120717044312926,whilewebleed,These ads ran without a disclaimer,192,1
100700698043032,Simon Østergaard,Simon Østergaard,188,2
230515182048,Aalborg Teater,These ads ran without a disclaimer,185,2
179055085459828,VandCenter Syd,These ads ran without a disclaimer,185,1
323150831629817,𝙼𝚘𝚛𝚝𝚎𝚗 𝚁𝚘𝚌𝚔𝚏𝚘𝚛𝚍 𝚁𝚊𝚟𝚗,These ads ran without a disclaimer,182,1
916493995066843,Ballerup Kommune,Ballerup Kommune,181,1
103833175171723,"Heidi Boss Nyby, Konservativ Byrådsmedlem, Fredensborg Kommune",Heidi Nyby,180,1
1788005264810051,Organisationen Danske Museer,Organisationen Danske Museer,180,1
1656501457909664,Klima- og Energigruppen Stevns,Klima- og Energigruppen Stevns,178,1
169223023097339,Liberal Alliance Skanderborg,Linda Christie Andrea,177,1
1799011450368670,Ungdommens Demokratihus,These ads ran without a disclaimer,174,4
104023927005,NRGi,Maria Thomsen,173,1
214251645724973,Det Kongelige Akademi - Efter- og videreuddannelse,These ads ran without a disclaimer,171,1
1799011450368670,Ungdommens Demokratihus,Ungdommens Demokratihus,170,2
100553324882964,Theresa Berg Andersen,Theresa Berg,170,3
117859671570984,Marius Øltapper,These ads ran without a disclaimer,169,1
118797451195818,macarons_design,These ads ran without a disclaimer,167,1
104229188003573,Dan Kornbek Christiansen,Det Konservative Folkeparti i Glostrup,165,3
322994567911233,Finn Nørgaard Foreningen,These ads ran without a disclaimer,162,1
106582697719101,Peter Larsen,Peter Larsen,160,1
275313749252200,Jacob Isøe Klærke - SF,Jacob Isøe Klærke,159,1
74796954245,SF,SF,158,2
256307084400958,Vibrant Hearts v/Stellah Søgård,These ads ran without a disclaimer,156,1
573106029493991,Marie-Louise Jørgensen SF,Jørgensen Marie-Louise Peschardt,153,1
165535500145780,Hillerød Bibliotek,Hillerød Bibliotekerne,149,1
950437221654958,Socialdemokratiet i Struer Kommune,Socialdemokratiet i Struer Kommune,144,3
1282577791766364,Kirsten Normann Andersen,SF,142,2
734748806730771,Husumvold Kirke,These ads ran without a disclaimer,140,1
1222321351208863,Klaus Sandfeld,Klaus Jbw Sandfeld,140,1
745999418897542,Europæisk Ungdom Fyn,Elvin Zarrinfar,134,1
216402818434101,Mission Øst,Mission Øst,134,6
180519405977219,Frederiksværk Krisecenter,These ads ran without a disclaimer,133,1
102472071927163,Simon Bauer,Simon Bauer,132,2
132619697171647,Carsten Sørensen - Dansk Folkeparti i Region Syddanmark,Carsten Sørensen,130,1
100387002283487,Iben Busch - Konservative Bornholm,Iben Busch,130,1
588679974556626,SF FAXE,SF Faxe,130,1
674034729594774,Nikolaj Bøgh,Nikolaj Bøgh,130,1
106050211691902,Allan Beier,Allan Bilgaard Beier,126,3
139239926563404,Pele Broberg,Naleraq,121,1
475170839240887,Diakonissestiftelsen,These ads ran without a disclaimer,119,1
101851515470757,Bauknecht Danmark,These ads ran without a disclaimer,118,1
155596147784577,WWF Verdensnaturfonden,These ads ran without a disclaimer,115,1
100588538904188,Kim Andkjær Doberck Nye Borgerlige,Kim Doberck,115,1
102121579296432,Allcsta time,These ads ran without a disclaimer,115,73
111045511211227,Herboxa,These ads ran without a disclaimer,115,1
107853282035931,Susie Jessen - Danmarksdemokraterne,Susie Janet Jessen,115,1
132475217441703,Offentlig administrationsjob - Jobportalen Ofir.dk,These ads ran without a disclaimer,114,2
257480614286065,Den Sorte Diamant - Det Kgl. Bibliotek,These ads ran without a disclaimer,111,1
103087126011989,okolariet_vejle,These ads ran without a disclaimer,108,1
112265080144547,Overlægeforeningen,Lisbeth Dahl,108,1
26531882197,Peter Westermann,Westermann Peter,107,2
652604238684755,Miljø- og energifonden af 2005,These ads ran without a disclaimer,104,1
351924618157744,M/S Museet for Søfart,These ads ran without a disclaimer,101,2
144965885963,Oxfam IBIS - Sammen mod ulighed,These ads ran without a disclaimer,101,2
398144900313793,"Mads Præstegaard, SF Roskilde Byråd",SF Roskilde,≤100,1
106839091345821,Christopher Røhl,Christopher Røhl,≤100,1
322117934560128,Mikael Wandel,Mikael Wandel,≤100,1
245844092182498,Enhedslisten Rudersdal,Christoffer Emil Jexen,≤100,1
156993437653924,Ungdomsringen,Ungdomsringen,≤100,1
350212595109738,Venstre Struer,Venstre Struer Kommune,≤100,1
28312410177,World Food Programme,These ads ran without a disclaimer,≤100,6
297422283612612,TotalEnergies,These ads ran without a disclaimer,≤100,2
771462172882741,OnePath Network,These ads ran without a disclaimer,≤100,2
118722921482452,Paul Mitchell Denmark,These ads ran without a disclaimer,≤100,1
268846869805884,Forbundet Kultur og Information,These ads ran without a disclaimer,≤100,1
140222686868,MC-REJSER,These ads ran without a disclaimer,≤100,1
420418408698637,Den Grønne Ungdomsbevægelse Aalborg,These ads ran without a disclaimer,≤100,1
638113892944657,Jan Bigum Warming,Jan Warming,≤100,1
1738395909758964,UNESCO Danmark,These ads ran without a disclaimer,≤100,1
106066181223394,Anders Medum Groth,Anders Medum Groth,≤100,1
283258882114222,Peter Wagner Mollerup - Byrådsmedlem i Nyborg kommune,Peter Mollerup,≤100,2
102921128233450,KD - Aarhus Kommune,Frank Engdal,≤100,1
106036798614,Christian Johnson - Konservativt Byrådsmedlem i Mariagerfjord,Christian Johnson,≤100,1
1860213407547044,Egernsund Wienerberger A/S,These ads ran without a disclaimer,≤100,3
58922745689,Lokallisten i Rudersdal,Lokallisten i Rudersdal,≤100,1
12185972707,350.org,These ads ran without a disclaimer,≤100,1
808135809280401,historiskerejser.dk,Anders Bager Eriksen,≤100,2
101196986304945,tidloes_historie_,These ads ran without a disclaimer,≤100,1
293266234170207,Line Krogh Lay - politik,Lay Line Krogh,≤100,1
1664683963775590,Milly Nou,These ads ran without a disclaimer,≤100,1
132271039718,Økolariet,These ads ran without a disclaimer,≤100,1
472848442798724,Socialdemokratiet i Ringkøbing-Skjern,Per  Stefansen,≤100,1
1573349312916806,Danmarks Naturfredningsforening Favrskov,These ads ran without a disclaimer,≤100,2
100493784938009,Danske Æg,These ads ran without a disclaimer,≤100,1
153640394698032,Roskilde Kommune,Roskilde Kommune,≤100,1
107237888124833,Vy Oanh Authentic - Túi xách cao cấp uy tín,These ads ran without a disclaimer,≤100,5
349254621827626,Dansk Skovforening,These ads ran without a disclaimer,≤100,1
500728576802465,Advokat Reinwald,These ads ran without a disclaimer,≤100,1
113044112697244,Lone Glarbo - Danmarksdemokraterne - Østjylland,Lone Glarbo,≤100,1
106337644874773,"Birgitte Sørensen, Vesthimmerland",Birgitte Sørensen,≤100,3
506555069410797,Det Konservative Folkeparti i Næstved,Det Konservative Folkeparti i Næstved,≤100,1
136049273765394,Ritter Sport,These ads ran without a disclaimer,≤100,4
103032832074969,Din Lønpartner,These ads ran without a disclaimer,≤100,2
501413603534541,Bevar Ukraine,These ads ran without a disclaimer,≤100,1
1823610164628295,Sebastian Nielsen i Kerteminde Byråd,Sebastian Nielsen,≤100,1
155518674479703,UNF Aarhus,These ads ran without a disclaimer,≤100,1
67290408185,Trine Mach,Trine Pertou Mach,≤100,1
110217591284478,Green Innovation Makers,These ads ran without a disclaimer,≤100,1
110647840532680,Merge Mayor,These ads ran without a disclaimer,≤100,1
129940943738051,Odense ser Rødt,These ads ran without a disclaimer,≤100,1
229741813827540,KUNSTHAL AARHUS,These ads ran without a disclaimer,≤100,2
112617303984751,Jan Beck-Nielsen - Silkeborg byråd.,Jan Beck-Nielsen,≤100,1
1034947173308476,Polly Dutschke,Polly Dutschke,≤100,1
111387662905067,Torben Martinsen,Torben Martinsen,≤100,1
174436446307338,ARTLAND,These ads ran without a disclaimer,≤100,1
112588242095660,XTZ Sweden,These ads ran without a disclaimer,≤100,2
105799458603318,mc_aalborg_cake,These ads ran without a disclaimer,≤100,1
96064732850,ARoS Aarhus Art Museum,These ads ran without a disclaimer,≤100,1
629353783794919,Topsoe A/S,These ads ran without a disclaimer,≤100,3
111210480291603,European Youth International,European Youth International,≤100,2
110337671631234,Dansk Flygtningehjælp Frivillig,These ads ran without a disclaimer,≤100,1
231802904020822,Galleri Nijenkamp,These ads ran without a disclaimer,≤100,1
110721302396563,Agri Nord,These ads ran without a disclaimer,≤100,1
138743792864334,Glyptoteket,These ads ran without a disclaimer,≤100,1
163797615046,Vartov,These ads ran without a disclaimer,≤100,1
1033120613483808,AURA,These ads ran without a disclaimer,≤100,1
106200715401368,Lyma Kemiteknik Danmark,These ads ran without a disclaimer,≤100,1
1378861979080037,Torsten Schack Pedersen,Houe Film,≤100,1
1006411482778121,FedEx,These ads ran without a disclaimer,≤100,1
229585537051606,DM Akademikerbladet,These ads ran without a disclaimer,≤100,1
102662938798707,ربيع ازد احمد,These ads ran without a disclaimer,≤100,1
111330269562332,Anders Winnerskjold,Anders Winnerskjold,≤100,1
1631529497081040,Promovec A/S,These ads ran without a disclaimer,≤100,1
118139327872808,Hardwire,These ads ran without a disclaimer,≤100,1
852370551453606,GARP,These ads ran without a disclaimer,≤100,1
1789645774597952,Meyer Sound Europe,These ads ran without a disclaimer,≤100,1
525293580838760,Silkeborg Kommune,These ads ran without a disclaimer,≤100,1
269063413206212,Varde Bibliotek,These ads ran without a disclaimer,≤100,1
100854562944559,Hillerød Lokalbeskyttelse,These ads ran without a disclaimer,≤100,1
120540077612261,EU News,These ads ran without a disclaimer,≤100,2
1876896252587282,Aleksander Myrhøj - SF,Myrhøj Aleksander,≤100,2
110463704610731,Cute Kiwi,These ads ran without a disclaimer,≤100,9
102550558828921,Morten Jensen - Skive,These ads ran without a disclaimer,≤100,1
1896982337214657,Mads Georgi,Mads Madsen Georgi,≤100,1
104492907835152,Academy of Therapy Wisdom,These ads ran without a disclaimer,≤100,3
1642871975974032,Danmarks Frie AutoCampere,These ads ran without a disclaimer,≤100,1
1684646181850363,TjekDet,These ads ran without a disclaimer,≤100,1
1406362546104860,VKST,These ads ran without a disclaimer,≤100,1
1875864652734419,Murersektionen,These ads ran without a disclaimer,≤100,1
19746387261,Humane Society International,These ads ran without a disclaimer,≤100,2
109949417808253,Frank Engdal - KD Aarhus,Frank Engdal,≤100,1
106314211063132,Foreningen for Grundvandsbeskyttelse,These ads ran without a disclaimer,≤100,1
404944526644824,Anna Wangenheim,Anna Wangenheim,≤100,1
104310911682295,urwelcome.dk,These ads ran without a disclaimer,≤100,2
102196911847047,Lars Green Bach,These ads ran without a disclaimer,≤100,1
119862628056381,Biblioteket Frederiksberg,These ads ran without a disclaimer,≤100,1
1502790293306159,Svendborg Bibliotek,These ads ran without a disclaimer,≤100,1
1522666927799763,BCG in Denmark,These ads ran without a disclaimer,≤100,4
441703342896364,The Upright Project,These ads ran without a disclaimer,≤100,2
297827730881505,With Ease Lifestyle,These ads ran without a disclaimer,≤100,1
591053410981042,Eco Clean Nordic,These ads ran without a disclaimer,≤100,1
182708684718,Sounds True,These ads ran without a disclaimer,≤100,10
105962808801596,IZZY - Stream Israel,These ads ran without a disclaimer,≤100,7
438888146201249,"Claus Mørkbak Højrup, Politiker","Claus Mørkbak Højrup, Politiker",≤100,1
121935915105485,"Lars Andresen - byrådsmedlem, Vesthimmerland",Lars Andresen,≤100,1
500499026652500,Carmo A/S,These ads ran without a disclaimer,≤100,1
1865749133661872,Cirkusbygningen,These ads ran without a disclaimer,≤100,4
100374392742057,Weregreenly- Magazine,These ads ran without a disclaimer,≤100,16
113069765042749,conscious.dk,These ads ran without a disclaimer,≤100,1
1656501457909664,Klima- og Energigruppen Stevns,These ads ran without a disclaimer,≤100,1
74188072997,Volvo Penta at Sea,These ads ran without a disclaimer,≤100,1
551870571687070,AKKS - Amatørkultur i Danmark,AKKS - Amatørernes Kunst & Kultur Samråd,≤100,1
455709081135191,3F Horsens og Omegn,These ads ran without a disclaimer,≤100,1
548577435509026,d&b audiotechnik,These ads ran without a disclaimer,≤100,1
574759472713063,Communauté Emmaüs de Brest / Morlaix / Plougastel-Daoulas,These ads ran without a disclaimer,≤100,1
103344742624341,Skarb narodowy,These ads ran without a disclaimer,≤100,1
102040699382199,Indsamlingshjælpen,These ads ran without a disclaimer,≤100,1
181924628560212,Ekō,These ads ran without a disclaimer,≤100,1
1955281444717941,"IT, ingeniør og energi job - Ofir.dk",These ads ran without a disclaimer,≤100,2
110807438602372,Steno Research,These ads ran without a disclaimer,≤100,2
799393486914720,Biosphere VR,These ads ran without a disclaimer,≤100,1
104045698165124,Politiker,These ads ran without a disclaimer,≤100,1
101743751798184,BaliBali,These ads ran without a disclaimer,≤100,1
919455131429709,SUND Forskning,These ads ran without a disclaimer,≤100,1
235224209934635,Sundt - Vand,These ads ran without a disclaimer,≤100,1
163502783805702,Kulturium - Ishøj Bibliotek,These ads ran without a disclaimer,≤100,1
691008384273726,FIU-Ligestilling,These ads ran without a disclaimer,≤100,1
192375054428877,Corona Camping,These ads ran without a disclaimer,≤100,1
1427831394175028,Mælken.dk,Mælken.dk,≤100,1
1656930864609022,"Thomas Møller, SF",These ads ran without a disclaimer,≤100,1
109211515409715,Cog-Pkg Media,These ads ran without a disclaimer,≤100,1
110318858712956,Новости Европы,These ads ran without a disclaimer,≤100,2
102251318064432,Organon,These ads ran without a disclaimer,≤100,1
103378582727409,vanguardwisdom,These ads ran without a disclaimer,≤100,1
416253895120951,HK Nordjylland,These ads ran without a disclaimer,≤100,1
307091036115287,Tønder Erhvervsråd,These ads ran without a disclaimer,≤100,1
458544474329283,Pia Fris Laneth - Levende Fortællinger,These ads ran without a disclaimer,≤100,1
120519477967734,Inspired by Iceland,These ads ran without a disclaimer,≤100,2
132554058327,Faurschou,These ads ran without a disclaimer,≤100,1
101176682686881,Caldwell Hutchinson,These ads ran without a disclaimer,≤100,3
287842647957979,EU International Partnerships,These ads ran without a disclaimer,≤100,5
115306454863649,Provision Fund,These ads ran without a disclaimer,≤100,1
114269868260858,Voksenliv,These ads ran without a disclaimer,≤100,1
105785675757412,Happy,These ads ran without a disclaimer,≤100,4
720718118004471,Nivi Olsen,Nivi Olsen,≤100,1
109553752103946,Leonard Mortensen,These ads ran without a disclaimer,≤100,1
291062434566865,ATL - Transportens Arbejdsgivere,These ads ran without a disclaimer,≤100,1
130456876990360,European Youth,These ads ran without a disclaimer,≤100,1
211213322391897,Kriya Yoga - Rev. Furio Sclano,These ads ran without a disclaimer,≤100,2
144709575593854,EESC - European Economic and Social Committee,EESC - European Economic and Social Committee,≤100,3
116157921440909,European project,These ads ran without a disclaimer,≤100,1
53529241376,SaabyArt,These ads ran without a disclaimer,≤100,1
977005762399696,Deepgrooves,These ads ran without a disclaimer,≤100,1
114293648285279,chapikurdistani1,These ads ran without a disclaimer,≤100,1
5838867828,Computerworld it-jobbank,These ads ran without a disclaimer,≤100,1
102015565381973,Vigeur,These ads ran without a disclaimer,≤100,1
110824565323685,Алексей Разумников,These ads ran without a disclaimer,≤100,1
185561295623272,Move To Help Foundation,These ads ran without a disclaimer,≤100,2
109357474725736,Bluetti Europe,These ads ran without a disclaimer,≤100,1
104099512361482,Funnies Now - Magazine,These ads ran without a disclaimer,≤100,3
114681628165689,The War Fragments Museum,These ads ran without a disclaimer,≤100,1
280796422025126,MIO - Meeqqat Pisinnaatitaaffiinut Sullissivik,These ads ran without a disclaimer,≤100,1
100451933698060,AdVenture Communist,These ads ran without a disclaimer,≤100,2
358553797553727,Teknologirådet - Danish Board of Technology,These ads ran without a disclaimer,≤100,1
181890091876904,Medair,These ads ran without a disclaimer,≤100,1
172380352784267,Carl Ras,These ads ran without a disclaimer,≤100,4
108166048910328,Срочные Новости,These ads ran without a disclaimer,≤100,1
104468109023992,The Digital Neighborhood,These ads ran without a disclaimer,≤100,2
346547929246195,Birgitte Vind,These ads ran without a disclaimer,≤100,1
1169704813061373,PLAN Bi,These ads ran without a disclaimer,≤100,1
104593458269168,Your Daily Fun Break,These ads ran without a disclaimer,≤100,9
289356414851003,Café Nöah,These ads ran without a disclaimer,≤100,1
156279764411149,Times Higher Education,These ads ran without a disclaimer,≤100,2
102720889486290,Новости Европы,These ads ran without a disclaimer,≤100,1
1468015706558049,Moodys Tax,These ads ran without a disclaimer,≤100,1
146822255731958,Fast Travel Games,These ads ran without a disclaimer,≤100,1
100304432747385,almindeligdame,These ads ran without a disclaimer,≤100,1
2241988346071504,Nordic CEOs for a Sustainable Future,These ads ran without a disclaimer,≤100,2
249901071699066,Bibblan svarar,These ads ran without a disclaimer,≤100,1
186645960378,Danwatch,These ads ran without a disclaimer,≤100,1
608650595820049,The Conqueror Challenges,These ads ran without a disclaimer,≤100,1
615546538867802,Modstrøm,These ads ran without a disclaimer,≤100,1
104819209268652,Meta Universe,These ads ran without a disclaimer,≤100,1
222561008210457,Marianne Burchall - A,Burchall Marianne Ramberg,≤100,1
38507331439,Danmarks Naturfredningsforening,These ads ran without a disclaimer,≤100,1
357045667965,Oslo Freedom Forum,These ads ran without a disclaimer,≤100,2
139235326093086,Herno,These ads ran without a disclaimer,≤100,1
61748456467,Albertslund Bibliotek,These ads ran without a disclaimer,≤100,1
321685411262954,Local Alike,These ads ran without a disclaimer,≤100,1
102252525898596,Lương Y Phạm Văn Thanh,These ads ran without a disclaimer,≤100,1
104153769204955,Infinitum Insights,These ads ran without a disclaimer,≤100,1
110368202034813,the_ecoodyssey,These ads ran without a disclaimer,≤100,1
101315848087098,Releaf PAPER & BAGS,These ads ran without a disclaimer,≤100,4
714894468544266,Sätt färg på,These ads ran without a disclaimer,≤100,2
2273404059547940,Akhpal torghar,These ads ran without a disclaimer,≤100,18
102397006051689,IVDK HUB for Ukrainians,These ads ran without a disclaimer,≤100,1
306064959461205,UMAGE,These ads ran without a disclaimer,≤100,4
314676938743,DM din akademiske fagforening,These ads ran without a disclaimer,≤100,1
794854327276778,Rotary Białystok,These ads ran without a disclaimer,≤100,1
267353906619818,Mr. Gugu & Miss Go,These ads ran without a disclaimer,≤100,1
128342573493595,Good-News,These ads ran without a disclaimer,≤100,1
103075499294342,Coefficiey,These ads ran without a disclaimer,≤100,4
35779367485,Pure London,These ads ran without a disclaimer,≤100,1
350021958669833,Brix Design A/S,These ads ran without a disclaimer,≤100,1
112488380887035,Bjørk Lange Kristensen,Bjørk Kristensen,≤100,1
133258813378339,Frederikssund Bibliotekerne,These ads ran without a disclaimer,≤100,1
107616545277373,YYOfi3,These ads ran without a disclaimer,≤100,1
108254858551015,ENERGY ACT FOR UKRAINE Foundation,These ads ran without a disclaimer,≤100,1
110947301729456,Wen Creel,These ads ran without a disclaimer,≤100,2
109012749124622,3F - Gør dig stærkere.,These ads ran without a disclaimer,≤100,1
104486655940904,zerowastezen1,These ads ran without a disclaimer,≤100,1
111969398555528,События Дня,These ads ran without a disclaimer,≤100,1
177298008978236,HIP,These ads ran without a disclaimer,≤100,2
127031794038958,Blue Marine Foundation,These ads ran without a disclaimer,≤100,9
110492602019675,EU - News,These ads ran without a disclaimer,≤100,1
102767259461496,EU News,These ads ran without a disclaimer,≤100,1
103015059417615,emp_one,These ads ran without a disclaimer,≤100,2
250305668489402,Professor Kenny,These ads ran without a disclaimer,≤100,5
1249630708423717,MUNER Motorvehicle University of Emilia-Romagna,These ads ran without a disclaimer,≤100,1
114973231566708,24EU FN,These ads ran without a disclaimer,≤100,1
201898837323360,Lego-StoryTeller,These ads ran without a disclaimer,≤100,1
101125488417682,trineryttertravels,These ads ran without a disclaimer,≤100,1
435633199945731,Miret,These ads ran without a disclaimer,≤100,1
104847815914283,howtohelpuacom,These ads ran without a disclaimer,≤100,1
35335786143,Cat Electric Power,These ads ran without a disclaimer,≤100,1
103022776117511,Сводка новостей,These ads ran without a disclaimer,≤100,1
102898939386527,Happy,These ads ran without a disclaimer,≤100,1
595178974150639,"Marta Wesołowska - mówienie, głos w Marce Osobistej",These ads ran without a disclaimer,≤100,1
662217070843685,Mette Ferrold - Livsmentor & Parterapeut,These ads ran without a disclaimer,≤100,1
307882569403234,W. Ritzdorf,These ads ran without a disclaimer,≤100,1
104018092306802,Businpeop23,These ads ran without a disclaimer,≤100,2
1770333233009969,LisaGrue,These ads ran without a disclaimer,≤100,1
982807208519006,Bjørnetjenesten  Børnemusik,These ads ran without a disclaimer,≤100,1
927057930973841,Dagmara Szymańska Autor Embrace Therapy,These ads ran without a disclaimer,≤100,1
340577086006224,CRI German,These ads ran without a disclaimer,≤100,1
380588318754125,TommyTelt,These ads ran without a disclaimer,≤100,1
101953493337841,MEBO International,These ads ran without a disclaimer,≤100,1
102952309457793,History in Number,These ads ran without a disclaimer,≤100,2
100386342622682,Studerende på Københavns Universitet,These ads ran without a disclaimer,≤100,1
146481695371146,"มูลนิธิเพื่อสุนัขในซอย, ประเทศไทย (Soi Dog - in Thai)",These ads ran without a disclaimer,≤100,1
1541838982729128,Anna Lindh Foundation Network in Sweden - Anna Lindh Stiftelsen i Sverige,These ads ran without a disclaimer,≤100,1
100109498195615,VORES Randers,These ads ran without a disclaimer,≤100,1
103642878968613,Way of Life,These ads ran without a disclaimer,≤100,1
1136117829854042,Pure Blue of Norway,These ads ran without a disclaimer,≤100,1
101653285444113,SK텔레콤 뉴스룸,These ads ran without a disclaimer,≤100,1
128925017117689,MovieZoo.dk,These ads ran without a disclaimer,≤100,1
103619255174799,LG Display Newsroom,These ads ran without a disclaimer,≤100,1
1823807254333065,Soy Más País,These ads ran without a disclaimer,≤100,1
192434641302087,RoshdInsights,These ads ran without a disclaimer,≤100,1
435272526866135,North American Kurdish Alliance - NAKA,These ads ran without a disclaimer,≤100,1
188140874572413,Fundación Charles Darwin,These ads ran without a disclaimer,≤100,4
105699708610413,The Kyiv Independent,These ads ran without a disclaimer,≤100,1
1606155556168996,Si Amo Afrin,These ads ran without a disclaimer,≤100,1
217519028785017,Nature Research Custom Media,These ads ran without a disclaimer,≤100,3
102500518635499,ENTR en,These ads ran without a disclaimer,≤100,2
117023901352521,the_alyanch,These ads ran without a disclaimer,≤100,1
771869142824281,Júníus Meyvant,These ads ran without a disclaimer,≤100,1
105012451157797,Uniathena - Short Courses,These ads ran without a disclaimer,≤100,1
118818871156611,clubwudan,These ads ran without a disclaimer,≤100,1
109997088627862,Lyfecycle,These ads ran without a disclaimer,≤100,2
722256984867966,Raytheon Missiles & Defense,These ads ran without a disclaimer,≤100,1
115643645121323,Deuter,These ads ran without a disclaimer,≤100,1
15974534830,Magnum Photos,These ads ran without a disclaimer,≤100,7
109044999140694,CAS,These ads ran without a disclaimer,≤100,3
111132794348779,That Happened,These ads ran without a disclaimer,≤100,1
101421609364851,Ty Ibarra,These ads ran without a disclaimer,≤100,1
120223804387904,dailypositivityboost,These ads ran without a disclaimer,≤100,1
100556106171382,Life's rhythm,These ads ran without a disclaimer,≤100,1
100490729492964,Sebastian Bello,These ads ran without a disclaimer,≤100,7
609131619115590,O čem se mluví,These ads ran without a disclaimer,≤100,1
117039841320523,Big Pink Youth Dialogue,These ads ran without a disclaimer,≤100,1
1102199946478493,Spotlight,These ads ran without a disclaimer,≤100,1
102237416053198,Pramila Nageshwararaj,These ads ran without a disclaimer,≤100,1
106892895068657,Reykjavik Science City,These ads ran without a disclaimer,≤100,1
110178328228079,NinjaOne Europe,These ads ran without a disclaimer,≤100,1
112757083778788,"Economic Daily, China",These ads ran without a disclaimer,≤100,3
316139502261301,BeInCrypto,These ads ran without a disclaimer,≤100,1
111595864923192,Aasi Tahir Siddique,These ads ran without a disclaimer,≤100,1
124340177284061,TomorrowBuilding,These ads ran without a disclaimer,≤100,1
598865763613819,Institute for Zen Leadership,These ads ran without a disclaimer,≤100,2
669307523469574,EveryJew,These ads ran without a disclaimer,≤100,3
117697811288537,Super Master,These ads ran without a disclaimer,≤100,1
286094071469577,VINCI Energies,These ads ran without a disclaimer,≤100,2
31235346489,DJ Lionpaw,These ads ran without a disclaimer,≤100,1
102998939765184,Persian bms,These ads ran without a disclaimer,≤100,1
107475414174704,Montes Wines,These ads ran without a disclaimer,≤100,1
107881342266729,Главное,These ads ran without a disclaimer,≤100,1
123546032572,Eppendorf Group,These ads ran without a disclaimer,≤100,1
1457915704536726,Advokatfirmaet Magnus Legal,These ads ran without a disclaimer,≤100,1
105019871690075,noia.magazine,These ads ran without a disclaimer,≤100,1
102072599470181,Advanced Trading,These ads ran without a disclaimer,≤100,1
101616782888805,Travel Away,These ads ran without a disclaimer,≤100,1
109888808553507,Neol,These ads ran without a disclaimer,≤100,2
105743361735500,New to Money Português,These ads ran without a disclaimer,≤100,1
109569515162571,UMUT AKSOY,These ads ran without a disclaimer,≤100,1
561815680508842,"Shurya - Meditacion, relajación y sabiduria",These ads ran without a disclaimer,≤100,1
106299475598378,profkevinfenton,These ads ran without a disclaimer,≤100,1
106837661915369,Hatzopoulos S.A.,These ads ran without a disclaimer,≤100,1
100133042448587,Sneaker Toast Magazine,These ads ran without a disclaimer,≤100,1
108918024296374,LatviaTravel,These ads ran without a disclaimer,≤100,1
72149536933,SKF,These ads ran without a disclaimer,≤100,1
100408139141307,Concerts Lovers,These ads ran without a disclaimer,≤100,1
153371894688575,World Bank,These ads ran without a disclaimer,≤100,1
270039487025241,Learning Library,These ads ran without a disclaimer,≤100,1
109613811893240,Aiby • AI Art & Avatar Generator,These ads ran without a disclaimer,≤100,1
111675408313515,Lisbon Energy Summit,These ads ran without a disclaimer,≤100,1
994977213848354,Sarx,These ads ran without a disclaimer,≤100,1
175807639890984,"Dr. Hanuman - Yoga, Breath & Joy",These ads ran without a disclaimer,≤100,3
428157337550611,ICMM,These ads ran without a disclaimer,≤100,1
102257292713372,Alejandra Morales,These ads ran without a disclaimer,≤100,8
1471787229768516,Art+Feminism,These ads ran without a disclaimer,≤100,1
171163390480055,Samson Rope Technologies,These ads ran without a disclaimer,≤100,2
320788968000582,Center for Israel Education,These ads ran without a disclaimer,≤100,1
805499066304399,Centre for International Studies and Development,These ads ran without a disclaimer,≤100,1
343786409509707,The East Gate,These ads ran without a disclaimer,≤100,2
478297078923452,Big Easy Believer,These ads ran without a disclaimer,≤100,2
105945458999217,Demenswear,These ads ran without a disclaimer,≤100,2
121350964566751,DHL Motorsports,These ads ran without a disclaimer,≤100,1
112502804794164,Країна Миру - Country of Peace,These ads ran without a disclaimer,≤100,1
524481140907226,Green Motion International,These ads ran without a disclaimer,≤100,1
315543515306,Jing Daily,These ads ran without a disclaimer,≤100,1
111625174617456,illustration.katy,These ads ran without a disclaimer,≤100,1
105558698809934,SRNE Solar,These ads ran without a disclaimer,≤100,1
404637380346545,Freeda En,These ads ran without a disclaimer,≤100,1
179989282086901,Warriors of the Divine,These ads ran without a disclaimer,≤100,1
121191740953524,Новости Европы,These ads ran without a disclaimer,≤100,1
112675286764083,Aggregates Business,These ads ran without a disclaimer,≤100,1
320948257943554,Бостонский Кругозор,These ads ran without a disclaimer,≤100,1
216550520609,CLAE,These ads ran without a disclaimer,≤100,1
1603592663238606,Svjedok prošlosti,These ads ran without a disclaimer,≤100,1
109755664976719,Ginger's Notebook,These ads ran without a disclaimer,≤100,1
10606591490,TIME,These ads ran without a disclaimer,≤100,1
117720231300445,Важно Знать,These ads ran without a disclaimer,≤100,1
479285342097950,AeroTime,These ads ran without a disclaimer,≤100,1
17043549797,MIT Technology Review,These ads ran without a disclaimer,≤100,6
105559305713150,PlanetPlay Global,These ads ran without a disclaimer,≤100,1
105639025839199,Aiko Energy,These ads ran without a disclaimer,≤100,1
142914269087072,Cornell Lab of Ornithology,These ads ran without a disclaimer,≤100,1
108318715562829,Abi Espin,These ads ran without a disclaimer,≤100,2
1556259461269806,Shareably,These ads ran without a disclaimer,≤100,1
103847071992624,Climate Heritage,These ads ran without a disclaimer,≤100,1
610696639428997,VEOCEL,These ads ran without a disclaimer,≤100,1
1684724295099974,Trending Taiwan潮台灣,These ads ran without a disclaimer,≤100,2
110193702339241,Fountaine Pajot,These ads ran without a disclaimer,≤100,1
113388621278432,Amerikabrev,These ads ran without a disclaimer,≤100,1
141271779363886,Christian Harfouche,These ads ran without a disclaimer,≤100,1
308078662574679,Xcode Life,These ads ran without a disclaimer,≤100,1
366107457198874,Rise of Kingdoms,These ads ran without a disclaimer,≤100,1
1244705842263957,World Highways,These ads ran without a disclaimer,≤100,2
287193278023020,Jirka Stoček,These ads ran without a disclaimer,≤100,2
128460617656602,eeDesignIt,These ads ran without a disclaimer,≤100,2
126647422239291,stand_up_for_nuclear,These ads ran without a disclaimer,≤100,1
153063591397681,Amazon Web Services,These ads ran without a disclaimer,≤100,2
102980832777264,vugarboniak,These ads ran without a disclaimer,≤100,1
111014438406253,Trendyspread shop1,These ads ran without a disclaimer,≤100,2
2418643321715898,Daily Stickers,These ads ran without a disclaimer,≤100,1
177971792541224,CNRS News,These ads ran without a disclaimer,≤100,1
128322628212,Falling Walls,These ads ran without a disclaimer,≤100,2
331965446932156,HORIZON: the EU Research & Innovation magazine,These ads ran without a disclaimer,≤100,1
109476034966891,Electrify News,These ads ran without a disclaimer,≤100,1
1656590977890066,IDEO U,These ads ran without a disclaimer,≤100,1
429957570419097,Professor Israel,These ads ran without a disclaimer,≤100,1
100226179346528,dynamiceventsberlin,These ads ran without a disclaimer,≤100,1
224597158386607,Rosa Luxemburg Foundation,These ads ran without a disclaimer,≤100,3
106124221662606,Mititelu Raul,These ads ran without a disclaimer,≤100,1
110206684121600,growfish.co,These ads ran without a disclaimer,≤100,1
327118287384388,The Institution of Engineering and Technology (IET),These ads ran without a disclaimer,≤100,1
103659765532260,華夏focus,These ads ran without a disclaimer,≤100,1
101138836304674,Dave Sharpe,These ads ran without a disclaimer,≤100,1
104554088412737,Rubryka - Solutions from Ukraine,These ads ran without a disclaimer,≤100,2
1628143114116321,Havdrup Kirke,These ads ran without a disclaimer,≤100,1
112736661782449,Z-64-pro,These ads ran without a disclaimer,≤100,1
107553662058080,Germano Romero,These ads ran without a disclaimer,≤100,1
1665415480386176,Radicalisation Awareness Network - RAN,These ads ran without a disclaimer,≤100,1
108607351041275,FAB Group,These ads ran without a disclaimer,≤100,1
101478712863847,European news,These ads ran without a disclaimer,≤100,1
171522852874952,Juventus,These ads ran without a disclaimer,≤100,1
145782498897144,KENGURU.PRO,These ads ran without a disclaimer,≤100,1
102912091863686,Volvo Penta on Land,These ads ran without a disclaimer,≤100,2
105962449139113,ChatBox,These ads ran without a disclaimer,≤100,2
489179047956298,Allwork.Space,These ads ran without a disclaimer,≤100,2
102964102556890,Bettermanly - Magazine page 2,These ads ran without a disclaimer,≤100,1
333293986861604,Jean Richard MusiK,These ads ran without a disclaimer,≤100,2
101289218907718,Web News,These ads ran without a disclaimer,≤100,2
109618608579864,All beautiful things,These ads ran without a disclaimer,≤100,3
150793518281117,Covestro,These ads ran without a disclaimer,≤100,3
171043963049603,GREAT SCOT,These ads ran without a disclaimer,≤100,1
760185027711926,Scientific Feed,These ads ran without a disclaimer,≤100,1
219947610085,Marine Conservation Society,These ads ran without a disclaimer,≤100,1
372543722891096,"Salouru, Real Estate",These ads ran without a disclaimer,≤100,1
154680184946903,Superplastic,These ads ran without a disclaimer,≤100,1
164851239572,Women for Women International - UK,These ads ran without a disclaimer,≤100,1
108358524677345,畫啦啦少兒美術,These ads ran without a disclaimer,≤100,1
114184975000819,Unexplained Beasts,These ads ran without a disclaimer,≤100,1
100970059574672,Bisexual.org en Español,These ads ran without a disclaimer,≤100,1
633246560165629,Fujifilm Global,These ads ran without a disclaimer,≤100,1
105842829050347,earthapist,These ads ran without a disclaimer,≤100,1
126166480762310,SelectScience,These ads ran without a disclaimer,≤100,1
108535778792153,Evang. Akwaha,These ads ran without a disclaimer,≤100,1
80161254850,European Youth Forum,These ads ran without a disclaimer,≤100,1
104444237650160,برنامج مع الرئيس,These ads ran without a disclaimer,≤100,1
102727121816068,Святлана Ціханоўская,These ads ran without a disclaimer,≤100,2
194886144517585,Solid English School,These ads ran without a disclaimer,≤100,1
115540694483809,pretawolzak,These ads ran without a disclaimer,≤100,1
101853479470366,Weregreenly,These ads ran without a disclaimer,≤100,3
114980244815721,Polistudio,These ads ran without a disclaimer,≤100,1
100106918464082,Tissue Online North America,These ads ran without a disclaimer,≤100,1
364987324007814,Page Hotels,These ads ran without a disclaimer,≤100,1
102416722029565,"Innovate4Climate, I4C 2023 - Bilbao",These ads ran without a disclaimer,≤100,1
101054365776547,Charming Changzhou,These ads ran without a disclaimer,≤100,1
31292782350,Deutschland.de,These ads ran without a disclaimer,≤100,1
376224865747238,Servier,These ads ran without a disclaimer,≤100,1
1603032896650454,Fondazione Imago Mundi - Gallerie delle Prigioni,These ads ran without a disclaimer,≤100,1
108258998739587,I Did not know,These ads ran without a disclaimer,≤100,4
113205131621824,WorldOrder.News,These ads ran without a disclaimer,≤100,1
102415047928145,Shanghai Electric,These ads ran without a disclaimer,≤100,4
133945616646913,RioOnWatch.org,These ads ran without a disclaimer,≤100,2
103503548827625,Diversify Collective,These ads ran without a disclaimer,≤100,2
106722822373735,The Fun Insider,These ads ran without a disclaimer,≤100,2
405379246524515,DHL Express,These ads ran without a disclaimer,≤100,2
109305525113098,Pupil Loves,These ads ran without a disclaimer,≤100,4
102207552798601,Youth clicks,These ads ran without a disclaimer,≤100,1
351365901647856,Reima,These ads ran without a disclaimer,≤100,1
354154019404,Polygiene,These ads ran without a disclaimer,≤100,1
106974505310582,"БО БФ ""Фенікс України""",These ads ran without a disclaimer,≤100,1
644897506121626,future.weapons,These ads ran without a disclaimer,≤100,1
983135718420987,Visit Jiangsu,These ads ran without a disclaimer,≤100,1
719796491812437,Oy Prevex Ab,These ads ran without a disclaimer,≤100,1
8002590959,Rainforest Action Network - RAN,These ads ran without a disclaimer,≤100,5
102197532218107,Regal Springs Europe,These ads ran without a disclaimer,≤100,1
110861658082667,Planet One,These ads ran without a disclaimer,≤100,1
100851609659466,,These ads ran without a disclaimer,≤100,1
112864228133921,Funnies Now - Stories,These ads ran without a disclaimer,≤100,1
200226622453,NOWNESS,These ads ran without a disclaimer,≤100,2
105986175239619,Sea Creature Love,These ads ran without a disclaimer,≤100,2
6115848166,Nature Portfolio,These ads ran without a disclaimer,≤100,4
63306224439,Trip.com,These ads ran without a disclaimer,≤100,2
108090722253322,HL Connection #1,These ads ran without a disclaimer,≤100,7
104571188687767,Chill Read,These ads ran without a disclaimer,≤100,1
208371683037269,NBCU Catalyst,These ads ran without a disclaimer,≤100,3
101132541967404,ESG Investing,These ads ran without a disclaimer,≤100,1
127252545339217,Pieux,These ads ran without a disclaimer,≤100,1
105036179534606,"Gildan, Making Apparel Better",These ads ran without a disclaimer,≤100,1
106882027720933,Ugreen_Us,These ads ran without a disclaimer,≤100,2
111902870168738,Seçimini Yap,These ads ran without a disclaimer,≤100,1
110993941170214,ChidoBook,These ads ran without a disclaimer,≤100,1
134972349915670,Young Friends of the Earth Europe,These ads ran without a disclaimer,≤100,1
495297847177818,3D WALL Panels Italia,These ads ran without a disclaimer,≤100,1
100689636310150,Waokeem-EU,These ads ran without a disclaimer,≤100,5
102300279228311,MadeinChina,These ads ran without a disclaimer,≤100,1
68644810672,"Liorel, Art from Israel",These ads ran without a disclaimer,≤100,1
8428544759,Six Degrees Records,These ads ran without a disclaimer,≤100,2
285530825204,Klitschko,These ads ran without a disclaimer,≤100,3
149290745229517,Online Antisemitism Task Force,These ads ran without a disclaimer,≤100,1
116355337718182,Moli lulu,These ads ran without a disclaimer,≤100,1
101922875434564,Road to Vintage - Music,These ads ran without a disclaimer,≤100,1
114053828319874,HL Connection #3,These ads ran without a disclaimer,≤100,1
101230864772144,Corporate Side Hustlers Club,These ads ran without a disclaimer,≤100,1
106843828862974,Worlds knoledge,These ads ran without a disclaimer,≤100,2
103940752286011,The Third Option.,These ads ran without a disclaimer,≤100,1
604598226218072,CNH Industrial,These ads ran without a disclaimer,≤100,1
1554140798243593,Goldsmiths Short Courses,These ads ran without a disclaimer,≤100,1
100525605800075,Meet and Greet,These ads ran without a disclaimer,≤100,3
105826097732259,Friends & Co PR and Communications,These ads ran without a disclaimer,≤100,1
105607552434777,Instalador Solar,These ads ran without a disclaimer,≤100,1
476179919621255,Misbar - مسبار,These ads ran without a disclaimer,≤100,1
100112796084881,Futbolete - Page 4,These ads ran without a disclaimer,≤100,1
1954799894783761,Moratory,These ads ran without a disclaimer,≤100,1
1390745591150821,NRC - Norwegian Refugee Council,These ads ran without a disclaimer,≤100,1
131189377574,MDPI,These ads ran without a disclaimer,≤100,1
344322995756307,Planet Smart City,These ads ran without a disclaimer,≤100,1
312898778847834,TERRAM PACIS,These ads ran without a disclaimer,≤100,1
149935233872959,up.clothingofficial,These ads ran without a disclaimer,≤100,1
8539814909,International Animal Rescue,These ads ran without a disclaimer,≤100,6
103750018399880,Hot Pop Today Community,These ads ran without a disclaimer,≤100,1
155174084508744,Banque mondiale,These ads ran without a disclaimer,≤100,2
110099331940978,More Hackz - MediaSmarter,These ads ran without a disclaimer,≤100,1
565225540184937,CGTN,These ads ran without a disclaimer,≤100,2
527351247377965,European Committee of the Regions,European Committee of the Regions,≤100,5
110980888642151,Twibbon April,These ads ran without a disclaimer,≤100,4
104444729065513,Victoria Segovia,These ads ran without a disclaimer,≤100,3
106170661628518,香港V,These ads ran without a disclaimer,≤100,1
104263339167912,Run It Twice Entertainment,These ads ran without a disclaimer,≤100,1
155438574470276,DW українською,These ads ran without a disclaimer,≤100,1
124275457632741,ElectronicSpecifier,These ads ran without a disclaimer,≤100,5
984203991753488,Research Outreach,These ads ran without a disclaimer,≤100,2
79511407410,Mercedes-AMG Petronas F1 Team,These ads ran without a disclaimer,≤100,1
111622410196045,State of Youth,These ads ran without a disclaimer,≤100,2
354397697217,IEEE Xplore,These ads ran without a disclaimer,≤100,1
1452734928361216,Matt Johnson,These ads ran without a disclaimer,≤100,1
630809920303095,Erasmus+,These ads ran without a disclaimer,≤100,1
462122137178614,Munduk Moding Plantation,These ads ran without a disclaimer,≤100,1
367649046908008,Growatt New Energy,These ads ran without a disclaimer,≤100,1
131664893560695,Origins OSU,These ads ran without a disclaimer,≤100,1
183125116821,EURES,These ads ran without a disclaimer,≤100,1
106933965668760,MoYah,These ads ran without a disclaimer,≤100,1
307682176615916,ACT2gether,These ads ran without a disclaimer,≤100,1