Page ID,Page name,Disclaimer,Amount spent (HUF),Number of ads in Library
120370174702378,Magyarország Kormánya,Magyarország Kormánya,7870270,4
102414628645144,Korondy Tamás,Megafon,4356089,6
543788999005363,ORIGO,Mediaworks Hungary Zrt.,4056981,181
191461774219575,hirado.hu,hirado.hu,3431442,259
224274995688487,Bohár Dániel - Riporter,Megafon,3241612,6
118152054556475,Deák Dániel,Megafon,3210849,4
248172631940,Mandiner,Mediaworks Hungary Zrt.,2983663,160
203389926415069,Magyar Honvédség,Magyar Honvédség,2616467,18
503614639975773,Trombitás Kristóf,Megafon,2418455,4
326635018181862,Magyar Nemzet,Mediaworks Hungary Zrt.,2389170,114
776079922494181,Apáti Bence hivatalos oldala,Megafon,2220134,4
594088897289853,Alapjogokért Központ,Alapjogokért Központ,2218135,196
109503892404998,Világgazdaság,Mediaworks Hungary Zrt.,2160678,110
331580946799,Borsonline - Bors Szórakoztató Napilap,Borsonline - Bors Szórakoztató Napilap,2133590,101
110149601578231,GeriJoca,Megafon,2000000,2
128596180810227,Stefi Déri,Megafon,2000000,2
1534911313439123,Ripost,Ripost,1955248,91
109637397268775,Nyugati Pályán,Splendidea Communications Kft,1759434,10
178362315106,European Parliament,European Parliament,1527554,58
118999471127652,Kammerer Zoltán,Kammerer Zoltán,1348828,729
153992771336740,Origo Sport,Mediaworks Hungary Zrt.,1142132,66
103294948505659,Szánthó Miklós,Szánthó Miklós – Alapjogokért Központ,1091245,114
592204747588011,Momentum Mozgalom,Momentum Mozgalom,891184,11
208358406567729,noÁr,A noÁr mi vagyunk! Közhasznú Nonprofit Kft.,882358,14
109414841321682,Magyar Falu Program,Magyar Falu Program,871527,22
451844608304228,Metropol,Metropol,800799,52
264517713636590,PestiSracok.hu,PestiSrácok.hu,752609,31
294815374340858,Donáth Anna,Momentum Mozgalom,687146,3
193944440638410,Karácsony Gergely,Budapest Főváros Önkormányzat,677138,27
1880809845328535,Dobrev Klára,Demokratikus Koalíció,622534,23
215138878595900,Európai Bizottság Magyarországi Képviselete,Európai Bizottság Magyarországi Képviselete,613296,31
150219742265121,Bedő Dávid,Bedő Dávid - Momentum,608921,19
131283758531,HVG,HVG Kiadó ZRt.,591265,84
108346693873484,Győrffy Balázs,Balazs Gyorffy,587211,27
76748198685,Budapest Pride,Budapest Pride,587058,43
1418381101823292,Szivárványcsaládokért Alapítvány,Szivárványcsaládokért Alapítvány,579534,25
191946490841225,Dúró Dóra,Mi Hazánk Mozgalom,571550,7
294815374340858,Donáth Anna,Donáth Anna - Momentum,529001,4
187301974635606,Gyurcsány Ferenc,Demokratikus Koalíció,518261,13
101281762616506,Magyar Katolikus Egyház,Magyar Katolikus Püspöki Konferencia Titkársága,500000,5
113684438795574,Párbeszéd - Zöldek,Párbeszéd Magyarországért,421311,45
303640261940,Nemzeti Sport Online,Mediaworks Hungary Zrt.,406109,56
107898832590939,European Commission,European Commission,404774,12
345496092135627,Hír TV,Mediaworks Hungary Zrt.,390848,31
405035972853835,OMV Filling Stations,OMV Hungária Kft.,376280,4
169599166463839,Demokratikus Koalíció,Demokratikus Koalíció,365536,21
100299381703981,Ps TV,PestiSrácok.hu,361275,15
44847086574,Amnesty International Magyarország,Amnesty International Magyarország,358528,14
92932085233,TASZ,TASZ,352596,7
116609705085092,BP18,BP18,351195,15
134324809941862,Szoljon.hu,Mediaworks Hungary Zrt.,350004,27
326763130286,Borsod Online,Mediaworks Hungary Zrt.,333455,26
147547541961576,Council of the European Union,Council of the European Union,315018,21
160935777365,bama.hu - a baranyai hírportál,bama.hu - a baranya megyei hírportál,312425,26
1624742971133297,Sanofi Magyarország,Sanofi-Aventis Magyarország Kereskedelmi és Szolgáltató Zrt.,301314,7
308871671705,BAON Bács-Kiskun vármegyei Online,Mediaworks Hungary Zrt.,300083,25
296310837699,vaol.hu,Mediaworks Hungary Zrt.,297350,24
520814838255629,Agapé Gyülekezetek Közössége,Agapé Gyülekezetek Közössége,293924,10
258636010813346,Delmagyar.hu,Mediaworks Hungary Zrt.,293591,25
122922027734811,feol.hu,Mediaworks Hungary Zrt.,293503,23
125953004085398,Kemma.hu,Kemma.hu,290750,23
276554411147,Szabolcs Online,Mediaworks Hungary Zrt.,289612,24
167604093409160,Promenad24,Dél-alföldi Média Centrum Kft.,288981,7
129255963785124,Heol.hu,Heol.hu,286521,22
147633001941737,kisalfold.hu,kisalfold.hu,286016,22
203158929827,Beol.hu Békés vármegyei online,Mediaworks Hungary Zrt.,285384,24
116905388345518,veol.hu,Mediaworks Hungary Zrt.,284086,24
108248022589754,Bosch Magyarország,Bosch Magyarország,282501,53
320986996098,zaol.hu,Mediaworks Hungary Zrt.,280069,22
289633770813,UNICEF Magyarország,UNICEF Magyar Bizottság Alapítvány,275809,168
105961119484376,Baptista Szeretetszolgálat,Baptista Szeretetszolgálat,273489,1
1627127484170228,NHC24,Mediaworks Hungary Zrt.,269856,22
506244332746545,TEOL.hu,TEOL.hu,269118,23
172936669443469,Dunaújvárosi Hírlap - duol.hu,Dunaújvárosi Hírlap - duol.hu,268040,22
107760432613264,Sonline.hu - Somogy közösségi és hírportálja,Sonline.hu - Somogy közösségi és hírportálja,266663,22
135049793193159,IH Rendezvényközpont,Green Team Event & Marketing Kft.,262282,32
221761091331222,Danube Institute,Danube Institute,261935,61
143151351544,Színházi Olimpia 2023 / Theatre Olympics 2023,Szinházi Olimpia Nonprofit Kft.,254466,35
193640214178356,Gyopáros Alpár,Gyopáros Alpár,254203,26
791195177725997,V-Akták,V-Akták,249937,42
211156277497,WWF Hungary,WWF Hungary,236534,34
102426795954406,Nobilis Márton,Nobilis Márton,232912,39
189020783523,Mathias Corvinus Collegium - MCC,Mathias Corvinus Collegium Alapítvány,230978,14
270300439972751,Szemlélek,Szemlélek Alapítvány,228683,5
1584646591763647,Kanász-Nagy Máté,LMP - Magyarország Zöld Pártja,226476,52
447204268797621,RTL.hu,RTL.HU,216885,37
47198507012,LMP - Magyarország Zöld Pártja,LMP - Magyarország Zöld Pártja,209983,20
103043695465750,Hogy mi a bajom?,Hogy mi a bajom?,209251,54
506348326210466,Ungár Péter,LMP - Magyarország Zöld Pártja,208203,31
109983377136210,Polgári Magyarországért Alapítvány,Polgári Magyarországért Alapítvány,204242,3
1237616006358749,Kékes Online,Kékes Online,204209,112
105666454157523,Szikra Mozgalom,Szikra Mozgalom,203960,5
851784814892644,Simicskó István,KDNP frakció,201846,4
136387873164491,Csárdi Antal,LMP - Magyarország Zöld Pártja,200999,21
734217673259088,Ujhelyi István dr.,Ujhelyi István EP-képviselő,196685,43
85568463466,Mérce,Mérce,196418,47
992066384198880,Tóth Edina,Tóth Edina,187850,1
348148758663062,Indahouse Hungary,InDaHouse Hungary Egyesület,185992,20
109734398272339,Dr. Mészáros Lajos,Dr. Mészáros Lajos,185607,29
103922897650335,Bakos Bernadett,LMP - Magyarország Zöld Pártja,184985,27
109444347287972,Cassandra Program,CASSEE Klímaadaptációs Zrt.,178781,32
115388925185513,Magyar Szocialista Párt,MSZP,175457,5
112694594992064,Mehr Licht,Mehr Licht,175265,66
142684465906231,Üdvhadsereg Salvation Army Hungary,Üdvhadsereg Szabadegyház Magyarország,171510,32
537817739693723,Brain Bar,Brain Bar,167146,21
100905288315705,Jelen hetilap,Liberty Press Kft.,166070,16
1215492498464496,Angyal Károly,Angyal Károly Tibor,162395,4
2552532618151148,Újpesti Hírek,Újpesti Hírek,159391,7
128573907819549,Fekete-Győr András,Momentum Mozgalom,158952,6
100401808007704,EzaLényeg.hu,EzaLényeg.hu,158451,68
408924035951553,Körforrás,Körforrás,154079,26
126893087354793,Európai Parlament,Európai Parlament,153513,11
132593883577930,Dr. Keresztes László Lóránt,LMP - Magyarország Zöld Pártja,147061,16
718997391564454,Énbudapestem,Budapest Főváros Önkormányzat,144172,9
1944720419101498,Dr. Lévai István Zoltán,Fidesz,139999,6
152408681635243,Hírklikk.hu,Hírklikk.hu,139827,4
451084968283411,Klímainnovációs Közösség,PANNON Pro Innovációs Kft.,136392,17
115295915203476,Európa Pont,Európai Bizottság Magyarországi Képviselete,135080,18
105967164071611,Nagy Balázs Szemere és Ganztelep,Nagy Balázs István,130633,15
142116653162328,Márki-Zay Péter,Márki-Zay Péter,130342,80
519279158277826,Szülői Hang,Szülői Hang,130157,25
200480966638039,Supremacy 1914,These ads ran without a disclaimer,129841,4
113375923695023,Fidesz Budapest,Fidesz Budapest,124347,11
105140281027554,Hírnyolc,Hírnyolc,123341,18
14792493292,Magyar Kétfarkú Kutya Párt,Magyar Kétfarkú Kutya Párt,120983,11
109400335280737,Dóka Milán,Milán Dóka,120667,4
106280224056208,Gelencsér Ferenc,Momentum Mozgalom,118432,7
170187966339475,Life.hu,Mediaworks Hungary Zrt.,116288,13
108321735570338,Védd A Tényeket,Zachor Alapítvány,115692,21
393679827916885,TV18,Városgazda18,115455,4
105774734948091,Hungarian Conservative,Hungarian Conservative,113062,61
694941900537141,Ágh Péter,Fidesz,111399,50
762305787130420,Józsefvárosi Fidesz,Józsefvárosi Fidesz,111371,6
108271407361251,Transzparens Újságírásért Alapítvány,Transzparens Újságírásért Alapítvány,110023,20
1926735160968885,Válasz Online,Válasz Online,109652,19
124991704202615,Magyar Természetvédők Szövetsége- Föld Barátai Magyarország,Magyar Természetvédők Szövetsége- Föld Barátai Magyarország,109257,8
1239893846155692,Tompos Márton,Momentum Mozgalom,108689,6
198950473551610,Mercedes-Benz Magyarország,These ads ran without a disclaimer,107735,4
1408906262689093,Nyitrai Zsolt,Fidesz,107313,23
1944720419101498,Dr. Lévai István Zoltán,Dr. Lévai István Zoltán,105968,2
390232091384,Habitat for Humanity Magyarország,Habitat for Humanity Magyarország,104501,3
112879632128020,Novák Előd,Mi Hazánk Mozgalom,103507,6
778538352344518,Hollik István,Fidesz,101985,7
1265353903615539,Oeconomus,Oeconomus,100000,18
108451703856510,Szabó Bence,Momentum Mozgalom,100000,2
108995848702971,Frankó,Mondjuk a frankót,100000,3
206829842043,Rétvári Bence,Rétvári Bence,99296,11
100452852734271,Startlap - Vásárlás tippek,Central Médiacsoport Zrt.,98146,61
102641477991941,bahir.hu - BAHÍR,Zöld Baranya Egyesület,96644,62
1381558792064873,Niedermüller Péter,Demokratikus Koalíció,96022,10
102186064905787,Zöld Követ Egyesület,Zöld Követ Egyesület,94705,18
1321667124617769,Dr. Kovács Zoltán,Dr. Kovács Zoltán,93320,5
184922004946258,Horváth Csaba,Budapest Főváros XIV. Kerület Zugló Önkormányzata,92454,10
161746613987047,Állampolgári Bizottság az Emberi Jogokért,Állampolgári Bizottság az Emberi Jogokért,91208,9
415653125518050,Hajnal Miklós,Momentum Mozgalom,90929,8
287770891404,Jobbik-Konzervatívok,Jobbik Magyarországért Mozgalom,90000,4
2169722316616799,Fidesz Hódmezővásárhely,Fidesz Hódmezővásárhely,89847,3
445067412712417,Dr. Molnár Krisztián,Molnár Krisztián,89724,11
100609808517630,Drogkutató Intézet,Drogkutató Intézet Nonprofit Korlátolt Felelősségű Társaság,86969,23
105097844200628,EzaLényeg.hu - Pestlőrinc,EzaLényeg.hu,85192,40
103478164920832,Rubicon Intézet,Rubicon Intézet,85165,15
100467642324899,Realista,Az Év Irodája,85000,16
100711304847811,A szomszédja már tudja - Ön is tudja meg,A szomszédja már tudja - Ön is tudja meg,83894,14
160599763996285,e.on,E.ON Hungária Zrt.,83313,5
875007489333250,Hollósy András,Hollósy Endre András,82615,2
179392595425293,LMP Budapest,LMP - Magyarország Zöld Pártja,78740,1
197203437879379,Szaniszló Sándor,Szaniszló Sándor,76646,8
107793155962688,Gyermekrák Alapítvány,Gyermekrák Alapítvány,76109,3
237088069704442,Kósa Ádám,"Adam Kosa, Member of the European Parliament",75322,1
293410494975,Republikon Intézet,Republikon Alapítvány,74432,8
733923476636885,Szatmáry Kristóf,Kristóf Szatmáry,74126,33
243470906428319,Juhász Hajnalka,Juhász Hajnalka,73085,3
1767688026844895,Zalaegerszeg Megyei Jogú Város,Zalaegerszegi Televízió és Rádió Kft,72393,14
128884360624104,Bóna Zoltán,Bóna Zoltán,70257,17
188002774639,Mesterházy Attila,Mesterházy Attila Csaba,69823,2
267882727864,Kubatov Gábor,Fidesz,68887,8
228731803847927,Semjén Zsolt,KDNP frakció,68768,2
156847374371871,Szabó Tímea,Párbeszéd Magyarországért,66799,8
386132578063762,Balaicz Zoltán,Balaicz Zoltán,66310,14
618962048554434,Havasi Gábor,Momentum Mozgalom,66017,8
360876591136521,Dr. Czeglédy Csaba,Dr. Czeglédy Csaba,65606,3
101382944578702,Szilágyi László,Szilágyi László,65502,8
101897961290159,Momentum XVIII. kerület,Momentum Mozgalom,65133,6
112677144392091,Dr. Pajtók Gábor,FIDESZ,64832,13
145368549429410,Földesi Gyula hivatalos oldala,Földesi Gyula,64670,18
162344823835042,atlatszo.hu,atlatszo.hu,63694,10
112615356818860,Vida Attila,Vida Attila,63191,14
114898003640430,Telex.hu,Telex.hu,62633,3
2309737912651039,Péterffy Attila,Péterffy Attila,60615,5
102528011823081,Száraz Zoltán • Momentum,Momentum Mozgalom,60361,3
1461534750733248,Schmuck Erzsébet,LMP - Lehet Más a Politika,60157,6
887921287887805,Király Nóra,Király Nóra,60039,20
473556426002468,Fogászat Relaxációban,Relax dental center,60009,1
215365671881695,Lounge Group,Lounge Group,59998,4
205547789523736,Dr. Nemény András,Éljen Szombathely Egyesület,59998,2
320701218553533,Alternatíva Párt,Alternatíva párt,59287,36
221754767906167,Bencsik János - A Tatai medencéért,Bencsik János,58913,27
106745191902831,Bács-Kiskun 5 - DK,Bács-Kiskun 5 - DK,58564,10
101508528866981,Fehérvár a Miénk,Fehérvár a Miénk,58521,5
244669668913278,Ökopolisz Alapítvány,Ökopolisz Alapítvány,58205,6
365977046868250,Nemzeti Agrárgazdasági Kamara - NAK,Nemzeti Agrárgazdasági Kamara,57975,2
683873478294797,Kunhalmi Ágnes,MSZP,56462,4
268042136672212,Századvég,Századvég Közéleti Tudásközpont Alapítvány,55000,6
106419404092005,HEGY,Hajnal egyesület Gyömrőért - HEGY,54998,7
161957537171267,Schmidt Mária,Schmidt Mária,54000,3
261746367828,Budapest Airport,Budapest Airport,51668,6
2108607469235146,Momentum Hegyvidék,Momentum Mozgalom,50000,2
781030738624077,Gyöngyösi Márton,Jobbik Magyarországért Mozgalom,50000,1
144489882249194,MSZP Bp18,Tóth Antal József,50000,2
265672590604606,Makronóm.Mandiner,These ads ran without a disclaimer,50000,1
392016870930528,M4 Sport,These ads ran without a disclaimer,50000,1
108087758588692,Talabér Krisztián Nézőpontja,Nézőpont,50000,1
104286485930960,Kaszab Noémi - Megoldás Mozgalom,Kaszab Noémi,49700,18
111861546845910,Fidesz I. kerület,Fidesz,47210,14
105086025574808,ThinkSurvey,ThinkSurvey,46864,6
102877499117068,Pálfalvi Milán Nézőpontja,Nézőpont,46744,5
102474542009609,Megafilm,MEGA FILM Kft.,46612,12
162344823835042,atlatszo.hu,Átlátszónet Alapítvány,46047,1
191463110979902,Crane,These ads ran without a disclaimer,45716,1
344967909393503,Nagy Bálint,Fidesz,45365,14
788960034452071,Potápi Árpád János,Potápi Árpád János,45004,3
103911652142849,Lados Tamás,Momentum Mozgalom,45000,4
127355373967413,Pécsi STOP.hu,Pécsi STOP.hu,45000,3
149061108240,Kocsis Máté,Fidesz frakció,44849,3
103141961544400,Future of Debrecen,Future of Debrecen Egyesület,44284,21
1561907127235939,Gréczy Zsolt oldal,Demokratikus Koalíció,43473,1
111508638402714,Egripost,Balogh Gábor,43276,10
144284472334021,Cseresnyés Péter,Cseresnyés Péter,42608,13
192025470988558,Mizsei László - LMP,LMP - Magyarország Zöld Pártja,42453,2
197203437879379,Szaniszló Sándor,Pestszentlőrinc-Pestszentimre polgármestere,42400,18
111262961006,Mindmegette.hu,Mediaworks Hungary Zrt,41850,5
176736266308423,Kiss László,Kiss László,41237,6
106236922109249,Hajnal-2026,Radics Gábor Zoltán,41010,10
1405665623004645,"Földi László, országgyűlési képviselő","Földi László, országgyűlési képviselő",40564,16
1869511526651884,Zsigmond Barna Pál,Fidesz,40518,46
581800425838191,Scruton,Scruton,40320,6
2221255224761829,Együtt Újpestért Összefogás,Polgári Újpestért Alapítvány,40145,2
282290595766672,Hidegkuti Szabolcs,Momentum Mozgalom,40000,2
471093016323310,Kovács Ferenc,Dr. Kovács Ferenc,40000,2
461099763986577,Szabó Szabolcs,Szabó Szabolcs,40000,1
101743755608675,Batthyány Lajos Alapítvány,Batthyány Lajos Alapítvány,39991,2
781030738624077,Gyöngyösi Márton,Gyöngyösi Márton,39985,5
100241004684178,Balázs Endre - Momentum,Momentum Mozgalom,39830,2
265118580722429,Momentum Józsefváros,Momentum Mozgalom,39728,4
107123677458699,Külpologika,Tamás Novák,39659,5
107885967229027,Momentum Miskolc,Momentum Mozgalom,38841,1
1377431695828132,Nagy István,Dr. Nagy István,37901,5
104585898943925,Crystelle,These ads ran without a disclaimer,37707,2
228208347319442,Pécs Jövője,Pécs Jövője,37540,3
107714692006327,Szájensz Szeánsz,Tóth Amina,37481,7
670269189782610,Ficsak - Fiatal Családosok Klubja,Fiatal Családosok Klubja,37478,8
105426960813144,Gergely Bálint,Momentum Mozgalom,37135,3
1953380668110489,Paróczai Anikó,Momentum Mozgalom,36960,5
110069120361485,Dr.Dézsi Csaba András,Dr. Dézsi Csaba András,36781,3
158618604765401,Varga Gábor,Varga Gábor,36589,15
112694594992064,Mehr Licht,These ads ran without a disclaimer,35331,22
735877726607185,Momentum Zugló,Momentum Mozgalom,35135,2
113183730045421,Momentum Klímakörök,Momentum Mozgalom,35011,4
196523737056247,NESCAFÉ,Nestlé Hungária Kft.,34999,1
104352305708088,Elemi.hu,Elemi.hu,34997,7
102165631139761,Könczöl Dávid,Momentum Mozgalom,34820,5
102641477991941,bahir.hu - BAHÍR,ZÖLD BARANYA KFT.,34815,2
13204463437,"UNHCR, the UN Refugee Agency",These ads ran without a disclaimer,34770,5
106920862700810,JCC Budapest - Bálint Ház,Bálint Zsidó Közösségi Ház Alapítvány,34630,7
104120465115094,Schaller-Baross Ernő,Schaller-Baross Ernő,33977,2
320645820787,Haszon magazin,Haszon magazin,33733,19
1059773170712510,Őri László,Dr. Őri László Szabolcs,33593,9
353820462820,Napi.hu,Napi.hu,33561,7
106398255118247,Fonti Krisztina,Krisztina Fonti,33399,4
190624800967882,NANE Egyesület,NANE Egyesület,33166,2
103591687668484,Zag Gábor,Demokratikus Koalíció,32887,6
1947426878644256,Momentum Újbuda,Momentum Mozgalom,32652,2
215551471947529,Sajómente,Sajómente,32537,9
363496947104219,Párbeszéd - Zöldek / Debrecen,Párbeszéd Magyarországért,32490,4
509418276084719,Dömötör Csaba,Fidesz,32431,3
307618232709851,Hidvéghi Balázs,Fidesz - Magyar Polgári Szövetség,32187,1
1788976674749685,Törő Gábor,Törő Gábor,31978,16
115677839807666,Horváth Tibor,Horváth Tibor,31708,5
545872002109034,Matkovich Ilona,Matkovich Ilona Zsuzsanna,31665,8
222720184518334,Font Sándor,Font Sándor,31430,9
106980257578125,Velencei-tavi Sportért és Kultúráért Egyesület,Velencei-tavi Sportért és Kultúráért Egyesület,31221,3
713504822019923,Fidesz Székesfehérvár,Fidesz,31138,7
1848441158737473,Szegeder.hu,Szegeder.hu Alapítvány,30942,12
103520614495214,Ollero Marco képviselő,Momentum Mozgalom,30754,5
322445454936980,Nagy Károly,Károly Nagy,30645,5
111571011862964,Bajusz Gábor - Miskolc,Bajusz Gábor,30525,7
110519871432528,Erzsébeti Napló,Erzsébeti Napló,30131,8
202099276507678,24.hu,24.hu,30002,6
149302881895521,Pócs János,Fidesz,30000,1
803718556320915,Csöbör Katalin,Fidesz,30000,7
304163456311267,Oktatói Hálózat - OHA,Humán Platform,30000,1
100541785502566,Kovács Janka - Momentum,Momentum Mozgalom,29999,2
134352786582079,LMP Dél-Buda,Lehet Más a Politika,29680,3
421262681731198,Vasarnap.hu,Kovács K. Zoltán Alapítvány,29537,17
704631519609996,Hegedűs Barbara,Hegedűs Barbara Szilvia,29342,5
150836998898897,aHang,aHang,29114,14
108854513993720,Derda Ádám,Ádám Derda,29071,2
110292211697859,Erdélyi Rezső Krisztián Nézőpontja,Nézőpont,28350,11
100221074822970,Csizmadia Péter,Dr. Csizmadia Péter,28124,2
440197766088272,Jeszenszki András,MSZP,28023,5
1136434693220861,Banga Zoltán,LMP - Magyarország Zöld Pártja,27560,2
127539005484626,Very Important Planet,thevip.hu,27460,3
101383114803675,Szabó Csaba,Szabó Csaba,27169,3
177477379482620,MKKP BP XII. kerület,Magyar Kétfarkú Kutya Párt,27122,10
105857420778395,Együtt Veszprémért - Adamecz Zoltán,Adamecz Zoltán,26892,4
286146221590937,Direkt36,Direkt36,26814,5
1652741928333536,KPSVR,KPSVR Media,26230,2
438674070213065,Magyar Állampapír,Magyar Állampapír,25981,16
1215492498464496,Angyal Károly,LMP - Magyarország Zöld Pártja,25613,4
101715417969719,Erzsébetváros Hírei,Erzsébetváros Hírei,25448,3
876772425797119,Hölvényi György,Hölvényi György,25410,3
102980451300295,Párbeszéd - Zöldek / Győr és környéke,Párbeszéd Magyarországért,25381,6
2341539762837341,Vác Város Önkormányzata,Vác Város Önkormányzata,25283,9
614294538753164,Dunántúli Regionális Vízmű Zrt. hivatalos oldala,Dunántúli Regionális Vízmű Zrt.,24531,1
114459958225789,Újpesti Megmondó,Újpesti Megmondó,24207,3
113037915100577,Fidesz Fejér I.,Fidesz,24144,4
908539862613669,OTP Agrár,These ads ran without a disclaimer,24018,1
520804294719829,Trippon Norbert,Dr. Trippon Norbert,24000,5
166359293376130,Hévíz Város Önkormányzata,Papp Gábor,23713,11
247563431962015,tiszatajonline.hu,Tiszatájonline.hu szerkesztősége,23712,3
140360522682932,LMP Belváros,LMP - Magyarország Zöld Pártja,23622,2
110328363663045,Körmendi Zoltán,Momentum Mozgalom,23537,1
378262582292757,Vécsey László,FIDESZ Magyar Polgári Szövetség,23515,2
100932362790959,Juhász Veronika - képviselő,Magyar Kétfarkú Kutya Párt,23505,3
101836344507475,Sátly Balázs,Momentum Mozgalom,23228,1
1443354815880657,Salacz László,Dr. Salacz László,23166,4
454741134617936,MKKP - Fejér megye,Magyar Kétfarkú Kutya Párt,22935,7
108146403966754,Dr. Bagó Zoltán,Dr. Bagó Zoltán,22200,3
111696017972206,Bolygó,Greenpeace Magyarország,22162,3
108172140579789,Arzenál,These ads ran without a disclaimer,22097,1
200602616651296,Nézőpont,Nézőpont,22000,2
101866761388852,Szalay Kornél Géza,Szalay Kornél Géza,22000,3
233529653487142,Karsay Ferenc,Karsay Ferenc,21688,12
242038689992675,Somody László,Somody László Zoltán,21481,5
855293038157741,Momentum Kőbánya,Momentum Mozgalom,21114,3
122877491690853,MKKP Ajka,Magyar Kétfarkú Kutya Párt,21000,11
115562461467601,Ferenczi Norbert,Ferenczi Norbert,20990,6
109978090360353,Horváth Tamás - Rákosmente polgármestere,Horváth Tamás,20958,1
350338649023047,Kecsup hírek,KecsUP,20800,5
108429354944888,Mi Hazánk Edelény,Mi Hazánk Edelény,20732,2
130725390334944,Morton's Travel,These ads ran without a disclaimer,20630,2
585095911522471,"MKKP - Baranya megye, bevéve Komló",Magyar Kétfarkú Kutya Párt,20560,6
777343075710072,Migrációkutató Intézet,Migrációkutató Intézet,20524,17
113043410066839,Momentum Zala,Momentum Mozgalom,20500,6
204564332928305,National Geographic Magazin Magyarország,These ads ran without a disclaimer,20160,24
1867333200197695,Messer Hungarogáz,Messer Hungarogáz,20000,2
114266331595873,Rodrigo Ballester,Mathias Corvinus Collegium,20000,1
103936480985864,Győri Enikő,Győri Enikő,20000,1
2322801981324266,Óbudai hírek,Óbudai Hírek,20000,1
107446035589400,Demko Attila,Mathias Corvinus Collegium,20000,1
119531247751431,Dr. Somkuti Bálint,Mathias Corvinus Collegium,20000,1
18562323874,Élet és Irodalom,Székely János,20000,8
109161280439972,Momentum IV. kerület,Momentum Mozgalom,20000,1
292606340886422,MSZP Újpest - Káposztásmegyeri Szervezete,Magyar Szocialista Oárt,20000,1
109859190872124,Császár Roland polgármester,Császár Roland polgármester,20000,1
134984140045777,Stummer János - Momentum,Momentum Mozgalom,19998,5
835177903521081,Momentum Göd,Momentum Mozgalom,19988,1
109858948720498,Boris Kálnoky,Mathias Corvinus Collegium,19783,1
117169985595161,Álomgyár Könyvesboltok,These ads ran without a disclaimer,19732,2
1157237054451999,SolarKit Magyarország,These ads ran without a disclaimer,19559,1
110492499001,Labrisz Leszbikus Egyesület,Labrisz Leszbikus Egyesület,19451,1
115531503617703,MKKP Miskolc,Magyar Kétfarkú Kutya Párt,19443,7
144606418883602,MAGOSZ,Magyar Gazdakörök és Gazdaszövetkezetek Szövetsége,19438,4
104382402566795,Sebestyén Géza,Mathias Corvinus Collegium,19267,1
400229417263044,Hartaházi Miklós Pestszentimre,Jobbik,18931,6
264949437776073,BTM Vármúzeum,BTM Vármúzeum,18609,7
299150860442289,Bereczki Miklós,Bereczki Miklós,18568,3
102203505677256,Fenntartható Városok,Fenntartható Közösségek Központja,18056,1
183723231644096,Szita Károly,Szita Károly,17545,1
102200394473807,Hermann György,Momentum Mozgalom,17507,4
102251318064432,Organon,These ads ran without a disclaimer,17504,1
180498125324273,Gazdagréti Összefogás Egyesület,Gazdagréti Összefogás Egyesület,17495,2
126136750786218,Szabó Zsolt,Szabo Zsolt,17331,10
1722969024662464,Civil Összefogás Fórum,Civil Összefogás Fórum,17125,8
101234361488097,Gór Csaba,Dr. Gór Csaba,17032,4
108711752088072,Interurbán 2023,These ads ran without a disclaimer,17006,6
311949973069503,Rajta Újváros,Rajta Újváros! Egyesület,17000,3
292787761246129,Herczeg Tamás,Fidesz,16586,5
103581448930725,Szeretlek Csongrád-Csanád,Genesis Médiacsoport Kft.,16580,4
287842647957979,EU International Partnerships,These ads ran without a disclaimer,16442,4
109112647624577,Open Books,Open Books,16251,1
361192207285290,Friedrich-Ebert-Stiftung Budapest,Friedrich-Ebert-Stiftung Budapest,16127,1
565021993527726,Magyar Agrár- és Élettudományi Egyetem,These ads ran without a disclaimer,16100,3
111032325184666,Beautycle,Beautycle,16057,14
186937904681332,Szabó Rebeka,Párbeszéd Magyarországért Párt,16000,2
322607837760241,Álomgyár,These ads ran without a disclaimer,15933,1
192197134141523,LMP Miskolc - BAZ megye,LMP - Magyarország Zöld Pártja,15748,3
157678061062231,LMP Pestszentlőrinc - Pestszentimre,LMP - Magyarország Zöld Pártja,15748,1
130456876990360,European Youth,These ads ran without a disclaimer,15663,1
103670522489720,A baloldal valódi arca,A baloldal valódi arca,15588,5
728260423984010,Böröcz László,Böröcz László,15570,5
571986950139979,Koi Norbert,Koi Norbert István,15469,3
102983854874761,Dr. Balogh Róbert ügyvéd,Balogh Róbert,15278,3
105216764203897,Bakai-Nagy Zita Újbuda,Bakai-Nagy Zita,15208,6
804685603241491,Czuczor Gergely,Fidesz - Magyar Polgári Szövetség,15154,2
329444931109132,Őrsi Gergely,Őrsi Gergely Ferenc,15100,3
422134944867351,Borsod24,Esélyegyenlőség és Fenntarthatóság Egyesület,15000,2
916536061799484,Ovádi Péter,Ovádi Péter,15000,2
180924612473518,Dr. Brenner Koloman,Jobbik Magyarországért Mozgalom,15000,1
471957966936762,Aranyos Gábor,Aranyos Gábor,15000,2
1671533653104519,Kele János,Kele János,15000,1
543340359536832,We Have a Dream,We Have a Dream,15000,1
1992543104404776,Momentum TizenX,Momentum Mozgalom,15000,1
2138587956418777,Ultra-info,Elemi,15000,3
503752419992103,Sebők Éva,Momentum Mozgalom,15000,1
127701053984874,Flesch Központ,Flesch Központ,14987,1
128449957180084,T. Mészáros András,Összefogás Egyesület,14951,1
256032748317057,Színes Erzsébetváros,Színes Erzsébetváros,14929,2
103607814480517,Kovács Alex Gábor,Kovács Alex Gábor,14733,20
108480805551474,,Rataj András,14533,2
219432394845493,MFB - Magyar Fejlesztési Bank,These ads ran without a disclaimer,14522,1
409185932794784,MKKP Csepel,Magyar Kétfarkú Kutya Párt,14513,5
101040961353702,Temesvári Szilvia,Temesvári Szilvia Benedetta,14500,3
1830291453887315,Szeberényi Gyula Tamás,Szeberényi Gyula Tamás,14463,3
519279158277826,Szülői Hang,These ads ran without a disclaimer,14459,8
116925790432558,Lehoczki Ádám,Lehoczki Ádám,14434,5
164288663615695,ingatlan.com,These ads ran without a disclaimer,14267,1
143382602349078,Kiss László,Kiss László,14216,1
106745191902831,Bács-Kiskun 5 - DK,Nagy Szabolcs,14178,5
1028583800572687,Telekom Electronic Beats,These ads ran without a disclaimer,14171,2
342785876208317,Mellár Tamás,Párbeszéd Magyarországért,14143,3
1578544965522747,Dr. Györei Péter ügyvéd,Dr. Györei Péter,14000,2
1493071807593698,Papp László,Papp László,13998,6
230314307098155,Patent Egyesület,PATENT Egyesület,13969,3
229919737190021,Horváth István,Horváth István,13865,1
104289962125266,Sümegi Szó,Sümegi Szó,13489,3
101438362813848,Mindenki Erzsébetvárosa,Mindenki Erzsébetvárosa,13253,5
1065713933504228,Új Egyenlőség,Új Egyenlőség,12633,13
104713558981109,Elekes Tamás,Elekes Tamás,12567,5
476805099143848,"Nagykőrösi Arany János Kulturális Központ, Könyvtár és Muzeális Gyűjtemény","Nagykőrösi Arany János Kulturális Központ, Könyvtár és Muzeális Gyűjtemény",12483,1
101470803260089,HAB ad,HAB Advert Kommunikációs Ügynökség Kft.,12357,2
375322246241286,Orosz Anna,Momentum Mozgalom,12351,1
124351424727220,MKKP Vas megye,Magyar Kétfarkú Kutya Párt,12299,5
115050303274279,Horváth Soma,Horváth Soma Àdám,12273,4
106317037417774,Burján Ferenc,Burján Ferenc,12134,6
333136826797847,Zsigó Róbert,Zsigó Róbert,12123,9
721803117895154,Megújuló Magyarországért Alapítvány - Progressive Hungary Foundation,Megújuló Magyarországért Alapítvány,12084,3
110044873939739,Rehó János,Rehó János,12076,16
106293784833018,MKKP - Dabas és Dunaharaszti és Ráckeve és környéke,Magyar Kétfarkú Kutya Párt,12000,2
104594918109266,Magyarország Ügyészsége,Magyarország Ügyészsége,12000,2
319854612033070,Sándor Balázs MKKP,Magyar Kétfarkú Kutya Párt,12000,7
342468139898550,MKKP Vác,Magyar Kétfarkú Kutya Párt,12000,2
110554660434098,Dunaújváros Önkormányzata,Dunaújváros Önkormányzata,11999,5
264210363649459,Élő Norbert,Élő Norbert,11993,1
109651004719614,Szol24,Esélyegyenlőség és Fenntarthatóság Egyesület,11958,2
1152868744771261,LMP XII. kerület,LMP - Magyarország Zöld Pártja,11811,1
103492610994760,Tetlák Örs,LMP - Magyarország Zöld Pártja,11811,2
630618270337003,Kis-Szeniczey Kálmán,LMP - Magyarország Zöld Pártja,11811,1
735736549957756,G7.hu,These ads ran without a disclaimer,11751,2
1105251919636752,Linde Anyagmozgatás,These ads ran without a disclaimer,11586,1
101833031899786,Sziklai Attila - Momentum Mozgalom,Attila Sziklai,11504,7
1425355697692924,Dr. Tóth Bertalan,Magyar Szocialista Párt,11489,1
480893725353353,Közélet Iskolája,Júlia Vujovits,11415,3
102252705384813,AlpinSun,These ads ran without a disclaimer,11345,3
353543569862,bien.hu,These ads ran without a disclaimer,11340,1
1499582216806964,Kreitler-Sas Máté,Kreitler-Sas Máté,11339,7
113211046794496,Jámbor András,Párbeszéd Magyarországért,11261,3
110159697991010,Paládi Máté,Máté Paládi,11208,7
154330598636060,MKKP Gödöllő,Magyar Kétfarkú Kutya Párt,11000,2
110328363663045,Körmendi Zoltán,Zoltan Kormendi,11000,2
132525756818504,Forpsi Magyarország,These ads ran without a disclaimer,10969,1
101011358622849,Vajda Krisztián Ferenc,Petrovszki Enikő,10883,3
131080114219844,MKKP Esztergom,Magyar Kétfarkú Kutya Párt,10858,4
333136826797847,Zsigó Róbert,Fidesz,10832,3
105967164071611,Nagy Balázs Szemere és Ganztelep,Nagy Balázs Szemere és Ganztelep,10717,5
222935035147780,moszkvater.com,moszkvater.com,10616,4
217792858393978,Politológus Műhely,Tóth Amina,10548,4
106274355482522,Nagy Barnabás alpolgármester,Nagy Barnabás Lajos,10500,3
147547541961576,Council of the European Union,These ads ran without a disclaimer,10442,1
462139203805958,Gelencsér Attila,Gelencsér Attila,10434,6
110599253866889,Millenna,Millenna Újság,10417,1
437674733429219,Unger Tamás,Unger Tamás,10064,2
1406386486355924,Partizán,These ads ran without a disclaimer,10049,1
607449159668998,61-es út,61-es út mentén egyesület,10018,2
113132560042939,Alakszai Zoltán,Alakszai Zoltán,10000,1
102989522035144,Szent István Intézet,Szent István Intézet,10000,2
118577762864784,Dr. Székely Károly,Momentum Mozgalom,10000,1
757956501234552,"Óbudai Fidesz - ""Nekünk Óbuda az első""",Fidesz,10000,1
423295557712135,Zsidó és Izraeli Filmfesztivál,Bálint Zsidó Közösségi Ház Alapítvány,10000,1
228919710581213,Kislábnyom - Small Footprint,GreenDependent Intézet Kft.,10000,1
1913881568627072,MKKP Zugló,Magyar Kétfarkú Kutya Párt,10000,3
334032427410820,Momentum Ferencváros,Momentum Mozgalom,10000,1
317028185838691,CEU Bibó István Szabadegyetem,Közép-Európai Egyetem Bibó István Szabadegyetem,10000,1
100505208108482,Budapest Városháza,Budapest Főváros Önkormányzat,10000,1
888602817819334,Apolló Mozi,Apolló Mozi,10000,1
111423440209675,Stemler Diána - Momentum,Momentum Mozgalom,10000,1
1604359922977040,MKKP Újpest BP IV. kerület,Magyar Kétfarkú Kutya Párt,10000,3
1357776460950406,Reaktor,Reaktor Alapítvány,10000,1
198358121245,Magyar Máltai Szeretetszolgálat,Magyar Máltai Szeretetszolgálat Egyesület,10000,1
325170648099825,Momentum 13. kerület,Momentum Mozgalom,10000,1
430246420380967,Mirkóczki Ádám,Mirkóczki Ádám,10000,1
273533866010019,MAZSIHISZ-Magyarországi Zsidó Hitközségek Szövetsége,MAZSIHISZ,10000,1
324029851594302,Pollreisz Balázs,Pollreisz Balázs,9999,1
1078158995561613,Jakál Adrienn,Párbeszéd Magyarországért,9995,3
225942864232901,0627.hu,0627.hu,9994,2
104416498264707,Jánosi Zoltán,Jánosi Zoltán,9936,1
108969903815752,Farkas Attila,Farkas Attila,9934,4
100263168540184,Momentum Szolnok,Momentum Mozgalom,9922,1
229065433808152,Hévíz Az Élet Forrása,These ads ran without a disclaimer,9907,1
105904698209747,Vedelek Norbert,Norbert Vedelek,9900,5
100437945297266,Momentum Törökbálint,Momentum Mozgalom,9750,1
2333785046715138,Szenti Tibor,Szenti Tibor,9743,3
110056758082933,Mihálffy Béla,Béla Mihálffy,9715,2
111444753554368,Ferjancsics László,Ferjancsics László,9593,5
141169136438903,Manninger Jenő,Manninger Jenő Keszthely Város Polgármestere,9583,2
457619051250778,Weco-Travel Magyarország,Weco-Travel Magyarország,9465,1
100597459002417,Király Róbert - Képviselő,Király Róbert,9111,2
408129496672210,Manubaba,These ads ran without a disclaimer,9023,1
881398955358662,Mándi László,Mándi László,9000,2
751133218288660,XXI. Század Intézet,Közép- és Kelet-európai Történelem és Társadalom Kutatásáért Közalapítvány,8856,5
210242349159177,EU-SOLAR,These ads ran without a disclaimer,8663,2
626532047411556,Bal lator a XVIII. kerületben,Ballator,8659,1
1425221564382928,Varga László,Varga László,8597,10
408457245956800,Ridikül,These ads ran without a disclaimer,8580,1
101645425881098,Sikota Krisztina XII. kerületi önkormányzati képviselő,Sikota Krisztina XII. kerületi önkormányzati képviselő,8580,2
112817828067098,Szilvási Roland - Fitness Agency,These ads ran without a disclaimer,8511,11
100854821274719,Sajgó György - Momentum,Momentum Mozgalom,8435,1
490177777659085,Vác és környéke,Vác és Környéke,8262,4
100688334643220,Tonzor Péter,Demokratikus Koalíció,8146,1
191815250903223,"Kondoros - Hírek, képek és videók a múltból és a jelenből",Oláh Péter Szabolcs,8024,15
321901088360077,Mi Hazánk Tatabánya,Mi Hazánk Mozgalom Tatabányai Szervezete,8000,1
116372863563267,"MKKP XI. kerület, Újbuda",Magyar Kétfarkú Kutya Párt,8000,3
106144105485262,MKKP Zalaegerszeg,MKKP,8000,3
100241004684178,Balázs Endre - Momentum,Balázs Endre,8000,1
241171959708487,KépviselőPunk,Képviselőpunk,8000,1
118108235026714,Gourmet Fesztivál,These ads ran without a disclaimer,7989,1
107796998410631,Ésik Árpád,Ésik Árpád,7946,2
110126124683519,Békéscsabai Irodalmi Estek,Gaál Kornél,7930,2
372381983128618,LMP Érd és környéke,LMP - Magyarország Zöld Pártja,7874,1
375972093010817,Turgonyi Dániel,Turgonyi Dániel,7861,3
102633439266662,Fressnapf International Business Services,These ads ran without a disclaimer,7825,2
206674032754117,"Karitáció Alapítvány, Gyógyító Bohócdoktorok",Karitáció Közhasznú Alapítvány,7500,1
237151847238460,Vidám Paradicsom,These ads ran without a disclaimer,7458,2
1214677998707531,VH Auctions,These ads ran without a disclaimer,7455,1
112041281374598,Volcano Group,These ads ran without a disclaimer,7453,1
335718666872457,Dankó Béla,Dankó Béla,7347,5
106692904896612,MKKP Kanizsa,Magyar Kétfarkú Kutya Párt,7300,3
301295993869613,Kiszelné Mohos Katalin polgármester,Kiszelné Mohos Katalin,7285,2
1502745060010732,The European Conservative,These ads ran without a disclaimer,7281,1
405035972853835,OMV Filling Stations,These ads ran without a disclaimer,7239,1
104330098359856,Pleva Dániel,Daniel Pleva,7202,3
134961546541026,Csepel Info,Ábel Attila,7059,3
102259404729098,Girls First Finance,These ads ran without a disclaimer,7004,2
553030891802953,Üzletem,These ads ran without a disclaimer,7003,1
591393431252637,Üveges Gábor,Üveges Gábor,6899,2
100521829183585,Erős Gábor,These ads ran without a disclaimer,6892,5
104114915940264,Fenntartható Városok Akadémia,Fenntartható Közösségek Központja Kft.,6847,2
109528965046103,MCC Feszt,Mathias Corvinus Collegium,6778,1
104895780854714,Kovács Dávid Attila,Kovács Dávid Attila,6767,5
107382588774459,Balatoni Esszencia,These ads ran without a disclaimer,6713,2
111423440209675,Stemler Diána - Momentum,Stemler Diána,6586,3
150709804999723,ELTE Illyés Sándor Szakkollégium,ELTE Illyés Sándor Szakkollégium,6538,2
1336586073071527,Életmódváltók,These ads ran without a disclaimer,6436,2
517376092087401,Ferencz István önkormányzati képviselő Pestszentimre-Pestszentlőrinc,Ferencz István,6405,2
144709575593854,EESC - European Economic and Social Committee,EESC - European Economic and Social Committee,6403,3
105129068891221,Frisshirek.hu,These ads ran without a disclaimer,6369,1
1953380668110489,Paróczai Anikó,Paróczai Anikó,6303,2
103949707619177,Opauszki Zoltán,Opauszki Zoltán,6269,5
108365251471465,Dócs Dávid,Dócs Dávid,6072,2
337741402998291,Budapesti Corvinus Egyetem,These ads ran without a disclaimer,6054,1
173688126557724,Soproni Tamás,Soproni Tamás,6016,2
503614639975773,Trombitás Kristóf,Trombitás Kristóf Keresztély,6000,1
920358707978994,Kosztin Mihály - Momentum,Kosztin Mihály,5993,1
1841762536142249,Fidesz Baja és térsége,Fidesz Baja,5936,3
583209922360227,Városmajori Szabadtéri Színpad,Városmajori Szabadtéri Színpad,5921,2
49700778153,GLAMOUR Hungary,These ads ran without a disclaimer,5779,3
2021019054887069,Szeretlek Zala,Genesis Médiacsoport Kft.,5768,1
101508528866981,Fehérvár a Miénk,Fehérvár a miénk,5718,1
100711304847811,A szomszédja már tudja - Ön is tudja meg,A szomszéd,5651,1
183133395137994,Lányok Napja,These ads ran without a disclaimer,5638,2
105482417889630,Hradeczky Viktor,Viktor Hradeczky,5599,3
100612864755657,Szeles Szabolcs,Szeles Szabolcs,5582,2
124442815810276,Modern Férfipolitikáért Mozgalom,Szujó Flórián Zoltán,5543,4
107453054183218,Berki Sándor,Párbeszéd Magyarországért,5461,1
1869511526651884,Zsigmond Barna Pál,Dr. Zsigmond Barna Pál,5457,3
102258971505967,Samsung SDI Hungary,These ads ran without a disclaimer,5429,2
103465727825414,OPUS TIGÁZ & OPUS TITÁSZ,These ads ran without a disclaimer,5421,3
644188765772236,Löfler Dávid,Löfler Dávid,5420,3
197850567575171,Mi Hazánk - Újbuda,Mi Hazánk Mozgalom,5385,2
104568618373270,Településfejlesztési Szövetség,Településfejlesztési Szövetség,5343,3
102384608623743,CreativeSolar,CreativeSolar,5329,6
111747156853164,Pintér Csaba Gábor,Pintér Csaba Gábor,5318,2
116925790432558,Lehoczki Ádám,Lehoczki Àdám János,5237,3
1715238588739060,Prista Oil - Texaco olajok,These ads ran without a disclaimer,5233,1
111675618488667,Mars Magyarország,These ads ran without a disclaimer,5221,1
105967164071611,Nagy Balázs Szemere és Ganztelep,These ads ran without a disclaimer,5186,2
130297234352698,Környei Balázs András,Momentum Mozgalom,5183,2
261746367828,Budapest Airport,These ads ran without a disclaimer,5100,6
110185098573425,refresherhu,These ads ran without a disclaimer,5037,2
119581504902020,Parázs Varázs,Parázs Varázs,5000,1
232885567053351,Schneider Electric,These ads ran without a disclaimer,5000,1
170989302924051,Vozár Péterné,Vozár Péterné Alpolgármester,5000,1
110820671948432,Athanor,These ads ran without a disclaimer,5000,1
100271707996221,Sáli Annamária - Momentum,Momentum Mozgalom,5000,1
541472019320427,Palánta Gyermek-és Ifjúsági Misszió,TEKK Egyesület,5000,1
299258847551832,Mi Hazánk Budapest XIII. kerület,Mi Hazánk Budapest XIII. kerület,5000,1
273500883385846,Mi Hazánk Ferencváros,Mi Hazánk Mozgalom,5000,1
342499719812299,Bárdi Zsuzsanna,Momentum Mozgalom,5000,1
115230488549915,Political Capital (HU),Political Capital (HU),5000,1
102034821807219,Borsik Viktor,Viktor Borsik,5000,1
104600127557684,Bónus Éva - Momentum,Momentum Mozgalom,5000,1
254370078847652,Hajrá Békéscsaba Egyesület,Hajrá Békéscsaba Egyesület,5000,1
786317668383805,FLOOR BY BLUE,These ads ran without a disclaimer,5000,1
761618630695671,Dr. Hargitai János,Dr. Hargitai János,4999,1
101836344507475,Sátly Balázs,Sátly Balázs,4998,1
107922594458325,Botlo Kornél Pest Megy 08 VK Elnöke,Kornél Botló,4985,1
1622332241319878,"Amve.hu -  A mi városunk, a mi Bajánk",A Mi Városunk Egyesület,4982,2
102272562081509,Mi Hazánk Szigethalom,Kornél Botló,4976,1
225738204106756,Nagy Imre Emlékház,These ads ran without a disclaimer,4841,2
1510943175801534,Stefánia Palota - Honvéd Kulturális Központ,These ads ran without a disclaimer,4708,2
669365789837517,Benedek Zsolt,Benedek Zsolt,4674,2
1006411482778121,FedEx,These ads ran without a disclaimer,4653,2
1376817859123334,Mindenki Sárvárért,Farkas János,4645,1
107237888124833,Vy Oanh Authentic - Túi xách cao cấp uy tín,These ads ran without a disclaimer,4608,5
107661928027512,Helpers Finance Hungary,Helpers Finance Kft.,4569,1
102595915247187,Tomos Endre,Endre Tomos,4542,4
102017314743875,Substral,These ads ran without a disclaimer,4526,1
559815760813435,Herczeg Zsolt,Fidesz,4510,4
28312410177,World Food Programme,These ads ran without a disclaimer,4490,6
102941768264905,Rózsa András - Momentum,András Rózsa,4460,2
457619051250778,Weco-Travel Magyarország,These ads ran without a disclaimer,4392,3
371225050791,Transparency International Magyarország,Transparency International Magyarország,4233,1
948663291926357,HVG BrandLab,HVG BrandLab,4132,2
170834092937469,K-Monitor,K-Monitor,4104,2
205231656342277,Csizmazia Ferenc,Csizmazia Ferenc István,4000,1
1164796266962987,Szabad Pécs,Szabad Pécs,4000,1
539482986085066,Mach Péter,Mach Péter,4000,1
100260816129854,Pécsi Diána e.k.,Pécsi Diána,4000,1
297694457107800,Disszidens,Horváth Martin,4000,1
1989901087899816,Magyar Vállalkozói Szalon egyesület,Magyar Vállalkozói Szalon,3999,1
100808557949454,Mucsi Tamás,Mucsi Tamás,3998,1
260927000625137,VARJU László Újpest-Angyalföld,VARJU László Újpest-Angyalföld,3980,1
847993235219023,Aegon Alapkezelő,These ads ran without a disclaimer,3960,1
228214933860343,LMP Csongrád megye,LMP - Magyarország Zöld Pártja,3937,2
112126508161382,Korsós Borbála Erzsébet - Momentum,Korsós Borbála Erzsébet,3758,3
560577550745295,ZV Zöld Völgy Nonprofit Kft.,These ads ran without a disclaimer,3732,1
105244582539250,Danielle Dobson,These ads ran without a disclaimer,3716,1
104103487822810,Sepsi Helga Pszichológus,These ads ran without a disclaimer,3580,1
106072821290123,"Rigó Balázs, alpolgármester - Tatáért",Rigó Balázs,3555,3
240147763965,Baráth András - Gerilla Önéletrajz,These ads ran without a disclaimer,3518,5
2257104034609538,Mirkóczki Zita,Mirkóczki Zita,3502,2
587510437948345,Szkeptikus Társaság,These ads ran without a disclaimer,3500,1
552161288129600,Rozgonyi Zoltán,Rozgonyi Zoltán Gábor,3500,1
186937904681332,Szabó Rebeka,Szabó Rebeka Katalin,3500,1
1107734912752090,Encs Város Önkormányzata,Encs Város Önkormányzata,3500,3
101642649001155,Új Szó Nálunk,Somodi Géza,3500,1
358867199892,"Farkas Sándor miniszterhelyettes, országgyűlési képviselő hivatalos oldala",Fidesz,3500,1
213582880468,Decathlon Magyarország,These ads ran without a disclaimer,3478,1
270252536876598,Tudományos Stand Up,TSU Rendezvényszervező kft,3470,1
106963942072063,Halász Noémi,Halász Noémi,3450,3
230982470584005,Elek Sándor polgármester,Elek Sándor polgármester,3437,1
316633651840129,Auth István önkormányzati képviselő,Auth István,3356,1
101646642494867,Kristály,Kristály,3340,1
304448239602944,Minden Doboz Visszajár,These ads ran without a disclaimer,3322,1
151469941664125,Glas-Shop.net,These ads ran without a disclaimer,3274,1
830428313641804,Szegedi Balázs,Szegedi Balázs,3273,3
111783731173476,Vasco Electronics Magyarország,These ads ran without a disclaimer,3172,1
142020589304689,Dr. Pósán László,Dr. Pósán László,3127,2
105845452399807,Momentum Kecskemét,Momentum Mozgalom,3087,1
55103804523,Ferencváros,These ads ran without a disclaimer,3049,2
215138878595900,Európai Bizottság Magyarországi Képviselete,These ads ran without a disclaimer,3017,2
153382908021118,CKA,These ads ran without a disclaimer,3010,1
326590464961598,Gyurkó Dániel - Momentum,Gyurkó Dániel,3000,1
111499348516449,Fülöp Zsolt polgármester,Szentendre Város Önkormányzat,3000,1
718237064915895,Szőke Péter Törökbálint Holnap,Szőke Péter,3000,1
304939117097798,Altfatter Adalbert,Altfatter Adalbert,3000,1
101353438098604,Majoros András,Majoros András,3000,1
109565208474856,Startlap - Utazás tippek,Central Médiacsoport Zrt.,3000,1
100924535415577,EgerInfo,EgerInfo,3000,2
605539649511179,Dr. Vinnai Győző,Dr. Vinnai Győző,2999,1
189020783523,Mathias Corvinus Collegium - MCC,These ads ran without a disclaimer,2962,1
206249029403122,Metazin,These ads ran without a disclaimer,2949,1
445067412712417,Dr. Molnár Krisztián,Dr. Molnár Krisztián,2920,1
103944495326167,Törőcsik Károly Konrád,Károly Konrád Törőcsik,2850,2
109444347287972,Cassandra Program,These ads ran without a disclaimer,2843,1
102224898933734,MindDig,These ads ran without a disclaimer,2836,2
440836175952803,Pölöskei Szörp,These ads ran without a disclaimer,2810,2
103058664760919,Dr. Kiss János,Kiss János,2797,1
699221593527778,Zugló,These ads ran without a disclaimer,2722,2
115932121390430,Adaptér,These ads ran without a disclaimer,2717,1
1164313913619174,Budapest Feszt,These ads ran without a disclaimer,2714,1
1867333200197695,Messer Hungarogáz,These ads ran without a disclaimer,2707,2
1602548323351974,Bosch Home Comfort,These ads ran without a disclaimer,2684,2
102727121816068,Святлана Ціханоўская,These ads ran without a disclaimer,2678,2
104958058734636,Bekezdések,Nagy Áron,2657,1
393705001216934,Dudás Róbert,Jobbik Magyarországért Mozgalom,2619,1
157460915140,Somfy Hungary,These ads ran without a disclaimer,2610,1
101378845277624,Németh Attila vagyok,Németh Attila,2608,3
110668651386148,Carbonline,These ads ran without a disclaimer,2607,1
718311241527566,Kassai Dániel,Kassai Dániel,2538,1
105024698765940,Rákosfalva Szomszédok,These ads ran without a disclaimer,2531,1
105556940798008,Kerekes Gábor,Kerekes Gábor,2500,1
105419658231134,Róth József,Róth József,2500,3
100636245536038,Societas Szolnok,These ads ran without a disclaimer,2500,1
370701180057647,Dr. Csuzda Gábor,Dr. Csuzda Gábor,2500,1
109539103711670,Molnárka Gábor - Momentum,Molnárka Gábor Zoltán,2500,1
309045236416058,KözTér - Tiszamenti Közösségfejlesztési Hálózat,KözTér - Tiszamenti Közösségfejlesztési Hálózat,2500,1
103496955051860,Miklós László,Miklós László Gábor,2499,1
1549776058664755,"Németh Zoltán, Győr-Moson-Sopron vármegye elnöke",Győr-Moson-Sopron Megyei Önkormányzat,2499,1
105684554303109,Bíró Barna,Bíró Barna,2499,1
455459157828706,DK II. kerület,Demokratikus Koalíció ll. Kerületi Szervezete,2485,1
581386805388705,Wavin Magyarország,These ads ran without a disclaimer,2450,3
544036838955328,Hamu és Gyémánt Magazin,These ads ran without a disclaimer,2439,2
119683287743358,Révész Beton Manufaktúra - Nagykanizsa,These ads ran without a disclaimer,2428,1
122285197506717,Ruck Márton igazi arca,These ads ran without a disclaimer,2399,1
287924088574465,Bunteto.com - Online Sportmagazin,These ads ran without a disclaimer,2376,1
760926210681362,Békés Vármegyei Kormányhivatal,Miniszterelnökség,2374,1
119405895873,Huawei,These ads ran without a disclaimer,2365,1
190351228197909,Supka-Kovácsné Holzhofer Tünde - Momentum,Supka-Kovácsné Holzhofer Tünde Gabriella,2357,1
852370551453606,GARP,These ads ran without a disclaimer,2345,1
341267722561592,Geers Halláscentrumok,These ads ran without a disclaimer,2295,1
895939143826754,Párbeszéd - Zöldek / Zugló,Szabó Rebeka Katalin,2283,1
110361961971071,Életviteli tanácsadás,These ads ran without a disclaimer,2274,1
104713545735871,Kamar,These ads ran without a disclaimer,2268,4
1058271587711326,Farkas Ciprián,Farkas Ciprián,2254,2
113028273433856,Budafok-Tétény / Közösségre kapcsolva,Közösségre kapcsolva 22,2248,2
123835140983412,MOL,These ads ran without a disclaimer,2238,4
331965446932156,HORIZON: the EU Research & Innovation magazine,These ads ran without a disclaimer,2238,2
101176682686881,Caldwell Hutchinson,These ads ran without a disclaimer,2208,3
177762839019525,Gamax Laboratory Solutions,These ads ran without a disclaimer,2188,6
107944593965967,Gulyás Róbert képviselő IX. számú választókerület,Gulyás Róbert,2165,1
108625789179165,Soi Dog Foundation,These ads ran without a disclaimer,2132,2
361192207285290,Friedrich-Ebert-Stiftung Budapest,These ads ran without a disclaimer,2122,1
175056289171363,Biatorbágyi Juhász Ferenc Művelődési Központ,These ads ran without a disclaimer,2105,1
258326701469262,Perfect European Tours -  Budapest - free walking tours in Budapest,These ads ran without a disclaimer,2104,1
578879042488646,Ercsi Falanszter,Fischer Ádám,2087,3
103758242266301,Boldizsár Tamás,Boldizsár Tamás,2072,1
118704478196095,PROGEN Kft.,These ads ran without a disclaimer,2052,1
376436808069,Eventim.hu,TEX Hungary Kft.,2024,1
10150143942470099,Privátbankár.hu,Privátbankár.hu,2000,1
940410222718096,Vácért Lokálpatrióta Egyesület,Vácért Lokálpatrióta Egyesület,2000,1
104295985072846,"Encsi Művelődési és Sportközpont, Könyvtár",Encs Város Önkormányzata,2000,2
1620606484919998,Alföldhír.hu,Alföldhír Kft.,2000,1
441703342896364,The Upright Project,These ads ran without a disclaimer,1980,2
108321735570338,Védd A Tényeket,These ads ran without a disclaimer,1979,2
106479952138178,Nuszbaum Attila,LMP - Magyarország Zöld Pártja,1970,1
110946760606748,Beszéljünk a Korányi-Kertvárosról - Halkóné dr. Rudolf Éva,Halkóné Dr. Rudolf Èva Gizella,1968,2
279189888849358,Nemzeti Közszolgálati Egyetem,These ads ran without a disclaimer,1965,1
1722969024662464,Civil Összefogás Fórum,CÖF-CÖKA,1964,1
100846736310943,Flying Data Kollektíva,These ads ran without a disclaimer,1959,1
107021478565752,Össze-Hordó,Fehérvár Hangja,1938,1
164185910307330,VGYKE,These ads ran without a disclaimer,1938,1
284539768641112,Eurofins- Független Laboratórium,These ads ran without a disclaimer,1909,1
1443354815880657,Salacz László,Salacz László,1899,1
342733409424428,MVM Edison,These ads ran without a disclaimer,1895,1
380821966631,Digital-Media Hungary,These ads ran without a disclaimer,1865,1
100973207964721,Schwarcz-Kiefer Patrik,Jobbik Magyarországért Mozgalom,1847,1
939259259440079,GARDENA,These ads ran without a disclaimer,1840,2
1942157692738493,Harrach Tamás,These ads ran without a disclaimer,1830,2
103991970991041,Sinum Theatre Laboratory Association,These ads ran without a disclaimer,1807,1
173856352639248,Jane Goodall Intézet,These ads ran without a disclaimer,1773,1
103681568941545,Mad Garden Buda,These ads ran without a disclaimer,1763,1
806011439524661,Zágráb Nándor,Zágráb Nándor,1758,1
102572325890233,Fazekas Csongor - Momentum,Csongor Fazekas,1756,4
1991020181109775,Choice,Choice,1751,1
102023519232063,eMobility Show Budapest,These ads ran without a disclaimer,1750,4
105129068891221,Frisshirek.hu,Genesis Médiacsoport Kft.,1743,1
202099276507678,24.hu,These ads ran without a disclaimer,1735,25
106455438982920,Back Legal,These ads ran without a disclaimer,1672,2
1555400357806549,Vegán Aktivisták Magyarország Egyesület,These ads ran without a disclaimer,1629,1
240685612683405,Molnár Péter,These ads ran without a disclaimer,1604,1
632165190315151,KDNP Budaörs,Kapitány Gábor,1600,1
670996560005963,Varga Dániel,Varga Dàniel,1600,2
1991020181109775,Choice,Diós Tamás,1596,1
1468667483182218,MKKP Zala,Magyar Kétfarkú Kutya Párt,1585,4
106348682400630,Nova - AI Chatbot,These ads ran without a disclaimer,1571,4
189897907725974,A Magyar Szív Dobbanása Berki Erika és Bóka Jenő Oldala,These ads ran without a disclaimer,1563,1
111014024919867,Varga Tamás alpolgármester,Varga Tamás György,1544,1
109808524681429,Polgári Válasz - Kecskemét,Polgári Válasz Mozgalom,1500,1
1493071807593698,Papp László,These ads ran without a disclaimer,1495,1
2177132825845883,Schoeller-Bleckmann Oilfield Technology,These ads ran without a disclaimer,1492,1
278117815576023,EU Justice and Consumers,These ads ran without a disclaimer,1492,1
233101666752758,Frisss.hu,Frisss.hu,1487,1
182412280120534,Stiebel Eltron Magyarország,These ads ran without a disclaimer,1449,1
104305169620404,Nicelife,Czékmán Attila,1398,2
1814208795472437,Művészeti ismeretterjesztő mozifilmek a Pannonia Entertainmenttől,These ads ran without a disclaimer,1384,2
107397687267788,Gyepes Ádám,Gyepes Ádám,1382,1
103451705887648,Rolls-Royce Magyarország,These ads ran without a disclaimer,1343,1
1398588077130777,Pénziránytű Alapítvány,These ads ran without a disclaimer,1327,1
102335977791251,József Dobos,Dobos József,1324,1
1449423641866973,Illés Boglárka,Illés Boglárka,1305,2
679644618829186,Pici Piac,These ads ran without a disclaimer,1291,2
109529265442823,Budapest Reform,These ads ran without a disclaimer,1261,1
361455191631,Fonyód,These ads ran without a disclaimer,1244,1
457609140942597,Baptista Tevékeny Szeretet Misszió - BTESZ,Baptista Tevékeny Szeretet Misszió,1239,1
703933919730152,Fogarasi Gábor,Jobbik Magyarországért Mozgalom,1208,1
140640289378483,Michl József,Michl József Imre,1199,1
100374392742057,Weregreenly- Magazine,These ads ran without a disclaimer,1152,32
191946490841225,Dúró Dóra,Dúró Dóra,1148,1
769026929862923,Suzuki Marine Magyarország,These ads ran without a disclaimer,1145,1
101834121646723,Kiss Balázs Imre,Kiss Balázs Imre,1127,1
142684465906231,Üdvhadsereg Salvation Army Hungary,These ads ran without a disclaimer,1120,1
104018092306802,Businpeop23,These ads ran without a disclaimer,1060,2
105962808801596,IZZY - Stream Israel,These ads ran without a disclaimer,1054,7
1654680771424972,XX. Század Intézet,XX. Század Intézet,1053,1
164978926850719,Kommentár folyóirat,Kommentár folyóirat,1049,1
355390281189763,BEDNAR FMT,These ads ran without a disclaimer,1025,1
103321546070767,Najpiękniejszych małych miasteczek,These ads ran without a disclaimer,1014,5
213256603849,Concorde Csoport,These ads ran without a disclaimer,1007,1
113420468313163,Szabó Ákos,Szabó Ákos,1000,1
104917560993342,Szebeni Dávid,Településfejlesztési Szövetség,1000,1
1249630708423717,MUNER Motorvehicle University of Emilia-Romagna,These ads ran without a disclaimer,999,1
1132749183572634,Népbíróság,Népbíróság,995,1
103500771245544,Evolut,Evolut Agency,992,1
103858172407697,Bordács József,Bordács József,991,1
2006850216218841,MKKP Ceglédi kistérség,Magyar Kétfarkú Kutya Párt,976,2
1786013318302076,robotika.info,These ads ran without a disclaimer,974,1
591653884209238,Stereo Akt,These ads ran without a disclaimer,954,1
103642866058013,InteraBro,These ads ran without a disclaimer,934,26
160798223972658,Kutyával az Emberért Alapítvány,Kutyával az Emberért Alapítvány,891,1
105556107485842,Dr. Csetneki Attila,Dr. Csetneki Attila,867,1
109286208414245,Urbaniqe Magyarország,These ads ran without a disclaimer,861,1
118983997763507,Ruzsa Roland,These ads ran without a disclaimer,825,1
146112932187268,Színház folyóirat,These ads ran without a disclaimer,821,1
1702117250020853,NeBazz,These ads ran without a disclaimer,808,1
103271497711392,Expertus Travel - Az egyedi élményutak szakértője,These ads ran without a disclaimer,788,1
217193301756752,SPORTJUS Magyar Sportjogász Társaság,These ads ran without a disclaimer,758,1
548577435509026,d&b audiotechnik,These ads ran without a disclaimer,746,1
1391216441106894,Wirtschaftsagentur Wien - Vienna Business Agency,These ads ran without a disclaimer,746,1
109639338471591,O.B. Magyarország,These ads ran without a disclaimer,735,1
304033086942177,Csonka László,Csonka László,735,1
1249167481761532,GreenGo Budapest,These ads ran without a disclaimer,732,1
559507144227727,Mindset Pszichológia,These ads ran without a disclaimer,732,1
382499997787,Artisjus,These ads ran without a disclaimer,727,3
101844651654556,Bízd Rá Magad,These ads ran without a disclaimer,719,1
169401183091011,InStyle Magyarország,These ads ran without a disclaimer,710,1
103549009327003,BudaPlants,These ads ran without a disclaimer,704,1
102427328220533,Fidesz II. kerület,Fidesz II. kerület,699,1
136281216884,KULT13.hu,These ads ran without a disclaimer,696,1
290651911285297,treaclemoon hungary,These ads ran without a disclaimer,690,1
104554088412737,Rubryka - Solutions from Ukraine,These ads ran without a disclaimer,676,1
249808255039196,IOM Ukraine,These ads ran without a disclaimer,676,1
108591315453184,Válaszúton Hagyományőrző és Környezetvédő Alapítvány,These ads ran without a disclaimer,666,1
104675785022927,Skrabski Fruzsina,These ads ran without a disclaimer,663,1
139595548253813,"Szeged365 - szegedi, független, igazi",These ads ran without a disclaimer,650,1
101315848087098,Releaf PAPER & BAGS,These ads ran without a disclaimer,649,4
106332960773994,Kék Bolygó Alapítvány,These ads ran without a disclaimer,646,1
118511491692955,UTA Edenred - Magyarország,These ads ran without a disclaimer,644,1
340178036722983,LVAX Kft,These ads ran without a disclaimer,641,1
107203964187938,BookStyle Magazin,These ads ran without a disclaimer,623,2
102252525898596,Lương Y Phạm Văn Thanh,These ads ran without a disclaimer,606,1
145988175441549,Osztrák Kulturális Fórum - Österreichisches Kulturforum Budapest,These ads ran without a disclaimer,593,1
210444355745982,J.S. Logistics Hungary,These ads ran without a disclaimer,590,1
105121734644144,"ESzínház - korlátlanul, online",These ads ran without a disclaimer,581,1
264949437776073,BTM Vármúzeum,These ads ran without a disclaimer,578,2
1613553698913190,Hajdú-Bihar Vármegye Önkormányzata,These ads ran without a disclaimer,569,1
103881951334195,Dr. Pergel Elza,These ads ran without a disclaimer,563,1
102034821807219,Borsik Viktor,These ads ran without a disclaimer,562,1
144606418883602,MAGOSZ,These ads ran without a disclaimer,562,1
2115601552064268,A Drop Coffee & Bar,These ads ran without a disclaimer,554,1
103478164920832,Rubicon Intézet,These ads ran without a disclaimer,554,2
107270984186183,Székely Nagy György-Írói Oldala,These ads ran without a disclaimer,544,1
104173410954523,Oroján Sándor,Oroján Sándor,514,1
414523471979063,MAN Magyarország,These ads ran without a disclaimer,508,2
868269066585411,Körös Hírcentrum,These ads ran without a disclaimer,493,1
100293946395534,Ragged Cumbersome,These ads ran without a disclaimer,486,10
771462172882741,OnePath Network,These ads ran without a disclaimer,485,2
132095976818873,EgészségKalauz,These ads ran without a disclaimer,462,2
35634348348,Greenpeace Magyarország,These ads ran without a disclaimer,461,2
100147108200007,A Lakótelep Szíve körzet Önkormányzati Képviselője,Seltenreich József,450,1
383944410129,Széchenyi István Szakkollégium,These ads ran without a disclaimer,447,1
527351247377965,European Committee of the Regions,European Committee of the Regions,429,5
110947301729456,Wen Creel,These ads ran without a disclaimer,428,2
107514105652766,META VOCUS,These ads ran without a disclaimer,425,2
278992483155,Tordai Bence,Párbeszéd Magyarországért,420,1
914500741902536,Remodel,These ads ran without a disclaimer,417,1
1689466544458783,Raben Group Hungary,These ads ran without a disclaimer,417,1
122387724456640,CivilZugló Egyesület,These ads ran without a disclaimer,411,1
1742343475991935,FeVita,These ads ran without a disclaimer,409,1
204152363065487,Isover Hungary,These ads ran without a disclaimer,409,2
128460617656602,eeDesignIt,These ads ran without a disclaimer,399,2
1455993417991883,Keresztes Csaba,Keresztes Csaba,399,1
110463704610731,Cute Kiwi,These ads ran without a disclaimer,399,4
146822255731958,Fast Travel Games,These ads ran without a disclaimer,387,1
630809920303095,Erasmus+,These ads ran without a disclaimer,384,1
132867803542760,Sunset Lux Zenekar,These ads ran without a disclaimer,383,1
112177161792635,annaatownes,These ads ran without a disclaimer,373,3
109142852088689,Telekom Spots,These ads ran without a disclaimer,373,1
130783226958458,Blogger42,These ads ran without a disclaimer,373,1
358670536193,Szeretlek Magyarország,These ads ran without a disclaimer,373,6
270976566338400,MITU,These ads ran without a disclaimer,362,1
190625288083385,Kolbászkerítésország,These ads ran without a disclaimer,345,1
1285651611515844,STEP - Szegedi Tanárok Együttműködési Platformja,These ads ran without a disclaimer,342,1
101421609364851,Ty Ibarra,These ads ran without a disclaimer,338,2
105647545202833,The Schuman Show,These ads ran without a disclaimer,338,1
102072599470181,Advanced Trading,These ads ran without a disclaimer,338,1
2171458723164294,Art is Business,These ads ran without a disclaimer,338,1
102980832777264,vugarboniak,These ads ran without a disclaimer,328,1
114655564943356,Hospitable Quixotic,These ads ran without a disclaimer,324,9
102304352536605,begreen.hu,These ads ran without a disclaimer,301,1
109295275795031,Rolling Tons,These ads ran without a disclaimer,296,1
111499667649998,Dr. Somogyi Bálint Márton,These ads ran without a disclaimer,296,1
142695722442067,Napvilág Kiadó,Napvilág Kiadó,293,1
714490858604228,GymBeam,These ads ran without a disclaimer,287,1
630480707048095,YouliaYoga,These ads ran without a disclaimer,283,1
103815141247114,OE BGK Munkavédelmi szakember/szakmérnök képzés,These ads ran without a disclaimer,280,1
1802723739964861,Merkwart Krisztián,These ads ran without a disclaimer,278,1
1547462945567725,Vasi Alfa Bau Kft.,These ads ran without a disclaimer,266,1
100196691614851,Mindszentyneum - Mindszenty József Látogatóközpont,These ads ran without a disclaimer,265,3
105556940798008,Kerekes Gábor,These ads ran without a disclaimer,253,1
120612164630163,HelloBaby magazin,These ads ran without a disclaimer,244,1
287695384646700,Örkény István Színház,These ads ran without a disclaimer,242,1
556266534498748,DS Smith,These ads ran without a disclaimer,241,1
101289218907718,Web News,These ads ran without a disclaimer,239,2
105070948037662,Magyar Bor,These ads ran without a disclaimer,235,1
183125116821,EURES,These ads ran without a disclaimer,235,1
387570631376123,Szentendrei Kulturális Központ,These ads ran without a disclaimer,234,1
1541838982729128,Anna Lindh Foundation Network in Sweden - Anna Lindh Stiftelsen i Sverige,These ads ran without a disclaimer,231,2
116444671424666,Doting Turbulent,These ads ran without a disclaimer,220,3
116533924706114,Bozóki Imre,Imre Janos Bozóki,213,1
105135775906675,Marvelous Dim,These ads ran without a disclaimer,212,1
110407025373596,Impassioned Dear,These ads ran without a disclaimer,202,2
796988537015550,Happyfamily.hu,These ads ran without a disclaimer,199,1
105596127545903,MotorHang,These ads ran without a disclaimer,197,1
101882889975936,Szaktudás Kiadó Ház,These ads ran without a disclaimer,196,1
246118245550928,Kopping Rita,These ads ran without a disclaimer,190,1
109459427989169,Béres Attila hivatalos,Béres Attila,189,1
173047979500077,Anya kedvéért - Juhász Vikivel,These ads ran without a disclaimer,189,1
100290458877103,Audax Renewables Hungary,These ads ran without a disclaimer,184,1
409618562459699,Hegyvidék Galéria,These ads ran without a disclaimer,184,1
598865763613819,Institute for Zen Leadership,These ads ran without a disclaimer,179,2
681585438877010,Prove,These ads ran without a disclaimer,179,1
121994804202984,Unknown Minor,These ads ran without a disclaimer,174,3
168792663191413,MAM Baby,These ads ran without a disclaimer,171,1
104224244529604,Greendex.hu,These ads ran without a disclaimer,171,15
110361145242533,Picibabashop.hu,These ads ran without a disclaimer,170,1
267353906619818,Mr. Gugu & Miss Go,These ads ran without a disclaimer,163,1
109235465338054,Loks,These ads ran without a disclaimer,162,2
109618608579864,All beautiful things,These ads ran without a disclaimer,159,4
114162944991637,Id1,These ads ran without a disclaimer,157,2
109553028794675,Portly Arid,These ads ran without a disclaimer,156,2
101575122932004,Fine Kindhearted,These ads ran without a disclaimer,156,3
76945222898,Startlap,Central Médiacsoport Zrt.,155,3
112004551877440,Grown Tame,These ads ran without a disclaimer,154,2
122026544199679,ID1,These ads ran without a disclaimer,153,1
124340177284061,TomorrowBuilding,These ads ran without a disclaimer,145,1
102952309457793,History in Number,These ads ran without a disclaimer,143,2
113388621278432,Amerikabrev,These ads ran without a disclaimer,139,1
102644509280975,Ripe government,These ads ran without a disclaimer,133,1
114019921620906,Nagyon Vadon,These ads ran without a disclaimer,130,1
100469053039975,Bleak Probable,These ads ran without a disclaimer,128,2
100961498939343,napi_ady,These ads ran without a disclaimer,128,1
1439786569610603,Dr. Fekete Dávid,Fekete Dávid,123,1
8002590959,Rainforest Action Network - RAN,These ads ran without a disclaimer,122,5
80161254850,European Youth Forum,These ads ran without a disclaimer,116,1
111839851893637,Anchored Rosy,These ads ran without a disclaimer,114,1
107459008986222,Skribekné Komár Ágnes,These ads ran without a disclaimer,114,1
110924893957015,Bina Kabbala Nőknek,These ads ran without a disclaimer,113,1
105689888372062,Mindfulness és Jógikus Pszichoterápia,These ads ran without a disclaimer,113,1
103838035966872,Gerzsenyi-Raczkó Tímea - riporter,These ads ran without a disclaimer,111,1
104099512361482,Funnies Now - Magazine,These ads ran without a disclaimer,111,3
106892895068657,Reykjavik Science City,These ads ran without a disclaimer,110,1
102964476125017,Soggy Lumbering,These ads ran without a disclaimer,110,1
340577086006224,CRI German,These ads ran without a disclaimer,108,1
102416722029565,"Innovate4Climate, I4C 2023 - Bilbao",These ads ran without a disclaimer,108,1
102898939386527,Happy,These ads ran without a disclaimer,108,1
575362249143191,Tasó László,These ads ran without a disclaimer,107,1
581800425838191,Scruton,These ads ran without a disclaimer,107,1
112511361680353,Life at Rimac,These ads ran without a disclaimer,104,1
637223469729694,ANGER Kertészet,These ads ran without a disclaimer,103,1
330921370271673,Hajdúsági Vakvezető- és Segítőkutya Képzésért Alapítvány,These ads ran without a disclaimer,102,1
111897381887943,Definite Unusual,These ads ran without a disclaimer,101,2
1136117829854042,Pure Blue of Norway,These ads ran without a disclaimer,≤100,1
115584008183367,Testy Wellinformed,These ads ran without a disclaimer,≤100,2
108258998739587,I Did not know,These ads ran without a disclaimer,≤100,7
108944307109370,Beszéljünk Örökösföldről - Tóth Imre,These ads ran without a disclaimer,≤100,1
977005762399696,Deepgrooves,These ads ran without a disclaimer,≤100,1
114352718583668,nb1.hu,These ads ran without a disclaimer,≤100,1
109652272114001,Winding Handy,These ads ran without a disclaimer,≤100,2
669365789837517,Benedek Zsolt,These ads ran without a disclaimer,≤100,1
120496034354450,Merry Nutty,These ads ran without a disclaimer,≤100,2
101204162970247,Naive Droopy,These ads ran without a disclaimer,≤100,1
805499066304399,Centre for International Studies and Development,These ads ran without a disclaimer,≤100,2
1376834062358342,Packhelp,These ads ran without a disclaimer,≤100,1
104099728380905,tolnamegyeihirek.hu,These ads ran without a disclaimer,≤100,1
1920158678081160,Nemzetpolitikai Államtitkárság,Nemzetpolitikai Államtitkárság,≤100,1
118509507855793,Gunnar_ZF,These ads ran without a disclaimer,≤100,2
104593458269168,Your Daily Fun Break,These ads ran without a disclaimer,≤100,5
105699708610413,The Kyiv Independent,These ads ran without a disclaimer,≤100,1
102998939765184,Persian bms,These ads ran without a disclaimer,≤100,1
102272562081509,Mi Hazánk Szigethalom,These ads ran without a disclaimer,≤100,1
173142739362740,Ésszel iszom,These ads ran without a disclaimer,≤100,1
107346929017356,Velvety Kindhearted,These ads ran without a disclaimer,≤100,2
1916189258598218,Babosi György,Babosi György,≤100,1
113782461697843,Lanky Experienced,These ads ran without a disclaimer,≤100,1
109469718758658,Torsten Heisler,These ads ran without a disclaimer,≤100,1
633246560165629,Fujifilm Global,These ads ran without a disclaimer,≤100,1
101449405656190,euchangemakers,These ads ran without a disclaimer,≤100,1
121594700910811,Cluttered Wilted,These ads ran without a disclaimer,≤100,1
110519871432528,Erzsébeti Napló,These ads ran without a disclaimer,≤100,1
116775782010889,Run For Rights,Run For Rights,≤100,1
1954799894783761,Moratory,These ads ran without a disclaimer,≤100,2
119364737801493,Fruitful Rare,These ads ran without a disclaimer,≤100,2
100464856376904,Crushing Blind,These ads ran without a disclaimer,≤100,1
103601579397731,HeliaPell tűzipellet,These ads ran without a disclaimer,≤100,1
116634137706555,Saint-Gobain Hungary,These ads ran without a disclaimer,≤100,2
100408139141307,Concerts Lovers,These ads ran without a disclaimer,≤100,1
101653285444113,SK텔레콤 뉴스룸,These ads ran without a disclaimer,≤100,1
101819579574523,Adept Kindly,These ads ran without a disclaimer,≤100,1
104604799293569,Ultimate Superb,These ads ran without a disclaimer,≤100,1
435633199945731,Miret,These ads ran without a disclaimer,≤100,1
153063591397681,Amazon Web Services,These ads ran without a disclaimer,≤100,1
108682518882605,Agonizing Dutiful,These ads ran without a disclaimer,≤100,1
106408522445243,Last Friendly,These ads ran without a disclaimer,≤100,1
480893725353353,Közélet Iskolája,These ads ran without a disclaimer,≤100,1
233826257775,Computerworld.hu,These ads ran without a disclaimer,≤100,1
427730700915028,Kosárérték - E-kereskedelmi magazin,These ads ran without a disclaimer,≤100,1
125204744198999,24.hu - Sport,These ads ran without a disclaimer,≤100,2
365868270785503,Kovács Rajmund,Kovács Rajmund,≤100,1
269445193079351,Verzio International Human Rights Documentary Film Festival,These ads ran without a disclaimer,≤100,1
100876578149607,Országút,These ads ran without a disclaimer,≤100,1
116237914783507,Unaware Green,These ads ran without a disclaimer,≤100,1
112354478508109,Hearty Violet,These ads ran without a disclaimer,≤100,1
108918508856241,Id1,These ads ran without a disclaimer,≤100,1
109912408758097,Canine Ornery,These ads ran without a disclaimer,≤100,1
112232541852711,Id4,These ads ran without a disclaimer,≤100,1
454244198246185,Pulzus kutató,These ads ran without a disclaimer,≤100,1
265357550687906,woohoo,These ads ran without a disclaimer,≤100,3
101853479470366,Weregreenly,These ads ran without a disclaimer,≤100,8
113067177682259,PMD - Dogs is my  world,These ads ran without a disclaimer,≤100,2
1556259461269806,Shareably,These ads ran without a disclaimer,≤100,1
19746387261,Humane Society International,These ads ran without a disclaimer,≤100,1
120489814354378,Baggy Terrible,These ads ran without a disclaimer,≤100,1
104160934265925,State of Denmark,These ads ran without a disclaimer,≤100,1
138229586210610,Kiskegyed,These ads ran without a disclaimer,≤100,1
174495013772,nlc.hu,These ads ran without a disclaimer,≤100,5
1457915704536726,Advokatfirmaet Magnus Legal,These ads ran without a disclaimer,≤100,1
609131619115590,O čem se mluví,These ads ran without a disclaimer,≤100,1
323738467739547,Dilmah Tea,These ads ran without a disclaimer,≤100,1
250305668489402,Professor Kenny,These ads ran without a disclaimer,≤100,2
351051478269431,Sokszínű Vidék,These ads ran without a disclaimer,≤100,5
2273404059547940,Akhpal torghar,These ads ran without a disclaimer,≤100,6
101320218601325,Babambino - Kétfunkciós modern mosható pelenkák,These ads ran without a disclaimer,≤100,1
136848826340367,Blikk,These ads ran without a disclaimer,≤100,4
101304192456744,carososky,These ads ran without a disclaimer,≤100,1
156163224404147,Sport365.hu,These ads ran without a disclaimer,≤100,3
105639025839199,Aiko Energy,These ads ran without a disclaimer,≤100,1
115418384832635,Levi_RN,These ads ran without a disclaimer,≤100,1
100490729492964,Sebastian Bello,These ads ran without a disclaimer,≤100,5
102500518635499,ENTR en,These ads ran without a disclaimer,≤100,3
109048801406117,Rewire Therapy,These ads ran without a disclaimer,≤100,1
171163390480055,Samson Rope Technologies,These ads ran without a disclaimer,≤100,2
115643645121323,Deuter,These ads ran without a disclaimer,≤100,1
103659765532260,華夏focus,These ads ran without a disclaimer,≤100,1
1102199946478493,Spotlight,These ads ran without a disclaimer,≤100,1
376224865747238,Servier,These ads ran without a disclaimer,≤100,1
101953493337841,MEBO International,These ads ran without a disclaimer,≤100,1
796895107134107,Українське Закарпаття,These ads ran without a disclaimer,≤100,2
8539814909,International Animal Rescue,These ads ran without a disclaimer,≤100,1
146481695371146,"มูลนิธิเพื่อสุนัขในซอย, ประเทศไทย (Soi Dog - in Thai)",These ads ran without a disclaimer,≤100,1
106170661628518,香港V,These ads ran without a disclaimer,≤100,1
1422513341405155,TAY,These ads ran without a disclaimer,≤100,1
108156902267187,Id4,These ads ran without a disclaimer,≤100,1
216550520609,CLAE,These ads ran without a disclaimer,≤100,1
156279764411149,Times Higher Education,These ads ran without a disclaimer,≤100,1
126166480762310,SelectScience,These ads ran without a disclaimer,≤100,1
101054365776547,Charming Changzhou,These ads ran without a disclaimer,≤100,1
154680184946903,Superplastic,These ads ran without a disclaimer,≤100,1
118818871156611,clubwudan,These ads ran without a disclaimer,≤100,1
113258091679175,DailyLion,These ads ran without a disclaimer,≤100,1
109717158769018,Id1,These ads ran without a disclaimer,≤100,1
1606155556168996,Si Amo Afrin,These ads ran without a disclaimer,≤100,1
219947610085,Marine Conservation Society,These ads ran without a disclaimer,≤100,1
1452734928361216,Matt Johnson,These ads ran without a disclaimer,≤100,1
149290745229517,Online Antisemitism Task Force,These ads ran without a disclaimer,≤100,1
102470965836621,Sustainability MDPI,These ads ran without a disclaimer,≤100,2
1609569505990338,Східноукраїнський національний університет імені Володимира Даля,These ads ran without a disclaimer,≤100,2
1626877920864508,Vodafone Foundation,These ads ran without a disclaimer,≤100,1
113269331567467,El Patito Chiquito,These ads ran without a disclaimer,≤100,1
107323451863865,Millennial Geeks,These ads ran without a disclaimer,≤100,1
103824825199131,International Business,These ads ran without a disclaimer,≤100,1
109713862446321,Capfruit,These ads ran without a disclaimer,≤100,2
101654211887389,Jerusalem Online - Arts & Culture,These ads ran without a disclaimer,≤100,1
103534409200221,Misgav entertainment,These ads ran without a disclaimer,≤100,1
106882027720933,Ugreen_Us,These ads ran without a disclaimer,≤100,2
217611914938346,Да / Da / דע,These ads ran without a disclaimer,≤100,1
722256984867966,Raytheon Missiles & Defense,These ads ran without a disclaimer,≤100,1
344322995756307,Planet Smart City,These ads ran without a disclaimer,≤100,1
1975175056145966,Farkas Attila közszereplő,These ads ran without a disclaimer,≤100,1
101822272617934,Network Booster,These ads ran without a disclaimer,≤100,1
111071828580081,Wsp25,These ads ran without a disclaimer,≤100,1
100133042448587,Sneaker Toast Magazine,These ads ran without a disclaimer,≤100,2
994977213848354,Sarx,These ads ran without a disclaimer,≤100,1
106824494733100,Simbaly - Lifestyle,These ads ran without a disclaimer,≤100,4
286094071469577,VINCI Energies,These ads ran without a disclaimer,≤100,2
131664893560695,Origins OSU,These ads ran without a disclaimer,≤100,1
112736661782449,Z-64-pro,These ads ran without a disclaimer,≤100,2
110037209020562,Wanderlust Travel Magazine,These ads ran without a disclaimer,≤100,1
307682176615916,ACT2gether,These ads ran without a disclaimer,≤100,1
111622410196045,State of Youth,These ads ran without a disclaimer,≤100,2
108318715562829,Abi Espin,These ads ran without a disclaimer,≤100,1
266870043431421,Pénzbook,These ads ran without a disclaimer,≤100,1
102964102556890,Bettermanly - Magazine page 2,These ads ran without a disclaimer,≤100,1
316139502261301,BeInCrypto,These ads ran without a disclaimer,≤100,1
1359136157453700,Bere Ramos,These ads ran without a disclaimer,≤100,1
369479089905524,Shane Mahoney,These ads ran without a disclaimer,≤100,1
110079268726418,Mikka AI Muse,These ads ran without a disclaimer,≤100,1
101922875434564,Road to Vintage - Music,These ads ran without a disclaimer,≤100,4
371764683018,Bezbednost.org,These ads ran without a disclaimer,≤100,1
104444237650160,برنامج مع الرئيس,These ads ran without a disclaimer,≤100,1
2418643321715898,Daily Stickers,These ads ran without a disclaimer,≤100,1
109490318648356,JMSE MDPI,These ads ran without a disclaimer,≤100,1
100843829580377,Central European Economic Journal,These ads ran without a disclaimer,≤100,2
137223326998592,Ashleyjtoddblog,These ads ran without a disclaimer,≤100,1
927057930973841,Dagmara Szymańska Autor Embrace Therapy,These ads ran without a disclaimer,≤100,1
608650595820049,The Conqueror Challenges,These ads ran without a disclaimer,≤100,1
103941832692652,1id,These ads ran without a disclaimer,≤100,1
100966486285059,C301-18,These ads ran without a disclaimer,≤100,1
609349762894374,Opencity,These ads ran without a disclaimer,≤100,1
1777952132237071,Slované v obrazech a poezii / Slavs in pictures and poetry,These ads ran without a disclaimer,≤100,1
367649046908008,Growatt New Energy,These ads ran without a disclaimer,≤100,1
142914269087072,Cornell Lab of Ornithology,These ads ran without a disclaimer,≤100,1
102647316156106,Digital S,These ads ran without a disclaimer,≤100,4
95775573753,Frontiers,These ads ran without a disclaimer,≤100,1
10606591490,TIME,These ads ran without a disclaimer,≤100,1
2316804725260574,Readyer,These ads ran without a disclaimer,≤100,1
115383654868272,Id3,These ads ran without a disclaimer,≤100,1
107647258831836,Weregreenly- Magazine Page 3,These ads ran without a disclaimer,≤100,1
100689636310150,Waokeem-EU,These ads ran without a disclaimer,≤100,3
151974798719373,AfD-Fraktion im Deutschen Bundestag,These ads ran without a disclaimer,≤100,1
112675286764083,Aggregates Business,These ads ran without a disclaimer,≤100,1
100556106171382,Life's rhythm,These ads ran without a disclaimer,≤100,2
343786409509707,The East Gate,These ads ran without a disclaimer,≤100,2
121286357607289,Id4,These ads ran without a disclaimer,≤100,1
105986175239619,Sea Creature Love,These ads ran without a disclaimer,≤100,6
1603592663238606,Svjedok prošlosti,These ads ran without a disclaimer,≤100,2
153371894688575,World Bank,These ads ran without a disclaimer,≤100,1
171522852874952,Juventus,These ads ran without a disclaimer,≤100,1
407249212726130,Forbes Magyarország,These ads ran without a disclaimer,≤100,1
125322574145076,Magpie Wedding,These ads ran without a disclaimer,≤100,1
216741958412414,Avon Worldwide,These ads ran without a disclaimer,≤100,1
103772184933,Strategy International,These ads ran without a disclaimer,≤100,1
103075499294342,Coefficiey,These ads ran without a disclaimer,≤100,3
112757083778788,"Economic Daily, China",These ads ran without a disclaimer,≤100,2
100738672408911,Magic Lock,These ads ran without a disclaimer,≤100,1
102300279228311,MadeinChina,These ads ran without a disclaimer,≤100,1
103881712593655,danilokalezic,These ads ran without a disclaimer,≤100,1
476179919621255,Misbar - مسبار,These ads ran without a disclaimer,≤100,1
102830746104447,AIOM,These ads ran without a disclaimer,≤100,1
68644810672,"Liorel, Art from Israel",These ads ran without a disclaimer,≤100,1
155438574470276,DW українською,These ads ran without a disclaimer,≤100,2
63306224439,Trip.com,These ads ran without a disclaimer,≤100,2
1244705842263957,World Highways,These ads ran without a disclaimer,≤100,2
213003865396175,Arabian Travel Market,These ads ran without a disclaimer,≤100,1
1473321922884514,Chińskie Radio Międzynarodowe,These ads ran without a disclaimer,≤100,1
185561295623272,Move To Help Foundation,These ads ran without a disclaimer,≤100,2
113205835040643,Wsp35,These ads ran without a disclaimer,≤100,1
155174084508744,Banque mondiale,These ads ran without a disclaimer,≤100,2
116566611321205,salalah__oma,These ads ran without a disclaimer,≤100,1
109755664976719,Ginger's Notebook,These ads ran without a disclaimer,≤100,4
114826394903822,Ananda,These ads ran without a disclaimer,≤100,1
105514427749961,CEENERGYNEWS,These ads ran without a disclaimer,≤100,1
366107457198874,Rise of Kingdoms,These ads ran without a disclaimer,≤100,1
117702454634455,Id2,These ads ran without a disclaimer,≤100,1
156384024387787,Nők Lapja,These ads ran without a disclaimer,≤100,3
106843828862974,Worlds knoledge,These ads ran without a disclaimer,≤100,2
106722822373735,The Fun Insider,These ads ran without a disclaimer,≤100,1
100946331929105,Schola Palatina,These ads ran without a disclaimer,≤100,1
106837661915369,Hatzopoulos S.A.,These ads ran without a disclaimer,≤100,1
179989282086901,Warriors of the Divine,These ads ran without a disclaimer,≤100,1
103329418960692,Energies MDPI,These ads ran without a disclaimer,≤100,1
333293986861604,Jean Richard MusiK,These ads ran without a disclaimer,≤100,2
600269386793704,Instytut Pileckiego,These ads ran without a disclaimer,≤100,1
285530825204,Klitschko,These ads ran without a disclaimer,≤100,4
115693791505455,岛屿农场游戏,These ads ran without a disclaimer,≤100,1
175542959311586,Superyacht Life,These ads ran without a disclaimer,≤100,1
121350964566751,DHL Motorsports,These ads ran without a disclaimer,≤100,1
104571188687767,Chill Read,These ads ran without a disclaimer,≤100,1
134331253305084,ITI International Team for Implantology,These ads ran without a disclaimer,≤100,1
354397697217,IEEE Xplore,These ads ran without a disclaimer,≤100,1
110993941170214,ChidoBook,These ads ran without a disclaimer,≤100,1
105578689136989,C301-14,These ads ran without a disclaimer,≤100,1
108535778792153,Evang. Akwaha,These ads ran without a disclaimer,≤100,1
421320345307555,SORP - Платформа для бизнеса,These ads ran without a disclaimer,≤100,3
100272095783585,Visit Heilongjiang,These ads ran without a disclaimer,≤100,1
115370938203232,Id1,These ads ran without a disclaimer,≤100,1
317158175535179,BitLife,These ads ran without a disclaimer,≤100,1
102912091863686,Volvo Penta on Land,These ads ran without a disclaimer,≤100,2
102237416053198,Pramila Nageshwararaj,These ads ran without a disclaimer,≤100,1
110980888642151,Twibbon April,These ads ran without a disclaimer,≤100,4
104819872149191,United4Ukraine,These ads ran without a disclaimer,≤100,1
105607552434777,Instalador Solar,These ads ran without a disclaimer,≤100,1
107977331797625,My New Trends,These ads ran without a disclaimer,≤100,1
110066008599397,EVANews,These ads ran without a disclaimer,≤100,1
116393014767087,ID10,These ads ran without a disclaimer,≤100,1
106540078687090,Curiosity Mind,These ads ran without a disclaimer,≤100,1
147691820754999,e_shwari,These ads ran without a disclaimer,≤100,1
842484635804171,International Expert,These ads ran without a disclaimer,≤100,1
109613811893240,Aiby • AI Art & Avatar Generator,These ads ran without a disclaimer,≤100,1
103312979419273,Id1,These ads ran without a disclaimer,≤100,1
116035774799177,Id3,These ads ran without a disclaimer,≤100,1
478297078923452,Big Easy Believer,These ads ran without a disclaimer,≤100,7
117482577917989,Сделай Мульт,These ads ran without a disclaimer,≤100,1
159237059781,Kolégium Antona Neuwirtha,These ads ran without a disclaimer,≤100,1
524481140907226,Green Motion International,These ads ran without a disclaimer,≤100,1
106701185163801,Your Hacks Spot,These ads ran without a disclaimer,≤100,1
131189377574,MDPI,These ads ran without a disclaimer,≤100,1
102984361463961,Igrow Academy,These ads ran without a disclaimer,≤100,1
315543515306,Jing Daily,These ads ran without a disclaimer,≤100,1
100386342622682,Studerende på Københavns Universitet,These ads ran without a disclaimer,≤100,1
308078662574679,Xcode Life,These ads ran without a disclaimer,≤100,1
124275457632741,ElectronicSpecifier,These ads ran without a disclaimer,≤100,5
106974505310582,"БО БФ ""Фенікс України""",These ads ran without a disclaimer,≤100,1
108002535601082,Cитуация в Украине,These ads ran without a disclaimer,≤100,1
115164768219510,Id4,These ads ran without a disclaimer,≤100,2
114184975000819,Unexplained Beasts,These ads ran without a disclaimer,≤100,1
489179047956298,Allwork.Space,These ads ran without a disclaimer,≤100,2
102103132865166,ZZ-87-pro,These ads ran without a disclaimer,≤100,1
107863022280731,Lin-bmd-06,These ads ran without a disclaimer,≤100,1
101388509327100,Extra famous,These ads ran without a disclaimer,≤100,6
105743361735500,New to Money Português,These ads ran without a disclaimer,≤100,1
320788968000582,Center for Israel Education,These ads ran without a disclaimer,≤100,1
17043549797,MIT Technology Review,These ads ran without a disclaimer,≤100,3
110807438602372,Steno Research,These ads ran without a disclaimer,≤100,1
107574164472383,CSGI,These ads ran without a disclaimer,≤100,1
106653035600035,El Gonso,These ads ran without a disclaimer,≤100,1
435272526866135,North American Kurdish Alliance - NAKA,These ads ran without a disclaimer,≤100,1
172679319429447,European Sustainable Energy Week,These ads ran without a disclaimer,≤100,2
120223804387904,dailypositivityboost,These ads ran without a disclaimer,≤100,2
105893115011978,IN.hu,These ads ran without a disclaimer,≤100,2
194886144517585,Solid English School,These ads ran without a disclaimer,≤100,1
104444729065513,Victoria Segovia,These ads ran without a disclaimer,≤100,1
101546951979239,meowow.creates,These ads ran without a disclaimer,≤100,1
102253235647259,Futbolete - Revista,These ads ran without a disclaimer,≤100,1
368119983327926,العربي الجديد,These ads ran without a disclaimer,≤100,1
669307523469574,EveryJew,These ads ran without a disclaimer,≤100,7
150793518281117,Covestro,These ads ran without a disclaimer,≤100,3
109044999140694,CAS,These ads ran without a disclaimer,≤100,4
103959811845477,Blue Gazette,These ads ran without a disclaimer,≤100,1
118101047927218,ID Master,These ads ran without a disclaimer,≤100,7
595178974150639,"Marta Wesołowska - mówienie, głos w Marce Osobistej",These ads ran without a disclaimer,≤100,1
750813318441704,Hotline.finance,These ads ran without a disclaimer,≤100,1
164062096960781,Gyerekszoba.hu,These ads ran without a disclaimer,≤100,1
111663158576976,Id4,These ads ran without a disclaimer,≤100,1
479285342097950,AeroTime,These ads ran without a disclaimer,≤100,1
1665415480386176,Radicalisation Awareness Network - RAN,These ads ran without a disclaimer,≤100,1
109922655427971,Quiet Frank,These ads ran without a disclaimer,≤100,1
133945616646913,RioOnWatch.org,These ads ran without a disclaimer,≤100,1
109305525113098,Pupil Loves,These ads ran without a disclaimer,≤100,4
100887355714758,Dekarbopro,These ads ran without a disclaimer,≤100,1
100223749713609,Gear-D,These ads ran without a disclaimer,≤100,1
103083211820527,Our Funny Little Site Family,These ads ran without a disclaimer,≤100,1
31292782350,Deutschland.de,These ads ran without a disclaimer,≤100,1
101459741907326,Jerusalem Online - Culture,These ads ran without a disclaimer,≤100,4
115702381502660,Id2,These ads ran without a disclaimer,≤100,1
35335786143,Cat Electric Power,These ads ran without a disclaimer,≤100,1
114751934918631,Lin-bmd-04,These ads ran without a disclaimer,≤100,1
142329112477770,البنك الدولي,These ads ran without a disclaimer,≤100,4
102415047928145,Shanghai Electric,These ads ran without a disclaimer,≤100,1
102207552798601,Youth clicks,These ads ran without a disclaimer,≤100,2
171043963049603,GREAT SCOT,These ads ran without a disclaimer,≤100,1
565225540184937,CGTN,These ads ran without a disclaimer,≤100,2
100521169568928,BIAS Project,These ads ran without a disclaimer,≤100,1
72149536933,SKF,These ads ran without a disclaimer,≤100,1
129404320433742,Migration Policy Group,These ads ran without a disclaimer,≤100,1
111014438406253,Trendyspread shop1,These ads ran without a disclaimer,≤100,1
109063332112527,travelguyadam,These ads ran without a disclaimer,≤100,1
116355337718182,Moli lulu,These ads ran without a disclaimer,≤100,2
520171088019503,Liforme,These ads ran without a disclaimer,≤100,1
224436418138454,TransferGo Ukraine,These ads ran without a disclaimer,≤100,1
79511407410,Mercedes-AMG Petronas F1 Team,These ads ran without a disclaimer,≤100,1
312898778847834,TERRAM PACIS,These ads ran without a disclaimer,≤100,1
405379246524515,DHL Express,These ads ran without a disclaimer,≤100,2
103847071992624,Climate Heritage,These ads ran without a disclaimer,≤100,2
429957570419097,Professor Israel,These ads ran without a disclaimer,≤100,1
101616782888805,Travel Away,These ads ran without a disclaimer,≤100,1
1914522068608165,Autolidersv,These ads ran without a disclaimer,≤100,1
100840632692651,Înțelepciunea din Proverbele lui Solomon,These ads ran without a disclaimer,≤100,1
561401207312234,StartUs,These ads ran without a disclaimer,≤100,1