Page ID,Page name,Disclaimer,Amount spent (USD),Number of ads in Library
108448645342531,BAZ PLUS,BAZ PLUS,3630,494
1960687214155123,بەیار عومەر عەبدوڵا Bayar Omar Abdullah,Bayar Omar Abdullah,2901,5
399110903587431,دژه تیرۆری کوردستان Kurdistan CT,ASO,2252,122
2003953506544982,ائتلاف النصر,Ahmed Abdulkareem Shihab Alwandi,1956,26
102687942750312,Wagon,Wagon,1440,160
638540889641531,Xwakurk  - خواكورك,Xwakurk  - خواكورك,1295,260
888362628037273,Rahi Rahber Said Braim,Rahi Rahber Said Braim,1254,9
381497365537157,R.C.D مركز الرافدين للحوار,R.C.D مركز الرافدين للحوار,1110,14
413266606135699,سعد الاوسي,Ali Muntasser,1000,1
467222586811080,شێخەی مەمەند ئاغای ھەمەوەند,شێخەی مەمەند ئاغای ھەمەوەند,732,14
105097522488856,عمار الحمداني,Ammar Al Hamadani,679,6
110735054899289,Lapere,Lapere,660,215
108153498939891,Mohammed Abdulhammed,Mohammed Abdulhammed,632,2
157533901579726,راكان سعيد الجبوري,أبرأهيم سعيد,628,11
110035949016294,Masrour Barzani,ASO,616,36
101225028723669,AsAn  ئاسان,AsAn  ئاسان,552,111
104005041772849,DAW- داو,DAW- داو,550,133
104886081432069,حركة البشائر الشبابية,حركة البشائر الشبابية,516,6
101537365554352,KURD POST,Ahmed Majeed Awla,508,173
108208211346225,ڕێچکە - Rechka,ڕێچکە - Rechka,507,116
381026846058940,هيبت الحلبوسي,هيبت الحلبوسي,503,6
503530246416243,النائب احمد المشهداني  Ahmed Al-Mashhadani,Mustafa Al-mashhadani,503,19
112048801639488,Zoom News,Zoom News,444,122
110855024479814,حسن قاسم الخفاجي,حسن قاسم الخفاجي,438,19
104081694467489,ريان الكلداني Rian Chaldean,ريان الكلداني Rian Chaldean,433,11
107461271287114,ملتقى البشائر,ملتقى البشائر,427,4
159370874867950,محمود حسين القيسي,Mahmood Mutlag,413,17
558014920898846,Erşat Salihi-ارشد الصالحي,Erşat Salihi-ارشد الصالحي,407,14
101488042777277,الافق,الافق,393,8
115033719858579,مشتەکۆڵە,mshtakolla,373,45
149007500632371,النائب اسامة كريم البدري,منتظر علاء مظلوم الربيعي,366,86
111160249521733,Rebaz Hamlan,Rebaz Khasraw Ali,354,9
118147190026744,دەنگێ بەھدینان Dengê Behdinan,dengebehdinan.net,353,143
115201561476661,کۆد میدیا,کۆد میدیا,352,11
422805185129170,حەقیقەت,Zhino Ali,349,26
871659792906041,الحضارات,الحضارات,348,10
110855024479814,حسن قاسم الخفاجي,احمد غازي سالم,346,8
1272142976242590,وكالة بغداد اليوم الاخبارية,وكالة بغداد اليوم الاخبارية,345,2
111995495119585,شبكة صلاح الدين,شبكة صلاح الدين,343,21
101964988731653,محسن المندلاوي,محسن المندلاوي,340,17
135202556677269,Rabun Maroof رابون مەعروف,Rabun Maroof,327,3
556915681040436,عبدالله حاجي محمود : Abdullah Haji Mahmood,Abdullah Mahmood Mohammed,321,17
1423684604555182,ر.المهندسين فاطمة حسن الخفاجي مديرة بلدية المحمودية,عمار احمد علي,317,4
102682039247529,الیقین,barqnews,298,174
381497365537157,R.C.D مركز الرافدين للحوار,مركز الرافدين للحوار R.C.D,294,7
563523023665939,KurdistanPress,kurdistanpress.net,288,69
109447781346241,النائب ياسر المالكي,النائب ياسر المالكي,287,4
112206986837937,داركا مازى - كوردى,Darka Mazi,278,47
754878457919560,النائب عادل خميس المحلاوي,مصطفى ريكان عجيل,275,6
267078350122003,الدكتور ماجد شنكالي,الدكتور ماجد شنكالي,271,37
945981242085442,المهندس محمد شياع السوداني,البرلماني,262,1
1635087666704849,Srwa Abdulwahid Qadir,نەوەی نوی,261,3
105349854354740,موسوعة الرافدين الإخبارية,موسوعة الرافدين الإخبارية,260,1
106053335295019,AYM - ايم,AYM,259,15
108795692206179,حكومة السوداني,Ali Qasim,254,11
115373991478024,هادي العامري - المكتب الإعلامي,هادي العامري - المكتب الإعلامي,253,2
109036331812035,بغداد بودكاست,Alaulddin Al-bayyeni,250,2
109558980788677,جماهير محمد الحلبوسي,TQ Media,246,6
199619564219576,مركز الرافدين للحوار R.C.D - العلاقات العامة,R.C.D مركز الرافدين للحوار,244,4
143435839066780,د.خالد شواني,Dashti Salam Saeed,241,11
335087470495241,Bra Gawra برا گەورە,Diyar Hamad,241,73
104043631791120,النائب الحقوقي علي حاتم المكصوصي,النائب الحقوقي علي حاتم المكصوصي,239,22
276686282715100,وزارة العدل العراقية,Wahab Mohammed,238,25
147415918619707,KNN,KNN,235,5
237581247129000,طب الصادق للاعشاب,These ads ran without a disclaimer,233,3
114491311536369,Mil-ميل,Mil-ميل,230,10
194778987219047,BasNews,Diyar Azeez Mustafa,224,24
108314488369210,Dr. Muhannad Al-khazraji / د.مهند الـخزرجي,Ahmed Alzobidy,222,12
100718729559772,مەکتەبی ڕێکخستنی پارێزگای سلێمانی ـ هەلەبجە ـ ڕاپەرین پ.د.ک,Rawand Mziri,220,27
100640668153417,باسم خضير كاظم الغرابي,باسم خضير كاظم الغرابي,215,24
110666778648167,دولة تقدم,jiballco,214,13
585609641479524,مانامیدیا,مانامیدیا,212,10
107361218100874,Dw Der - دوو دێر,Dw Der - دوو دێر,208,54
102213691670920,إقتصاديون,عدي صادق العلوي,204,8
102221762283932,مقراب الشرق کوردی,مقراب الشرق,204,3
2261705107489621,Property Tech,These ads ran without a disclaimer,200,1
596682987134503,وزارة النقل العراقية,همام صفاء الصالحي,198,23
234315270085663,Yerdili - يردلي,JIBALL,197,33
355786234434317,Pshtiwan Sadq,Shwan Azeez Ismail,196,50
1007330429412535,المستشفى البريطاني للعقم واطفال الانابيب والجراحات التخصصية,These ads ran without a disclaimer,193,16
101443799198965,الرقيب العراقي,الرقيب العراقي,191,3
152131781906555,وزارة النفط العراقية,وزارة النفط العراقية,190,7
1812321035741592,COC Media,Civilan Organization for Community Media,185,11
111219755094237,بە پەلە,Yaseen Ismael,181,6
105422902310482,964عربي,964Media,179,12
119288358266240,Sebar Media,Sebar Media,176,68
116524261377273,القرار بوست,القرار بوست,176,14
116944031282422,شبابيك نيوز,صحيفة شبابيك نيوز,173,2
927958880553492,ئاژانس میدیا,ئاژانس میدیا,173,65
103897361202668,فخر الغربية,TQ Media,171,5
845122485513259,محمود خلف العبيدي,محمود خلف العبيدي,169,17
1816623088651940,مشرق الفريجي,مشرق الفريجي,168,29
156490947738645,وزارة الصحة العراقية,وزارة الصحة العراقية,167,17
1534502189991202,النائب طه المجمعي,Yaseen. T. Yaseen,166,6
1938942153041498,Saeed Salim Pshdari / سەعید سەلیم پشدەری,Saeed Salim Pshdari / سەعید سەلیم پشدەری,164,16
238567589508195,ڕادیۆ و تەلەفزیۆنی سلێمانی,Mariwan Ali,163,142
103079074842359,مع المالكي,مع المالكي,163,2
117411464290585,Nabaz Abdulhamid,Nabaz Abdulhamid,162,5
100777926142279,عمار موسى كاظم,عمار موسى كاظم,162,3
101088546158554,پوک میدیا,PUKMEDIA Official,156,2
117047644589192,ديكور للأشجار ألأصطناعية,These ads ran without a disclaimer,155,8
104614759018251,خطاب عادل,Alaulddin Al-bayyeni,153,1
1687718561336574,Dler Abdulkhalq دلێر عەبدولخالق,Dler Abdulkhalq دلێر عەبدولخالق,150,5
122111094117255,Hawre Mala Star,Hawre Mala Star,148,2
1298625980153968,Tech 4 Peace التقنية من اجل السلام,Tech For Peace,147,3
754898164888670,الحملة الوطنية لتعديل المادة ٥٧ احكام الحضانة,الحملة الوطنية لتعديل المادة ٥٧ احكام الحضانة,145,8
107794285545259,عاصمة الشمال,عاصمة الشمال,142,18
112675444991226,وزير الفقراء,علي محمد اسماعيل,132,8
116970674706400,احمد حاتم - Ahmed Hatem,Ahmed Al-bayati,131,11
2452514564770158,المكتب الإعلامي لوزير الداخلية,المكتب الإعلامي لوزير الداخلية,128,5
110534435683482,Kurdistan Democratic Party,KDPinfo,128,36
101470755448480,محمد رسول الرميثي,Mohammed Rasool Dakhil,126,27
101537365554352,KURD POST,KURD POST,126,49
1795382547357634,یەکێتیی نیشتمانیی کوردستان مەکتەبی سیاسی/کەرکوک,یەکێتیی نیشتمانیی کوردستان مەکتەبی سیاسی/کەرکوک,126,8
204803838632,Haider Al-Abadi,Ahmed Abdulkareem Shihab Alwandi,124,5
635049550029076,Nabaz hariri,Rawand Mziri,124,19
388904618235487,المرصاد برس,المرصاد برس,123,2
109425338712897,مملكة نينوى,مملكة نينوى,120,16
1066183836729650,محمد توفيق علاوي,Mohammed Allawi,119,3
101643555790443,همام علي مهدي  التميمي,حسن علي بكي,119,9
108073001676806,مقراب الشرق,مقراب الشرق,117,1
302342846473745,Kurdistan TV,kurdistantv,116,12
100451412934737,Sangar kanabe gawra سەنگەر کانەبی گەورە,Shivan Abwbaker Aswad,116,50
187768129414110,ابو تراب التميمي البصري,حسنين محمد,115,3
659208437434246,KNN +,KNN +,114,2
106273938637262,Draw  درەو,Draw  درەو,113,14
102972181270368,رئيس مسلفن,رئيس مسلفن,113,3
102750359160656,السيادة بلس نيوز,السيادة بلس نيوز,112,7
114111234918913,Mana Media::مانامیدیا,Mana Media::مانامیدیا,110,2
101834821974169,Salar Sarhad Khalifa  سالار لالە سەرحەد,Salar Sarhad Khalifa  سالار لالە سەرحەد,109,5
136517036537211,مەڵبەندی سلێمانی یەكگرتوو,kurdiu,109,6
668246513252365,المهندس نصيف جاسم الخطابي محافظ كربلاء المقدسة,المهندس نصيف جاسم الخطابي محافظ كربلاء المقدسة,107,12
200480966638039,Supremacy 1914,These ads ran without a disclaimer,107,2
1951151558245122,Karwan Gaznay,Karwan Gaznay,106,13
418944648163190,باقر جبر الزبيدي,حيدر العامري,105,12
107308984269686,كلام العاصمة,كلام العاصمة,105,2
194778987219047,BasNews,BasNews Agency,104,17
103148919323302,Mosul.net,Mosul.net,103,17
455049811223870,Leqa Ek PDK,Waraz Mustafa Sadeeq,102,37
495880830884336,علاء اسماعيل السعداوي,These ads ran without a disclaimer,≤100,1
109036331812035,بغداد بودكاست,Hind Al Dayyeni,≤100,1
119534327768767,فريق الشيخ - Team Sheikh,Moh Fakhri,≤100,3
1311267208954125,بيت شباب بغداد,احمد عبد الحسين,≤100,1
100541436251475,قەڵاى هەمەوەند بۆ هەموان,قەڵاى هەمەوەند بۆ هەموان,≤100,7
105314851937437,النائب الشيخ أحمد فواز الوطيفي - Ahmed Fawaz AL-Wataifi,النائب الشيخ أحمد فواز الوطيفي - Ahmed Fawaz AL-Wataifi,≤100,2
152858888093521,NRT,NRT,≤100,1
100383941466678,مكتب الوكيل الاقدم لوزارة الداخلية,مكتب الوكيل الاقدم لوزارة الداخلية,≤100,6
103721784528052,رجل الصولات,رجل الصولات,≤100,2
102796834888985,محمد هيبت الحلبوسي,محمد هيبت الحلبوسي,≤100,3
100333398208632,ابن الفرات ودجلة,ابن الفرات ودجلة,≤100,2
580593188967461,حراك الجيل الجديد,NGM,≤100,2
111763060956749,قلم دولة القانون,قلم دولة القانون,≤100,2
476291155820178,مەکتەبی ڕێکخستنی  پارێزگاى هەولێر  pdk,مەکتەبی ڕێکخستنی  پارێزگاى هەولێر  pdk,≤100,17
101859606204759,وزير دولة خدمات,Wahab Mohammed Ghazi,≤100,5
570578883145171,پەرەگراف Peregraf,PEREGRAF WEBSITE,≤100,20
104087085980868,بتوقيت كركوك,Wahab Mohammed Ghazi,≤100,5
132126192341800,أنا البرلمان,أنا البرلمان,≤100,4
133439963658698,U.S. Consulate General Erbil,U.S. Consulate General Erbil,≤100,15
116831387964200,ديالى ميتر,ديالى ميتر,≤100,11
115098733693590,سلام الشمري,Mohammed Aqeel Hasan,≤100,3
126235303730857,خان خورما,Wahab Mohammed Ghazi,≤100,4
124905207196086,بتوقيت العاصمة,Wahab Mohammed Ghazi,≤100,4
109270047986249,النائب السيد حسين نعمة البطاط,علي حبيب,≤100,2
108314488369210,Dr. Muhannad Al-khazraji / د.مهند الـخزرجي,علي جبار عذاب,≤100,2
107128119006927,مشروع حكومة,Wahab Mohammed Ghazi,≤100,4
108160411542178,تقي الوائلي - Taqi Alwaily,تقي الوائلي - Taqi Alwaily,≤100,4
599676433390515,Wishe.net,Wishe.net,≤100,62
112422380482930,النائب الشيخ أحمد صلال البدري,النائب الشيخ أحمد صلال البدري,≤100,17
100344203046246,دعم .حسين العوادي,Mustafa Najm,≤100,9
109531878761962,ترند كركوك,Wahab Mohammed Ghazi,≤100,5
105299271778182,النائب الحقوقي طالب اليساري,Zakariya Wahhab,≤100,3
1467421263528149,Iraqi Private Banks League رابطة المصارف الخاصة في العراق IPBL,Iraqi Private Banks League,≤100,5
418944648163190,باقر جبر الزبيدي,باقر جبر الزبيدي,≤100,11
407001929890342,الاعلامي بهاء المستشار,الاعلامي بهاء المستشار,≤100,24
110534435683482,Kurdistan Democratic Party,KDP,≤100,10
851066974942822,الكرمة مدينتي Alkrmt Madinatay,ايمن محمد,≤100,3
584924188225914,لقی 26ـی گوڵان,Shwan Khudhur,≤100,29
107713992218075,الشرق العراقي,الشرق العراقي,≤100,12
108605772196929,دولة القانون_ بشائر ميسان,دولة القانون_ بشائر ميسان,≤100,5
103560309271906,کتلة الحزب الديمقراطي الكوردستاني في مجلس النواب العراقي,کتلة الحزب الديمقراطي الكوردستاني في مجلس النواب العراقي,≤100,119
335161733930749,محافظة المثنى,Salim Challab Hwaidi,≤100,10
105835761935325,حسين العوادي,حسين العوادي,≤100,3
1552049018218939,نەوەی نوێ لە هەڵەبجە,نەوەی نوێ لە هەڵەبجە,≤100,2
130783806990987,"Hakim Qadir ,  حاکم قادر",Bestun Hama Ahmed,≤100,2
106210025745999,واحد تعليم,واحد تعليم,≤100,5
101816602823868,بەشی ڕێکخراوە جەماوەریی و پیشەییەکانی پ.د.ک,Anas Abdulazeez Hama,≤100,17
104972417745437,شيخ الشباب,شيخ الشباب,≤100,4
102310714635446,احمد الذواق,احمد الذواق,≤100,4
211290489606653,Dilan Mamosta Ghafoor - دیلان مامۆستا غفور,Shalaw Ghafour,≤100,1
711506772983323,Raz Press,Raz Press,≤100,27
544132379058771,مؤسسة المدى,مؤسسة المدى,≤100,11
623269431104113,المعهد الوطني لحقوق الانسان,Sameer Nooruldeen Hasan,≤100,4
108465442152314,عاهد محمود,عاهد محمود,≤100,1
104873241723624,السيد النائب حسين السعبري,ابراهيم احمد عباس,≤100,2
101561802405974,الصندوق اسود,الصندوق اسود,≤100,2
113153977690492,Dr.Narmin Maruf د.نەرمین معروف,Ariwan M Ghafoor,≤100,5
424733244779035,KURD,KURD,≤100,17
102482024863105,من الانبار,بلال رافع,≤100,10
224633614313076,لقی دووی پارتی دیموکراتی کوردستان,لقی دووی پارتی دیموکراتی کوردستان,≤100,10
109718124824252,بەڵگە نیوز,بەڵگە نیوز,≤100,28
356862647798607,سرمد بليبل Sarmad Bleebl,سرمد بليبل Sarmad Bleebl,≤100,4
109499431675573,Media 24,Media 24,≤100,25
415565805306148,كوردستان نیوز Kurdistan News,دلیر خليل اسماعيل,≤100,29
105892975326488,غريب التركماني - Ghareb AlTurkmani,Ibrahim Yousri,≤100,7
104601685777488,النائب سعود الساعدي,النائب سعود الساعدي,≤100,5
384932871690609,شركة شمس العراق لاستيراد السيارات,These ads ran without a disclaimer,≤100,1
113851890805213,نمير الكواك _Nmeer alkawak,نمير الكواك _Nmeer alkawak,≤100,4
106862069005610,المكتب النسوي للنائب ارشد الصالحي,المكتب النسوي للنائب ارشد الصالحي,≤100,2
110993001443459,بەشی ڕۆشنبیری و ڕاگەیاندنی پ.د.ك,Kdp media,≤100,21
101233868319292,سيادة وطن,فهد محمد ابراهيم,≤100,3
333432230097459,فەرماندەیی هێزەكانی پشتیوانی/1,فەرماندەیی هێزەكانی پشتیوانی/1,≤100,16
101741622757697,Chaw+,Chaw+,≤100,5
299448460955468,Kurdish Press,Kurdish Press,≤100,26
1650607098561130,Hawler Newspaper ڕۆژنامەی هەولێر,Rawa Majeed,≤100,4
1429071667366733,Iraqi Observatory for Human Rights - المرصد العراقي لحقوق الإنسان,Iraqi Observatory for Human Rights - المرصد العراقي لحقوق الإنسان,≤100,4
474047392637397,لقى 16 ى پارتى دیموكراتى كوردستان,Krmanj S. Jabar,≤100,19
106882150782236,CTG Kurdistan,CTG Kurdistan,≤100,5
102208414468987,فالح الخزعلي,فالح الخزعلي,≤100,6
133227943495329,زارى کرمانجى,Abdullah Hamad,≤100,10
1130948176931386,بــاران,بــاران,≤100,24
108726485222811,Arazoo Jabar Shwany,Arazoo Jabar Shwany,≤100,15
474239689335896,Omar Gulpi,Omar Abdullah Fattah,≤100,7
108131808506762,شئ من التاريخ,These ads ran without a disclaimer,≤100,3
102708061990212,تقدم,تقدم,≤100,3
341118959242786,بزوتنەوەی گۆڕان Gorran Movement,بزوتنەوەی گۆڕان Gorran Movement,≤100,5
170375086953470,صالح الحسناويّ :: Salih Al hasnawi,صالح الحسناويّ :: Salih Al hasnawi,≤100,1
102948571453586,الانبار خيمتنا,jibalco,≤100,5
100856642910582,وزير النقل - رزاق محيبس السعداوي,همام صفاء الصالحي,≤100,7
382364165660465,عادل فرج الحلبوسي,عادل فرج الحلبوسي,≤100,6
1763625873685085,محمد ابزر        Mohamed Abzar,محمد ابزر,≤100,6
101905792847348,TNT للعناية بالسيارات,These ads ran without a disclaimer,≤100,3
105502651142922,اتحاد شباب الأنبار,اتحاد شباب الأنبار,≤100,2
102931894760527,كمامات وطن,احمد جمال,≤100,2
100948124964887,Fahmi Burhan  فەهمی بورهان,Fahmi Burhan Omer,≤100,5
109855202108366,تكريت بلاس,هيثم سبتي الحمام,≤100,2
720944991294083,د. قتيبة ابراهيم الجبوري,Ali Jamal,≤100,4
102686885395256,مشاريع محافظة المثنى,Salim Challab Hwaidi,≤100,6
103144369375694,اعمار نينوى,اعمار نينوى,≤100,3
104340502161086,الجمهورية الرابعة,JIBALLCO,≤100,6
100679826254899,رجل الإعمار الاول,بلال رافع,≤100,4
109435514965568,Astera,Astera,≤100,22
103749749110377,أ . باسم محمد خضير - وكيل وزارة النفط,Ahmed Sttar,≤100,1
441049192623245,راگەیاندنی مەکتەبی مامۆستا عەلی باپیر,Anas Abdulazeez Hama,≤100,14
443762046175773,البصرة هويتي,علي محمد اسماعيل,≤100,3
106786885042267,Wahab Halabjay _ وەهاب هەڵەبجەی,Wahab Halabjay _ وەهاب هەڵەبجەی,≤100,2
422107591268917,شروكي وافتخر,زيد محمد شيحان,≤100,3
152421998162279,Abubakr Ali (Abubakr Karwani),Abubakir Ali,≤100,6
1989452011070870,مەلیک,NGM,≤100,1
102005862484407,ألق ذي قار,These ads ran without a disclaimer,≤100,1
102119931136710,ژووری بازرگانی و پیشەسازی هەڵەبجە,Kizhan Baqi Hama Amin,≤100,10
112805336829620,حجاية وستوتة,jiball,≤100,42
102293958597480,حركة إنجاز,حركة إنجاز,≤100,11
101121842577001,سيد علي,jib.org,≤100,4
1361588403951717,Dosti Ahmed Musa,Dosti Ahmed Musa,≤100,1
626596557359682,حركة الصادقون,علي الربيعي,≤100,1
106909922328678,فەرماندەیی هەڵگورد یەکەی 43,Abdullah Hamad,≤100,8
102660132559740,Ararat News - Sorani,Ararat News - Sorani,≤100,4
102915589136329,Gorran Radio ڕادیۆی دەنگی گۆڕان,KNN,≤100,5
179158259303,U.S. Embassy Baghdad,U.S. Embassy Iraq,≤100,1
109253885223452,Ararat News,Ararat News,≤100,1
110911114568956,عراقيين iraqeen,ثامر غافل عيسى,≤100,1
102544398565724,النائب نهله الفهداوي,Moh Fakhri,≤100,2
437591407047522,Rewaq Baghdad Center For Public Policy- مركز رواق بغداد للسياسات العامة,Rewaq Baghdad Center For Public Policy,≤100,6
2383265178621061,Meyser Obaid Nheli,Meyser Obaid Nheli,≤100,15
103394661564021,الوطن محتاجك,الوطن محتاجك,≤100,2
522721454528146,ئاژانسی راگەیاندنی پارتی,ئاژانسی راگەیاندنی پارتی,≤100,18
492511684171110,الغد برس,الغد,≤100,5
108018192094247,PalaPress,PalaPress,≤100,12
360476314014065,Baraw Amanj,NGM,≤100,1
1850158471871767,بەشی پەیوەندی گشتی پارتی دیموکراتی کوردستان,Rawand Mziri,≤100,12
486820705424112,سيروان روژبیاني Sirwan  Rozhbayani,سيروان روژبیاني Sirwan  Rozhbayani,≤100,2
100942605827830,مؤسسة الضاري للتنمية والتطوير,مؤسسة الضاري للتنمية والتطوير,≤100,27
255245098232272,Kawa Aban,Kawa Aban,≤100,12
105638079142715,IQ FM Mosul,IQ FM Mosul,≤100,8
166029613463380,ROJ GULL,Mic,≤100,1
106104881791665,نووسینگەی ڕێکخەری ڕاسپاردە نێودەوڵەتییەکان,نووسینگەی ڕێکخەری ڕاسپاردە نێودەوڵەتییەکان,≤100,2
104423394462767,Kobas کۆباس,Kobas.krd,≤100,1
101789536156376,KurdiaNews,KurdiaNews,≤100,1
1159516580738783,مديرية بلدية الكرمة,مديرية بلدية الكرمة,≤100,1
106976778974435,Draw Plus,draw media,≤100,7
235830259858673,العراق,Aymen Jawad,≤100,3
102293958597480,حركة إنجاز,حيدر العامري,≤100,11
108818098423791,مكتب النائب أسامة البدري في بغداد,مكتب النائب أسامة البدري في بغداد,≤100,8
316778782455942,Hawpaimani _ هاوپەیمانی,Hawpaimani _ هاوپەیمانی,≤100,9
158808741464939,Dr. Bryar R Sharif  د.بڕیار ڕشید شریف,Sana Sulaiman Haji Rasul,≤100,3
147161912626120,شـيروان الدوبـرداني,شـيروان الدوبـرداني,≤100,1
102926700207592,Baghdad News,Baghdad News,≤100,3
134532296688934,Shorsh Ismail,Hunar Omer Khdhir,≤100,3
107828178238463,مكتب النائب حسين حبيب,These ads ran without a disclaimer,≤100,1
1854491004868362,حركة البشائر الشبابية مكتب واسط,مصطفى عباس,≤100,7
2078501495717431,اصلاحات بطيخ,فهد محمد ابراهيم,≤100,1
175590267993,Al Majalla,These ads ran without a disclaimer,≤100,5
103618442597978,Znar Blnd Ismail,Sarbast Faqe Aomar,≤100,2
106561495556462,Lutke News,Lutke News,≤100,5
310379295673630,Yousif Mohammed Sadiq,Yousif Mohammed Sadiq,≤100,2
101476765871644,دولة ويستفاليا   Westphalia State     1648,محمد علاوي صبري,≤100,4
100642098847777,Shwan Kalary شوان کەلاری,Shwan Kalary شوان کەلاری,≤100,18
2200025410238656,مركز نداء الرافدين للبحوث والدراسات الإستراتيجية,مركز نداء الرافدين للبحوث والدراسات الإستراتيجية,≤100,20
106593577812125,Tîr تير,Tîr تير,≤100,4
287842647957979,EU International Partnerships,These ads ran without a disclaimer,≤100,2
104249752332378,متابعة,متابعة,≤100,8
1160815700740657,المهندسة ليلى مهدي التميمي,Layla Abdulhussein,≤100,1
100745995482650,المهندس خالد حسن السامرائي,المهندس خالد حسن السامرائي,≤100,2
109819321970738,ڕۆژنیوز  Rojnews,ڕۆژنیوز  Rojnews,≤100,6
100808482283903,النائب داود العيدان,النائب داود العيدان,≤100,2
1434120716833949,Karim Shkur-ملاکریم,Karim Shkur-ملاکریم,≤100,15
1619055278323816,لیوای 3 پێشمەرگەی بەرگری و فریاکەوتن,Abdullah Hamad,≤100,3
232618167205716,حركة البشائر الشبابية / مكتب المثنى,Mohammed Rasool Dakhil,≤100,7
219469091575732,Dr. Dindar Zebari,Dr. Dindar Zebari,≤100,3
1971961376379162,Krmanj Abdulla - كرمانج عه بدوڵڵا,Krmanj Abdulla,≤100,5
103907531450823,Abdulhameed Aljaberi-عبدالحميد الجابري,Abdulhameed Aljaberi-عبدالحميد الجابري,≤100,2
413266606135699,سعد الاوسي,These ads ran without a disclaimer,≤100,1
107381740996535,هۆزی هەمەوەند لەگەرمیان,هۆزی هەمەوەند لەگەرمیان,≤100,3
302945060401428,المهندس وسام اصلان الجبوري,These ads ran without a disclaimer,≤100,2
182858898492652,ساداتی پیرخدری شاهۆ,Saman Alaalddin,≤100,6
434233800404903,Gift.IRAQ,These ads ran without a disclaimer,≤100,1
1666758003388248,نەوەی نوێ لە کۆیە,Azad Karim Mohammed,≤100,1
285304811625451,النائب حميد الشبلاوي,النائب حميد الشبلاوي,≤100,2
105916454238981,Rifaat smo rasho - رفعت سمو رشو,Rifaat Smo Rasho,≤100,20
106975121791878,اسود ابيض,عثمان حسن,≤100,2
113952387034280,کوتەک,Zhino Ali,≤100,4
330284551010571,Rp News - اذاعة الرأي العام,اذاعة الرأي العام,≤100,7
105797815161763,البروفيسور الدكتور حيدر محمد كاظم المطيري,البروفيسور الدكتور حيدر محمد كاظم المطيري,≤100,6
1460969987348989,نەوەی نوێ,نەوەی نوی,≤100,1
112159297197008,حكم العوائل,حكم العوائل,≤100,1
555756734791552,نيلز السياسة,نيلز السياسة,≤100,1
623034434825966,کار و چالاکیەکانی بەڕێز حاکم قادر حەمەجان,کار و چالاکیەکانی بەڕێز حاکم قادر حەمەجان,≤100,3
103891331906026,النائب حيدر طارق الشمخي الحسناوي,النائب حيدر طارق الشمخي الحسناوي,≤100,3
102310714635446,احمد الذواق,احمد منشد,≤100,1
102183228446985,البيت العراقي,Haider Alzubaidi,≤100,3
104738227873528,هيا بغداد - Haya Baghdad,هيا بغداد - Haya Baghdad,≤100,1
410955025598602,Harem Kamal Agha,Abdullah Hamad,≤100,6
1158783584183242,Grand House,Yasir Badr,≤100,2
103553848327129,الهيئة الوطنية العليا للمساءلة والعدالة,Harith Abed Ahmed,≤100,3
797704057015237,ساحة التحرير Tahrir Square,عثمان شمران,≤100,2
422107591268917,شروكي وافتخر,عثمان شمران,≤100,2
105097522488856,عمار الحمداني,These ads ran without a disclaimer,≤100,1
694690174059225,Ghalib M. Ali : غالب محمد علي,Ghalib M. Ali,≤100,2
203265660007239,الزعيم,الزعيم,≤100,1
100210256052830,Observer Iraq عراق اوبزيرفر,Observer Iraq عراق اوبزيرفر,≤100,3
507455680076672,البصرة-albasra,علي محمد اسماعيل,≤100,2
1674452819275320,دکتور مجيد حمدامين,Mohammed Majeed,≤100,7
153625384750967,Pawan Tatar,Pawan Tatar Tawfiq,≤100,9
100752309265231,اعلام الشيخ علي الشاهين الحديدي,Zaid N Al-zaro,≤100,2
100604402306920,البرنامج الوطني لمكافحة الفساد,هيثم سبتي الحمام,≤100,1
101638199426926,ثابت محمد العباسي,علي صفاء,≤100,30
390577224661893,النائب علي جاسم الحميداوي,النائب علي جاسم الحميداوي,≤100,6
103975731191844,حيدر العامري,حيدر العامري,≤100,13
1545570802147338,نەوەی نوێ ل دهۆکێ,NGM,≤100,1
101240248181094,Zaman زەمەن,zamenpress,≤100,5
109055414119865,مدرسة اجيال القمة الابتدائية الاهلية المختلطة,These ads ran without a disclaimer,≤100,1
122976602433408,ليث الدليمي - Layth Aldulaimi,ليث الدليمي - Layth Aldulaimi,≤100,1
101945115245041,حمله لزيارة العتبات المقدسة,These ads ran without a disclaimer,≤100,3
109245073995358,الحمزة علي السرهيد,الحمزة السرهيد,≤100,3
103315275578659,صقور تكريت,هيثم سبتي الحمام,≤100,1
104881440913933,یەکێتی لاوانی دیموکراتی کوردستان Kurdistan Democratic Youth Union,یەکێتی لاوانی دیموکراتی کوردستان Kurdistan Democratic Youth Union,≤100,12
108467105557054,15lg.uw.4l,These ads ran without a disclaimer,≤100,1
105892975326488,غريب التركماني - Ghareb AlTurkmani,غريب التركماني - Ghareb AlTurkmani,≤100,4
101957286018717,ضاربين news,jiball,≤100,3
138685182846445,Ganjani PDK گەنجانی پارتی دیموکراتی کوردستان,Ganjani PDK گەنجانی پارتی دیموکراتی کوردستان,≤100,10
122257339172377,حزب تقدم,حزب تقدم,≤100,1
112382894369078,درابين,درابين,≤100,3
111278801879417,النائب والناس,النائب والناس,≤100,5
101364871483717,Ahmed al-Azzawi - احمد العزاوي,Ibrahim Yousri,≤100,3
110514884994410,الواجهة +,الواجهة +,≤100,3
101102885457535,جهينة - Juhaina,جهينة - Juhaina,≤100,1
100253492433680,النائب ازهار حميد السدران,عطاالله سعد,≤100,1
101733565153197,Al maha power art,These ads ran without a disclaimer,≤100,1
103817829307317,dr.abdullatif.alamin,Abdullah Hamad,≤100,2
1346026248834683,مهرجان بابل للثقافات والفنون العالمية,Ommran AL-shalah,≤100,1
158472134326499,علي ثامر السرهيد,علي ثامر السرهيد,≤100,3
118647225487115,زلاطة عراقية,فهد محمد ابراهيم,≤100,2
110370205097618,VOK,These ads ran without a disclaimer,≤100,2
108188178530972,راڤە : Rava,NGM,≤100,1
122111094117255,Hawre Mala Star,فاضل جابر عبيس,≤100,2
100662932593098,الوسط 24,الوسط 24,≤100,1
150253531687373,أخبار الآن - Akhbar Al Aan,These ads ran without a disclaimer,≤100,3
100689028524274,على مودك,فهد محمد ابراهيم,≤100,2
1759874114075884,السيد صفوان بشير الجرجري,Ammar Saleh Ahmed,≤100,4
111521796893849,النائب ناظم فاهم الشبلي,النائب ناظم فاهم الشبلي,≤100,2
102923179410603,ميثم الصافي - Maetham Alsafi,همام صفاء الصالحي,≤100,3
536916006441728,النائبة ناهدة الدايني,Ahmed Saleh Hameed,≤100,8
104010552560152,zara_perfume_center99,These ads ran without a disclaimer,≤100,4
102583649483503,Rajab Z. Haris,Shahram Rajab Zobeir,≤100,1
106010525430496,دەرکراوان,دەرکراوان,≤100,2
735296983241519,معن السعدي,معن السعدي,≤100,1
108646317163010,Dr.Hawsar Muhammed : دکتۆر هاوسەر محمد,Assos Zand,≤100,3
103368631694686,اعلاميات العراق بلس,اعلاميات العراق بلس,≤100,1
105536401377041,النائب د.عدنان برهان الجحيشي,عمر مامون جهاد,≤100,4
322268718196390,مهيمن,عثمان حسن,≤100,1
101806099463581,صلاح زيني التميمي,محمد عبيد رشيد,≤100,2
109661825323206,الشيخ مريوان الهموندي,محمد طه محمد,≤100,3
103530487665500,نور الماجد,Noori Alaa,≤100,4
115512164752836,مجمع انوار المهدي للتقسيط,These ads ran without a disclaimer,≤100,1
176907776367332,شنو الأخبار؟,شنو الأخبار؟,≤100,1
168495975285668,Zabr::زەبر,These ads ran without a disclaimer,≤100,1
101306402595084,حكومة 56,jibo,≤100,2
102089949415693,جابر الحساني - رئيس الفريق الخدمي الحكومي,These ads ran without a disclaimer,≤100,1
102581416014304,واحد حكومة,واحد حكومة,≤100,2
104587435499434,Qaemqameati Qazay Dukan قائیمقامیەتی قەزای دوکان,Qaemqameati Qazay Dukan قائیمقامیەتی قەزای دوکان,≤100,2
101178325659533,مركز الرشيد Al-Rasheed Center,Ziyad Tariq,≤100,2
744796209310234,سيادة العراق - Sovereignty of Iraq,سيادة العراق - Sovereignty of Iraq,≤100,2
106995204835895,سوالف Plus,سوالف Plus,≤100,3
110452055224657,احنه بخدمتكم,احنه بخدمتكم,≤100,1
347831905702473,النائب علي سعدون اللامي,محمد كاظم جواد,≤100,1
219802530065948,سجاد سالم,سجاد سالم,≤100,2
106843945298535,الوكالة الادارية والمالية لوزارة الداخلية,Hassan Basim Mohammed,≤100,2
512997815381600,عميد سرحد,عميد سرحد,≤100,8
101548841984375,بغداد مودلز :: Baghdad Models,بغداد مودلز :: Baghdad Models,≤100,2
23669103348,واحد واسط,These ads ran without a disclaimer,≤100,1
109788947180507,Dr.Azad Mustafa Qader د.ئازاد مستەفا,Azad Mustafa Qader,≤100,3
1419723164933463,حسن توران Hasan Turan,These ads ran without a disclaimer,≤100,1
107058995324609,ساهی نیوز,ساهی نیوز,≤100,1
100310678385570,ساحة الفردوس,jiball,≤100,1
105066852137542,شەرام محمد حاجی محمود Sharam mohammed haji Mahmood,شەرام محمد حاجی محمود Sharam mohammed haji Mahmood,≤100,4
184622084982680,میرانی بنەماڵەی بابان,Mohammed Fateh Jameel Baban,≤100,5
103818472601629,Prs _ پرس,Prs _ پرس,≤100,7
774978426035468,العراق تاج راس ايران والسعودية,العراق تاج راس ايران والسعودية,≤100,1
473313836373293,هێما,Ahmed Luqman,≤100,2
102781365826423,هاوچەرخ,These ads ran without a disclaimer,≤100,6
753187288116117,Burhan Saeed Sofi - برهان سەعید صۆفی,Lhon F. Mohammed,≤100,6
101029612986710,حكومة اعمار,These ads ran without a disclaimer,≤100,1
102142568874786,شركة العهد للسلف والقروض,These ads ran without a disclaimer,≤100,7
575392822639354,محبي الرئيس محمد الحلبوسي,محبي الرئيس محمد الحلبوسي,≤100,2
306252253180397,Ban Private School,Ban Private School,≤100,3
111101165310305,شركة صدى الجنوب للمقاولات العامة,These ads ran without a disclaimer,≤100,3
669175646466200,Yonadam Kanna - يونادم كنا,Yonadam Kanna,≤100,2
234769750399695,ڕۆژی نوێ,NGM,≤100,1
100543192979697,ائتلاف النصر - كركوك,Ibrahim Yousri,≤100,6
100259398925618,نهال الشمري Nihal Alshammari,Amer Tharwat Flayyih,≤100,2
110799698632039,اعلام النائب كاظم الطوكي,باقر مجيد موحان,≤100,5
100189255136315,المكتب الاعلامي للاستاذ هيبت الحلبوسي,المكتب الاعلامي للاستاذ هيبت الحلبوسي,≤100,1
107350600709380,ابطال المطعم التركي,ابطال المطعم التركي,≤100,9
104636888409951,قصي الشمري,These ads ran without a disclaimer,≤100,1
105595621237050,عبدالقادر الدخيل,عبدالقادر الدخيل,≤100,2
102153412508246,الفاحص العراقي,jibal,≤100,2
1447878605441640,وزارة الدفاع العراقية,علي صفاء,≤100,15
350773505735543,فەوجی ۳٥ی تایبەتی کەرکووک,فەوجی ۳٥ی تایبەتی کەرکووک,≤100,7
566746627154981,فاضل جابر,فاضل جابر,≤100,4
114750314861746,ائتلاف دولة القانون مكتب كربلاء المقدسة,احمد على محسن,≤100,1
104350344238574,بصرة طويسة,عثمان شمران,≤100,1
107041055032949,أحمد ابو تراب,أحمد ابو تراب,≤100,1
107127051647626,سياسة عمبة,jibal,≤100,2
797704057015237,ساحة التحرير Tahrir Square,زيد محمد شيحان,≤100,1
1795551713998063,بغداديات,عثمان شمران,≤100,1
697726583750512,الخيمة - Alkhaima,زيد محمد شيحان,≤100,1
109593708385141,GK+,These ads ran without a disclaimer,≤100,3
102472529141242,رونگ سايد+,رونگ سايد+,≤100,2
1795551713998063,بغداديات,زيد محمد شيحان,≤100,1
100340135487490,قناة وطن -W.TV- البصرة,حسنين محمد,≤100,2
363666204290981,حراك النهروان للتظاهرات الشعبية,حراك النهروان للتظاهرات الشعبية,≤100,2
417289682210169,دجلة الخير,علي محمد اسماعيل,≤100,1
1335631479841334,Zhyan Media,Zhyan Media,≤100,5
112378684777484,قناة واحد نجف,ازهر رعد قاسم,≤100,5
101613467849937,بغداد ام الدنيا,Aymen Jawad,≤100,1
349699462393429,كركوك عراقية,Aymen Jawad,≤100,1
636385160104340,السماوة,Aymen Jawad,≤100,1
116449660261223,ارضة,فهد محمد ابراهيم,≤100,1
100165565937045,الجبهة التركمانية العراقية فرع بغداد / المكتب الاعلامي,These ads ran without a disclaimer,≤100,2
102220024489751,كلنا كركوك,كلنا كركوك,≤100,16
787829674567606,Asso Faraidoon Ali,Asso Faraidoon Ali,≤100,4
924680407566652,لقی١٩ی پارتی دیموکراتی کوردستان,لقی١٩ی پارتی دیموکراتی کوردستان,≤100,6
100335846306911,Mckinsey Business University - MBU,These ads ran without a disclaimer,≤100,2
109612741645987,رفيق الصالحي - Rafeeq Al.Salihi,رفيق هاشم,≤100,6
102998448375159,المكتب الاعلامي للنائب هيثم الزهوان,المكتب الاعلامي للنائب هيثم الزهوان,≤100,1
109622374025577,لؤي الياسري Louay Al-Yasiry,لؤي الياسري البو فريحه,≤100,2
110423768338288,تيتو كار للدوشمة الحديثة,These ads ran without a disclaimer,≤100,1
1645972105680162,لقى 10ـى پارتى: Lqi 10 PDK,Man Sour,≤100,2
117852130124997,أثير عبد الوهاب السامرائي,Taha Abdalkreem Altataree,≤100,3
102417915897018,mohammed__rashid_,These ads ran without a disclaimer,≤100,2
103066279424692,MPFT Conference,These ads ran without a disclaimer,≤100,1
101511858781335,النائب احمد مجيد الشرماني,النائب احمد مجيد الشرماني,≤100,2
112416568138364,Al Mashhad المشهد,These ads ran without a disclaimer,≤100,2
110220788089969,نعيدها  دولة/ نسري بها الى العلا/ نعيدها  دولة نرقى بها الى السماء,These ads ran without a disclaimer,≤100,1
112912131170418,طركاعة سودة,عثمان حسن,≤100,1
134944249875767,Salahaddin Mohammed Bahaaddin - صلاح الدين محمد بهاء الدين,kurdiu,≤100,4
102689802628257,مكتب النائب داود العيدان,مكتب النائب داود العيدان,≤100,1
868443043329068,ذكريات جيل الطيبين,These ads ran without a disclaimer,≤100,1
697726583750512,الخيمة - Alkhaima,عثمان شمران,≤100,1
130136833750497,IELTS Official,These ads ran without a disclaimer,≤100,1
112369241839755,الذكاء العراقي,These ads ran without a disclaimer,≤100,1
105422902310482,964عربي,These ads ran without a disclaimer,≤100,2
633721240064832,الاقتصاد نيوز  Economy News,economy news,≤100,2
104996658111073,المطلع,المطلع,≤100,4
100242432740414,منصة الرأي العام - Rpnews,الرأي العام,≤100,3
104712351082170,دەستەی گشتی ناوچە کوردستانییەکانی دەرەوەی ئیدارەی هەرێم,دەستەی گشتی ناوچە کوردستانییەکانی دەرەوەی ئیدارەی هەرێم,≤100,2
320087158680020,المفوضية العليا المستقلة للانتخابات / مكتب السليمانية,المفوضية العليا المستقلة للانتخابات / مكتب السليمانية,≤100,1
1645972105680162,لقى 10ـى پارتى: Lqi 10 PDK,لقى 10ـى پارتى: Lqi 10 PDK,≤100,7
101188889361939,ابواب,ابواب,≤100,1
105660452171210,مؤسسة خطى لرعاية رواد الصحافة والفن,مؤسسة خطى لرعاية رواد الصحافة والفن,≤100,10
107226535353641,الرقابة الشعبية في محافظة واسط,الرقابة الشعبية في محافظة واسط,≤100,4
105512825336789,سرسري للغاية,سرسري للغاية,≤100,2
100493126010974,"پـ ""زلمان"" HD",jibol,≤100,2
101373868899289,عتوي السياسة,jibal,≤100,2
1645579309026374,جاي خانة كرخ ورصافة,جاي خانة كرخ ورصافة,≤100,1
1672946869643307,مثنى علي مهدي التميمي,Yasir Badr,≤100,2
104574747604318,XOR - خۆر,Xorkurd.net,≤100,6
1450052161963707,بارزانـی پۆســــــت,بارزانـی پۆســــــت,≤100,2
106731608777296,DGK RADIO,DGK,≤100,12
690150857719925,الجمهورية.نت AlJumhuriya.net,These ads ran without a disclaimer,≤100,1
104197289330258,الاعلامية اسيل - Aseel,Mohammed Al-maliki,≤100,3
107938522281885,واحد نفط,These ads ran without a disclaimer,≤100,2
405379246524515,DHL Express,These ads ran without a disclaimer,≤100,2
248547585333443,قناة الغد Alghad TV,These ads ran without a disclaimer,≤100,2
100187869480092,Snurmedia_سنورمیدیا,Farhang Faraidun Ahmed,≤100,3
101648529001954,ناهبون,عثمان حسن,≤100,1
626981910705310,بەڕێوەبەرایەتی گشتی چاودێری و گەشەپێدانی کۆمەڵایەتی-ھەولێر,Ramyar Jawad Jalal,≤100,9
149721045092577,KirkukNow,KirkukNow Media Outlet,≤100,4
252998838135663,جمعية التعاون الخيرية Altaawn Charity Socety,جمعية التعاون الخيرية Altaawn Charity Socety,≤100,3
107630424128905,المحامي مظفر الكرخي,مصطفى حميد,≤100,2
111778104284578,عازل اسطح والرش الامريكي,These ads ran without a disclaimer,≤100,1
761489904006685,معهد العلمين للدراسات العليا,These ads ran without a disclaimer,≤100,3
100345701550079,بەڕێوەبەرایەتی گشتی ئاسایش/هەولێر - المديرية العامة للأسايش/أربيل,بەڕێوەبەرایەتی گشتی ئاسایش/هەولێر - المديرية العامة للأسايش/أربيل,≤100,3
103905312673385,يوميات كاسب,مصطفى جبار,≤100,3
100800451955444,ناوەندی باڵای چەمچەماڵ::یەكێتی لاوانی دیموكراتی كوردستان,ناوەندی باڵای چەمچەماڵ::یەكێتی لاوانی دیموكراتی كوردستان,≤100,4
286515212285047,البصرة برس _Basra Press,These ads ran without a disclaimer,≤100,1
100564593021158,عمارتنا,These ads ran without a disclaimer,≤100,1
122129594973640,برنامج الرحمه والانسانيه,رضا عبد الحسين,≤100,1
110009461536215,Mivan sofrasi,These ads ran without a disclaimer,≤100,1
242350143104027,تحالف النهج الوطني,تحالف النهج الوطني,≤100,1
104796269245377,ابو نؤاس,These ads ran without a disclaimer,≤100,1
100437088527453,احمد رشيد السلماني,احمد رشيد السلماني,≤100,1
1068661136534583,مقر حزب تقدم شمال بغداد التاجي,مقر حزب تقدم شمال بغداد التاجي,≤100,1
102016456216351,شركة واحة الشمال العالميه,These ads ran without a disclaimer,≤100,1
491650301257875,Bahjat Ali Ibraheem,Bahjat Ali Ibraheem,≤100,1
100927851906884,أخبار الساعة الأخيرة,أخبار الساعة الأخيرة,≤100,1
108498117726365,زيد الشهيب zaid Alshuhayab,زيد الشهيب zaid Alshuhayab,≤100,1
104321531052498,الانبار تجمعنا,بلال رافع,≤100,1
1497344650591244,عائشة المساري,عائشة المساري,≤100,1
102371298900645,أحمد الموسوي,حسين اسماعيل مبارك,≤100,1
109336871950198,ثناء الربيعي,ثناء الربيعي,≤100,2
231127301794,Xendan,Xendan,≤100,1
103824472707707,وسام رشيد Wissam Rashid,وسام رشيد,≤100,1
1410178875939831,وزارة الصناعة والمعادن العراقية,وزارة الصناعة والمعادن العراقية,≤100,1
104898988459559,الرابعة نت,jiball,≤100,1
110310857987268,عدنان الجابري - Adnan Aljaberi,عدنان الجابري,≤100,2
954189567953205,رعد الدهلكي,رعد الدهلكي,≤100,1
100189906189221,ابو نعال بلس,jiboallco,≤100,1
100949111717721,الفلوجة,بلال رافع,≤100,1
349451598410269,Ari Nanakali,Ari Nanakali,≤100,1
101536501602885,مەكتەبی كاروباری كۆمەڵایەتی و پێكهاتەكان,مەكتەبی كاروباری كۆمەڵایەتی و پێكهاتەكان,≤100,3
104591472533211,الحكومه الاصيله,الحكومه الاصيله,≤100,3
1872920402962055,جنة الأسعار للتسوق المنزلي الألكتروني,These ads ran without a disclaimer,≤100,1
110532431643964,مەڵبەندی۳ی هەولێر,Mohammed Majeed,≤100,6
355091924594408,Kirkuk Satellite Channel,مؤسسة كركوك الاعلامية,≤100,4
103568528490712,نازەنین محمد رحیم,نازەنین محمد رحیم,≤100,6
109819961976928,PUK Kakai General Office / نوسینگەی کاروباری کاکەیی ی.ن.ک,These ads ran without a disclaimer,≤100,4
105637642196777,24 كاتژمێر,These ads ran without a disclaimer,≤100,1
132126192341800,أنا البرلمان,Rewaq Center for Public Policy,≤100,1
102934172795404,واحد بصرة - Basrah one,Mohammed Al-maliki,≤100,3
105791002482783,هور,مصطفى جبار,≤100,2
108675888473715,المرصد,These ads ran without a disclaimer,≤100,1
109824048535089,المتجر الاوربي ③,These ads ran without a disclaimer,≤100,2
107545561164418,عراقيين,These ads ran without a disclaimer,≤100,1
109606491725697,المكتب الاعلامي للنائب مصطفى سند,المكتب الاعلامي للنائب مصطفى سند,≤100,1
104463955822852,dinez_for_shose,These ads ran without a disclaimer,≤100,1
106366465185486,لنبدأ بالشعب,حيدر كاظم,≤100,3
100600094630505,bahraindigitalart,These ads ran without a disclaimer,≤100,1
109246614711807,اوتار نيوز,شبكة أوتار,≤100,2
103589511795854,حركة نازل آخذ حقي الديمقراطية,زياد عبد الرضا مانع,≤100,1
101519172348478,شني هاي,عثمان حسن,≤100,1
103882108755287,حارة بحارتها,عثمان حسن,≤100,1
104004428998057,النائب عبد الهادي الحسناوي,علي محمد مطشر,≤100,1
299310027363262,صفحة تحشيش عراقي,صفحة تحشيش عراقي,≤100,7
103655511846996,کوێخا والی کوێخا کاکەوەیس-Kwexa Wali kwexa kaka ways,These ads ran without a disclaimer,≤100,1
108795692206179,حكومة السوداني,These ads ran without a disclaimer,≤100,3
111365915184813,عين على الخالدية,عين على الخالدية,≤100,1
476179919621255,Misbar - مسبار,These ads ran without a disclaimer,≤100,1
101834821974169,Salar Sarhad Khalifa  سالار لالە سەرحەد,These ads ran without a disclaimer,≤100,1
108974792195031,خليجي العمارة الثقافي,These ads ran without a disclaimer,≤100,5
270050570419629,جمعية نخيل البصرة,These ads ran without a disclaimer,≤100,1
105984437772729,صوت الموصل الحر,These ads ran without a disclaimer,≤100,1
101482199458829,Halwest News,These ads ran without a disclaimer,≤100,1
426686030786512,عين بغداد,فهد محمد ابراهيم,≤100,1
411891885531368,کێشەی خەڵک,Hawre Dalshad,≤100,1
927235873972094,بغداد,بغداد,≤100,2
104218978441483,دانوستكاری كورد,دانوستكاری كورد,≤100,1
348309966274624,براء النمر,براء النمر,≤100,1
105835761935325,حسين العوادي,These ads ran without a disclaimer,≤100,1
433892446759294,أمانة بغداد,أمانة بغداد,≤100,2
481497658651927,كليچة,فهد محمد ابراهيم,≤100,1
104736315837160,مجمع انوار الحرمين للتقسيط,These ads ran without a disclaimer,≤100,1
548577435509026,d&b audiotechnik,These ads ran without a disclaimer,≤100,1
114742141534348,قائمقاميەتى قەزای ناوەندی سۆران,Shahryar Ahmed Shareef,≤100,2
111158901828524,حيدر حسين الحمداني,These ads ran without a disclaimer,≤100,1
109268083793036,مكتب النائب ليث الدليمي /شمال بغداد,مكتب النائب ليث الدليمي /شمال بغداد,≤100,1
1001043516711828,Bashdar Hassan - بەشدار حەسەن,These ads ran without a disclaimer,≤100,3
111520831742991,حسين مؤنس - رئيس حركة حقوق,حسين مؤنس - رئيس حركة حقوق,≤100,2
113504954997496,ملتقى النبع الثقافي,These ads ran without a disclaimer,≤100,2
1028618717286488,شركة الوزير Alwazeer Company,These ads ran without a disclaimer,≤100,1
746716675439527,زامل الساعدي,These ads ran without a disclaimer,≤100,1
117679114616555,خن اخدمك,مصطفى جبار,≤100,3
112675444991226,وزير الفقراء,جميل خاتي محمد,≤100,1
102587495340235,alberk20,These ads ran without a disclaimer,≤100,1
109472954737245,النائب كريم حسين عليوي السراي,النائب كريم حسين عليوي السراي,≤100,1
101655231759542,iceflowerinblue,These ads ran without a disclaimer,≤100,1
102153744545989,Sarwat Halabjae,Sarwat Halabjae,≤100,2
113023953776628,GOM,These ads ran without a disclaimer,≤100,2
104377952661590,الوزير زوريل,These ads ran without a disclaimer,≤100,3
108461651740312,ZoneNews :: زۆن نیوز,These ads ran without a disclaimer,≤100,2
459312394177336,Maki City  - مجمع مكي السكني,These ads ran without a disclaimer,≤100,1
105498182278722,محبي عزيز ناصر,These ads ran without a disclaimer,≤100,1
1145999105540426,عوسمان كاروانى,Akam Ibrahim Rahim Rahim,≤100,3
102570761484258,Asharq Business اقتصاد الشرق,These ads ran without a disclaimer,≤100,2
103762795865790,هەوادارانی سیروان بارزانی,These ads ran without a disclaimer,≤100,1
1593768507337663,Infomed for Events,These ads ran without a disclaimer,≤100,1
1516038978644072,جوزيف صليوا Joseph Sylawa,These ads ran without a disclaimer,≤100,1
101762621591506,شيماء بغداد,These ads ran without a disclaimer,≤100,1
109249175151273,Dana Hamasharef - دانا حەمەشەریف,Dana Hamasharef - دانا حەمەشەریف,≤100,2
573643866661264,assal_emad,These ads ran without a disclaimer,≤100,1
1985170821783021,Havpaimany _ هەڤپەیمانی,Havpaimany _ هەڤپەیمانی,≤100,2
105465618537278,النائب دعاء كاظم العقابي,النائب دعاء كاظم العقابي,≤100,2
110296731781532,معهد النخب لتعليم قيادة السيارات والميكانيك,These ads ran without a disclaimer,≤100,1
112733697110756,قلب بغداد,قلب بغداد,≤100,1
328425427201312,Regay Kurdistan,These ads ran without a disclaimer,≤100,2
105657578097319,منطقة الشعب,حيدر كاظم,≤100,1
102031724849228,Alghad Foundation - مؤسسة الغد,alghad foundation,≤100,1
1488437067874302,وكالة عراق برس,jiball,≤100,1
103560758018367,بيبون,jmball,≤100,1
721595564641442,خان جغان,خان جغان,≤100,1
100471152287720,Kamal Agha,Kamal Agha,≤100,2
108901438786484,حركة سومريون,حيدر العامري,≤100,2
565225540184937,CGTN,These ads ran without a disclaimer,≤100,6
103031357931415,ئەنجومەنی ڕێکخراوە پیشەیی و جەماوەریەکانی یەکگرتوو,Atta Ahmad Ramadhan,≤100,2
100509996321616,وثيقة الشرف العراقية الموحدة,These ads ran without a disclaimer,≤100,1
102498564631055,Asharq News الشرق للأخبار,These ads ran without a disclaimer,≤100,2
110343165079789,قاف QAF,These ads ran without a disclaimer,≤100,2
111781448485533,فراس كيكي,These ads ran without a disclaimer,≤100,2
113453591693413,مكتب دار الانبار للعقار,These ads ran without a disclaimer,≤100,1
101211912775338,mewo.storee,These ads ran without a disclaimer,≤100,1
1756043428024341,Blind Ismail-بڵند ئیسماعیل,Blind Ismail-بڵند ئیسماعیل,≤100,1
112353635154094,انانا,مصطفى جبار,≤100,2
296763443861251,النائب طالب عبدالكريم المعماري,These ads ran without a disclaimer,≤100,1
106386238788103,Puk.Krd,These ads ran without a disclaimer,≤100,3
101544262671989,زرم كوت,These ads ran without a disclaimer,≤100,1
142329112477770,البنك الدولي,These ads ran without a disclaimer,≤100,8
629525073829111,صوت الغزالية,These ads ran without a disclaimer,≤100,1
112093071731556,سلبچة وبريج,These ads ran without a disclaimer,≤100,1
2726757257339962,Omed Majid Dawe,These ads ran without a disclaimer,≤100,1
242372453073512,كمال يلدو - اضواء على العراق,These ads ran without a disclaimer,≤100,1
480249535440470,جمهور النائب د حنان الفتلاوي,Ommran AL-shalah,≤100,1
103172575423396,تقارير بلس,JIBOALL,≤100,1
480249535440470,جمهور النائب د حنان الفتلاوي,جمهور النائب د حنان الفتلاوي,≤100,1
105386931741233,احمد سالم عزيز,These ads ran without a disclaimer,≤100,1
1896472183717412,Zagros عربية,zagrosnews,≤100,1
105227238443796,Sabah shekh habeeb : شێخ صباح مامۆستايان,Sabah Shekh Habeeb,≤100,1
108880651746489,Jaff Center سەنتەری جاف,Jaff Center سەنتەری جاف,≤100,1
100936064707022,الصفحة المركزية لمكتب سماحة الاب المربي الشيخ منتظر الخفاجي,These ads ran without a disclaimer,≤100,1
101205382403329,جبهة النضال الديمقراطي,Sadoon Shihab Ahmed,≤100,1
1846885662019347,الدكتور ماجد الوائلي,الدكتور ماجد الوائلي,≤100,1
115554734841386,6xozm,These ads ran without a disclaimer,≤100,1
775973705838923,Al-Kindi Academy اكاديمية الكندي للتعليم والتدريب والخدمات الجامعية,These ads ran without a disclaimer,≤100,1
106454898899001,رجل الاعمار,صالح محمد كامل,≤100,1
668701066598159,مجلس حكماء المسلمين,These ads ran without a disclaimer,≤100,4
104862068892647,byalriysh,These ads ran without a disclaimer,≤100,1
100173678362634,يردلي تحارب الفساد,These ads ran without a disclaimer,≤100,1
110343165079789,قاف QAF,قاف QAF,≤100,1
108979301985916,مع احمد الحلو,These ads ran without a disclaimer,≤100,1
147395431960673,من یەکێتی نیشتمانی کوردستانم,من یەکێتی نیشتمانی کوردستانم,≤100,5
1305092232847534,Hussein Khalnd,Dlgash Kurdi,≤100,1
133439963658698,U.S. Consulate General Erbil,These ads ran without a disclaimer,≤100,1
430393733989512,عامر المرشدي,نسرين عدنان فرحان,≤100,1
113534097177336,حسن عبدالي,These ads ran without a disclaimer,≤100,1
970705963115386,قایمقامیەتی قەزای مێرگەسۆر,These ads ran without a disclaimer,≤100,1
625146697550954,ناحیەی ڕزگاری,These ads ran without a disclaimer,≤100,1
893341464199643,مدينة العنبر - Amber City,مدينة العنبر - Amber City,≤100,2
105205852424580,القيم مستشارك التعليمي في تركيا,These ads ran without a disclaimer,≤100,1
113348814959988,روضة وحضانة الفهد الاهلية,These ads ran without a disclaimer,≤100,1
1410893852377853,Panorama media,These ads ran without a disclaimer,≤100,1
124368601003449,مجلة الحان,شبكة اوتار,≤100,1
103238195304449,صوتك وطن,صوتك وطن,≤100,3
104114729018274,ديوان قبيلة الهموند في كركوك,ديوان قبيلة الهموند في كركوك,≤100,1
179209656111915,مكتبة المنير,These ads ran without a disclaimer,≤100,1
105239245168999,النائب فاطمة عباس الحاوي,النائب فاطمة عباس الحاوي,≤100,1
102196428362269,nizar.razak,These ads ran without a disclaimer,≤100,1
100439988899663,عيادة الرازي التخصصية في بابل,These ads ran without a disclaimer,≤100,1
112505341804202,بيت شوب عراق,These ads ran without a disclaimer,≤100,1
101240248181094,Zaman زەمەن,These ads ran without a disclaimer,≤100,1
110312681100466,منظمة حلم,منظمة حلم,≤100,1
109340807993850,kutali__.saman,These ads ran without a disclaimer,≤100,1
800302463642527,د . أحمد رياض,د . أحمد رياض,≤100,1
884776111617418,اعلام قائمقامية خانقين/راگه یاندنی قایمقامیه تی خانه قین,Sadiq Latef,≤100,4
767896323550715,Sahl Surchy,سهل فائق حدي,≤100,1
104611282588647,تبسي,These ads ran without a disclaimer,≤100,1
184756315610239,لقا شنگال پ د ک,These ads ran without a disclaimer,≤100,1
107903861784389,واحد ذي قار - One Dhi Qar,These ads ran without a disclaimer,≤100,1
107582325664634,لیژنەی ناوچەی ئاسۆ-زانکۆ,These ads ran without a disclaimer,≤100,1
105066345732433,Mahir Eli,These ads ran without a disclaimer,≤100,1
113883105015740,ذا زلمة/Thezelma,These ads ran without a disclaimer,≤100,1
131354814221558,نەوەی نوێ لە قەڵادزێ,Seerwan Ghareeb Ahmed,≤100,1
119335771137687,Politic Press,These ads ran without a disclaimer,≤100,1
115052014874181,الاعلامي ماهر موحي -maher moih,الاعلامي ماهر موحي -maher moih,≤100,1
100869432866168,باس میدیا,These ads ran without a disclaimer,≤100,1
103689842679535,واحد عمل,واحد عمل,≤100,2
101444302967843,الحقوقي مروان حامد مطلك,حزب تقدم,≤100,2
657999251284426,الشيخ لطيف مصطفى الورشان الحديدي,Zaid N Al-zaro,≤100,1
103146452228469,مجموعة شركات الازهر للمقاولات,These ads ran without a disclaimer,≤100,3
110834371533351,Puk Leader,These ads ran without a disclaimer,≤100,2
1672946869643307,مثنى علي مهدي التميمي,مصطفى حميد,≤100,1
1866967606946947,إبراهيم كوريش - ibrahim Korish,These ads ran without a disclaimer,≤100,1
103903902679787,بغداد خانة,These ads ran without a disclaimer,≤100,1
1438879063054778,وزارة التربية الحدث,These ads ran without a disclaimer,≤100,1
146822482008281,DW عربية,These ads ran without a disclaimer,≤100,1
100927182865150,حكومة الخدمة,حكومة الخدمة,≤100,1
112822768451423,مشاريع الغربية,These ads ran without a disclaimer,≤100,1
572277613198000,Rwmal - ڕووماڵ,Rebin Hama Amin,≤100,3
103855421242452,ترند الانبار,ترند الانبار,≤100,1
115976964763124,حركة الجهاد والبناء البصرة -الاعلام المركزي,These ads ran without a disclaimer,≤100,1
102070706051705,Ali Mam Anwar,These ads ran without a disclaimer,≤100,1
333141140132864,China.org.cn,These ads ran without a disclaimer,≤100,1
1518647214870698,الأستاذ مبدر محمد دبعون معاون محافظ صلاح الدين,These ads ran without a disclaimer,≤100,1
113778808251791,ائتلاف دولة القانون / محافظة نينوى,عبد الرحمن الخالدي,≤100,2
103600982415348,جواد رحيم الساعدي,These ads ran without a disclaimer,≤100,2
112382134706423,أحلام اللامي - ahlam allami,These ads ran without a disclaimer,≤100,1
103075546041799,PDkمەکتەبا رێکخستنا پارێزگەها دهۆک,These ads ran without a disclaimer,≤100,1
107471465676126,المكتب الإعلامي لوزير الدفاع العراقي,علي صفاء,≤100,2
101816602823868,بەشی ڕێکخراوە جەماوەریی و پیشەییەکانی پ.د.ک,These ads ran without a disclaimer,≤100,1
110134013821354,داركا مازى - سۆرانی,Darka Mazi,≤100,1
424733244779035,KURD,Man Sour,≤100,3
106299050974752,مديرية شؤون الشهداء والجرحى/ وزارة الداخلية,These ads ran without a disclaimer,≤100,1
107042797443918,Mqdad Shekh Bahadin: مقداد شێخ  بەهادین,These ads ran without a disclaimer,≤100,1
336685566476873,كتلة دولة القانون,Muntadher Al-Jaberi,≤100,1
101527817865939,مديرية بلدية الاسكندرية وحدة الاعلام,These ads ran without a disclaimer,≤100,1
100463912101873,frederickanderson_designer,These ads ran without a disclaimer,≤100,1
102547066147748,مؤسسة جهاد الثقافية التعبوية,These ads ran without a disclaimer,≤100,2
111191998515015,الرياضة العراقية,These ads ran without a disclaimer,≤100,1
119125884473668,i_m90r,These ads ran without a disclaimer,≤100,1
111245981855357,الحاج ابو جعفر,These ads ran without a disclaimer,≤100,1
106538058622021,MAD Institute,These ads ran without a disclaimer,≤100,1
112608148468822,Ahmed Abd Rahman,These ads ran without a disclaimer,≤100,2
103020922762111,نافذة البصرة,نافذة البصرة,≤100,2
115467061424215,معمل الوزير للطابوق,These ads ran without a disclaimer,≤100,1
552540304934896,Mewda Media::: مەودا میدیا,These ads ran without a disclaimer,≤100,2
102448289430900,مركز مدار للسياسات والتنمية الديمقراطية - Madar Center,مركز مدار للسياسات والتنمية الديمقراطية - Madar Center,≤100,1
113813758369971,العراق الأجمل,Mohammed Rayshan,≤100,1
142171895961998,مؤسسة العين للرعاية الاجتماعية,These ads ran without a disclaimer,≤100,1
323775854638558,ميدان العراق  -  Iraq Midan,ازهر رعد قاسم,≤100,1
103623939368561,المنتفج,مصطفى جبار,≤100,1
109604544567918,tinahoseini,These ads ran without a disclaimer,≤100,1
104141605360313,Sanad - سند,These ads ran without a disclaimer,≤100,1
590762751405911,Prs  - پرس بادينى,Prs  - پرس بادينى,≤100,1
450900071907604,حسين خليل اسماعيل,These ads ran without a disclaimer,≤100,1
146822255731958,Fast Travel Games,These ads ran without a disclaimer,≤100,1
105721741295838,برنامج جملة مفيدة,These ads ran without a disclaimer,≤100,3
796471673830946,مكتب الفنون الهندسي,These ads ran without a disclaimer,≤100,1
104331445813468,HPIofficial,These ads ran without a disclaimer,≤100,1
193995954450904,من ديالى,علي سعد حسين,≤100,1
103216018232793,واحد انبار,واحد انبار,≤100,1
113887818288121,نرخی دۆلار,Shahryar Ahmed Shareef,≤100,1
107056885097062,سمير محمد الجبوري,These ads ran without a disclaimer,≤100,1
113740090263976,منبر جلولاء Platform Jalawla,These ads ran without a disclaimer,≤100,1
611804712222267,الياس الحسيني Elias Alhusseini,الياس الحسيني Elias Alhusseini,≤100,2
121858440821289,حكومتي تعمل - My Government Works,Baqer Kadhim Abed,≤100,2
105478198100750,ميزر ألصوفي_Maizar Alsofi,Abdullah Ahmed,≤100,1
1104904229686416,مەکتەبی ڕێکخراوە دیموکراتیەکان  Rekxrawakan PUK,These ads ran without a disclaimer,≤100,1
114742141534348,قائمقاميەتى قەزای ناوەندی سۆران,Shahram Rajab Zobeir,≤100,1
138941506134252,مكتب المحامي فائز الحلي,These ads ran without a disclaimer,≤100,1
147498885927213,ابراهيم القيسي- Ibrahim Al-Qaisi,ابراهيم القيسي- Ibrahim Al-Qaisi,≤100,1
105662867936063,موسوعة العراق الاخبارية,شهاب الصقر,≤100,1
396027547155533,بەڕێوەبەرایەتی گشتی كارەبای سلێمانی,These ads ran without a disclaimer,≤100,1
276600609370939,الجنوب نيوز,These ads ran without a disclaimer,≤100,1
198754696842958,Kurdistani Nwe,Kurdistani Nwe,≤100,1
1820788218240438,شبكة الجنوب العراقية,These ads ran without a disclaimer,≤100,1
104962098186381,Dr. Rahel Faraidoon,Krekar T. Abdullah,≤100,2
108085125297368,اعلام الأستاذ خالد الحلبوسي,These ads ran without a disclaimer,≤100,1
102237556148356,وجهة+,These ads ran without a disclaimer,≤100,1
101093798547044,Catherine Kontar,These ads ran without a disclaimer,≤100,1
110689158545567,زبالة نيوز,These ads ran without a disclaimer,≤100,1
452546814895122,پرۆفسۆر دكتۆر رعد رفعه محمد Professor Raad Rifaah Mohammed,These ads ran without a disclaimer,≤100,1
179958649082850,إعلام الأستاذ عمار علي الحمداني,These ads ran without a disclaimer,≤100,1
100305786295603,Shar Press +,These ads ran without a disclaimer,≤100,1
118150584539233,حركة النخبة الشبابية,سعد علي دامج,≤100,1
107361218100874,Dw Der - دوو دێر,These ads ran without a disclaimer,≤100,1
101720101436979,وكالة عين الراصدالاخبارية,These ads ran without a disclaimer,≤100,1
224597158386607,Rosa Luxemburg Foundation,These ads ran without a disclaimer,≤100,3
113698868373197,مطبعة ألف باء,These ads ran without a disclaimer,≤100,1
443291309100363,فريق المبارزة على الكراسي Iraqi fencing team,These ads ran without a disclaimer,≤100,1
103553848327129,الهيئة الوطنية العليا للمساءلة والعدالة,These ads ran without a disclaimer,≤100,1
105088028353509,Asharq Business Green اقتصاد الشرق بالأخضر,These ads ran without a disclaimer,≤100,1
105919418472669,Tele Iraq - تيلي عراق,These ads ran without a disclaimer,≤100,1
513924958967037,اعلام شعبة التجاوزات المركزيه في  الديوانية,These ads ran without a disclaimer,≤100,2
154680184946903,Superplastic,These ads ran without a disclaimer,≤100,1
110983368496889,منتسبي وزارة الداخلية حمله شهادات البكالوريوس للسنة 2021,These ads ran without a disclaimer,≤100,2
101360742199099,ألمهندس عبدالستار خضر ألحبو,These ads ran without a disclaimer,≤100,1
627849544506106,خلية الخبراء التكتيكية tactical cell,These ads ran without a disclaimer,≤100,2
584462848713978,Oliveira Labs,These ads ran without a disclaimer,≤100,2
127757937250301,German Information Centre Arab World - المركز الألماني للإعلام,These ads ran without a disclaimer,≤100,2
106317544674093,لایەنگرانی سەروان ھەرکی,These ads ran without a disclaimer,≤100,1
116338418108096,The millionaire,These ads ran without a disclaimer,≤100,1
17043549797,MIT Technology Review,These ads ran without a disclaimer,≤100,7
111355238121519,اسواق تبارك الحرية,These ads ran without a disclaimer,≤100,1
173258266192857,Fars Nauroli,These ads ran without a disclaimer,≤100,1
148693135213652,Peyamner - پەیامنێر,peyamner.net,≤100,1
109638461540907,ميسان المركز الاعلامي / المنطقة الشمالية,These ads ran without a disclaimer,≤100,1
110993001443459,بەشی ڕۆشنبیری و ڕاگەیاندنی پ.د.ك,These ads ran without a disclaimer,≤100,1
403883270390179,Najat Akram Harky,These ads ran without a disclaimer,≤100,2
119965487732850,شركة النور للخدمات الاوربية3,These ads ran without a disclaimer,≤100,1
116858084716087,ابو حسن للسلف,These ads ran without a disclaimer,≤100,1
106661191946976,Mero kargo / ميرو كروب للشحن الدولي,These ads ran without a disclaimer,≤100,1
100471152287720,Kamal Agha,These ads ran without a disclaimer,≤100,1
596682987134503,وزارة النقل العراقية,These ads ran without a disclaimer,≤100,1
106456782410206,altayarteam,These ads ran without a disclaimer,≤100,1
100768409667704,نشاطات وزير النفط في البصرة والجنوب,These ads ran without a disclaimer,≤100,2
1024550634287083,بەرێوەبەرایەتی گشتی ئەوقاف/سلێمانی,These ads ran without a disclaimer,≤100,1
117780771220090,ديالى تتكلم Diyala speaking,These ads ran without a disclaimer,≤100,1
109881121973007,مركز الكوثر للطب النووي,These ads ran without a disclaimer,≤100,1
240852000381023,Tele Iraq - تيلي عراق ميديا,These ads ran without a disclaimer,≤100,1
109906087214826,الشيخ عزيز الطرموز,These ads ran without a disclaimer,≤100,1
101942196066437,Hadeel Al-Saegh,These ads ran without a disclaimer,≤100,1
1100442810101640,بغداد الان,These ads ran without a disclaimer,≤100,1
107919328898100,Poet history99,These ads ran without a disclaimer,≤100,1
112188785139282,صلاح الدين بعيون أهلها,These ads ran without a disclaimer,≤100,1
108857775521176,علِي وطنن,These ads ran without a disclaimer,≤100,1
243713825764151,NoonPost نون بوست,These ads ran without a disclaimer,≤100,1
911926555620479,مركز الناصرية الخبري,These ads ran without a disclaimer,≤100,1
490138821420080,وكالة العراق الاخبارية,These ads ran without a disclaimer,≤100,1
2200139000274127,Top Speeder 2022,These ads ran without a disclaimer,≤100,2
2086443034962094,من العراق الحدث,These ads ran without a disclaimer,≤100,1
2272485479733990,Consulate General of China in Erbil,These ads ran without a disclaimer,≤100,1
105825207827288,Abwzed salih ابوزید ساڵح,Abwzed salih ابوزید ساڵح,≤100,1
383020058773004,الراصدة الإعلامية بنت العراق,These ads ran without a disclaimer,≤100,1
119593141083254,Zoom zoom,These ads ran without a disclaimer,≤100,1
131189377574,MDPI,These ads ran without a disclaimer,≤100,2
101907775761859,الشرق رياضة,These ads ran without a disclaimer,≤100,1
290560638024902,نقابة المحامين العراقيين,These ads ran without a disclaimer,≤100,1
100902935410766,زقاق الكتب,These ads ran without a disclaimer,≤100,1
103144478822242,Maro19891989,These ads ran without a disclaimer,≤100,1
110147345182271,مكتب مكافحة غسل الأموال وتمويل الإرهاب في العراق,These ads ran without a disclaimer,≤100,1
112771703883625,الساحة - alsaha,These ads ran without a disclaimer,≤100,1
101282722577923,پێگە نیوز,پێگە نیوز,≤100,1
168399380004580,Abn Sat قناة الارامية - الصفحة الرسمية,These ads ran without a disclaimer,≤100,1
101928745910388,شكۆی گەل,These ads ran without a disclaimer,≤100,1
107810431767723,وكالة صدئ الأعلام Sada News Agency,وكالة صدئ الأعلام Sada News Agency,≤100,1
108468558739728,عباس مراد,These ads ran without a disclaimer,≤100,1
108826375212489,قەپات,These ads ran without a disclaimer,≤100,1
354397697217,IEEE Xplore,These ads ran without a disclaimer,≤100,1
115413291459687,mezhunas,These ads ran without a disclaimer,≤100,1
216362671735506,المرصد—كوردی,These ads ran without a disclaimer,≤100,1
113008623868644,ی.ن.ك ناوەندی کاروباری یاسایی,These ads ran without a disclaimer,≤100,1
679569962375424,دلێر حەمە کەریم,These ads ran without a disclaimer,≤100,1
100450352844294,alnahraynorg,These ads ran without a disclaimer,≤100,1
28312410177,World Food Programme,These ads ran without a disclaimer,≤100,2
105093214922095,The National Impact,These ads ran without a disclaimer,≤100,1
102708061990212,تقدم,These ads ran without a disclaimer,≤100,1
156850176567,المجلة,These ads ran without a disclaimer,≤100,1
102998939765184,Persian bms,These ads ran without a disclaimer,≤100,1
298119276978177,ar.sweden.se,These ads ran without a disclaimer,≤100,1
105856849004820,lussso22,These ads ran without a disclaimer,≤100,1
1469752156670918,Youth China,These ads ran without a disclaimer,≤100,1
317453758347312,NEXT Press,These ads ran without a disclaimer,≤100,1
115140411450708,محمد الدعمي,These ads ran without a disclaimer,≤100,1
315543515306,Jing Daily,These ads ran without a disclaimer,≤100,1
108099872265541,kamalkarim3341,These ads ran without a disclaimer,≤100,1
152858888093521,NRT,These ads ran without a disclaimer,≤100,1
103067438121183,قضاء خانقين,These ads ran without a disclaimer,≤100,1
107288375500079,د. توفيق أچنص,These ads ran without a disclaimer,≤100,3
118968374473074,أجمل حكايه للإنتاج الفني,These ads ran without a disclaimer,≤100,5
2146569512307618,هموم الجيش العراقي والشرطة,These ads ran without a disclaimer,≤100,1
101713992913965,arab_i_me,These ads ran without a disclaimer,≤100,1
1242331072574166,ريبر روستم محمد علي,These ads ran without a disclaimer,≤100,1
139135276150828,عمار الحكيم,These ads ran without a disclaimer,≤100,1
325512501535779,İmdat S. Bilal - هيمداد صباح بلال,İmdat S. Bilal - هيمداد صباح بلال,≤100,1
107264668360734,Group pdk,These ads ran without a disclaimer,≤100,1
101392566188541,مكتب كركوك,These ads ran without a disclaimer,≤100,1
119282744462200,9.9.al,These ads ran without a disclaimer,≤100,1
108328448735459,مێژووناس,These ads ran without a disclaimer,≤100,1
306521246666748,Rawand Mala Mahmod,These ads ran without a disclaimer,≤100,1
106590861356158,ألشرطة الاتحادية,These ads ran without a disclaimer,≤100,1
100573645518179,المركز العراقي البريطاني للعقم واطفال الانابيب وتحديد جنس المولود,These ads ran without a disclaimer,≤100,1
107706102295108,Wire Tool,These ads ran without a disclaimer,≤100,2
108457230808693,Hitachi Cooling & Heating MEA,These ads ran without a disclaimer,≤100,2
159131048064794,Yakety Sandikakani Krekarani Kurdstan Lqi Slemani,These ads ran without a disclaimer,≤100,1
503553396489632,رەفعەت عەبدوڵا حەمەرەش / Rifaat Abdullah Hamarash,These ads ran without a disclaimer,≤100,1
113328637052240,زەرگەتە,These ads ran without a disclaimer,≤100,1
101358036245588,App Leap,These ads ran without a disclaimer,≤100,1
105242349213769,بنات صالح,These ads ran without a disclaimer,≤100,1
316496640057,7iber,These ads ran without a disclaimer,≤100,2
100172476278127,Easy Study,These ads ran without a disclaimer,≤100,1
109062828734912,Юридические услуги,These ads ran without a disclaimer,≤100,2
433892446759294,أمانة بغداد,These ads ran without a disclaimer,≤100,1
105962808801596,IZZY - Stream Israel,These ads ran without a disclaimer,≤100,3
106331474473738,Esport Mobile,These ads ran without a disclaimer,≤100,1
108625789179165,Soi Dog Foundation,These ads ran without a disclaimer,≤100,2
110756125171049,محمد ابزر,These ads ran without a disclaimer,≤100,1
418775708189870,Social Movement Technologies,These ads ran without a disclaimer,≤100,1
105639025839199,Aiko Energy,These ads ran without a disclaimer,≤100,1
533974930053676,سارة السهيل  صفحة,These ads ran without a disclaimer,≤100,1
103191549129515,arwa_book,These ads ran without a disclaimer,≤100,1
105095679055736,فساد شركات الصناعة العراقية,These ads ran without a disclaimer,≤100,1
139336407890,"StellarNet, Inc.",These ads ran without a disclaimer,≤100,1
104343402438985,وزير الجنوب,These ads ran without a disclaimer,≤100,1
108676387544306,باگونا,باگونا,≤100,1
771462172882741,OnePath Network,These ads ran without a disclaimer,≤100,1
109831251935707,خليل المقداد,These ads ran without a disclaimer,≤100,4
188872144758,CCTV,These ads ran without a disclaimer,≤100,1
350773505735543,فەوجی ۳٥ی تایبەتی کەرکووک,These ads ran without a disclaimer,≤100,1
138909281660772,وكالة الارصاد ألاخبارية News,وكالة الارصاد ألاخبارية News,≤100,1
338109312883186,China Xinhua News,These ads ran without a disclaimer,≤100,1
111163814076341,Al-Edrak Al-Handasy,These ads ran without a disclaimer,≤100,1
106954195245642,بلوم للمطابخ والديكورات - Blum kitchen,These ads ran without a disclaimer,≤100,1
563226870435533,Emirates Critical Care Conference,These ads ran without a disclaimer,≤100,1
116679401363112,Kelce Jam,These ads ran without a disclaimer,≤100,2
102768271307401,asi_morow,These ads ran without a disclaimer,≤100,1
103020922762111,نافذة البصرة,These ads ran without a disclaimer,≤100,1
106609741725098,البيان لخدمات الطلاب في مصر وتركيا,These ads ran without a disclaimer,≤100,1
494360487413444,يلا  Yalla,These ads ran without a disclaimer,≤100,1
820262131363591,Arabi21 - عربي21,These ads ran without a disclaimer,≤100,1
100201962968473,TuZ Khurmattu,These ads ran without a disclaimer,≤100,1
119288358266240,Sebar Media,These ads ran without a disclaimer,≤100,1
170727799648546,Rekxrawy shar رێكخراوی شار,These ads ran without a disclaimer,≤100,1
109733221887925,Prose - پڕۆسە,These ads ran without a disclaimer,≤100,1
927604320921869,Dr. Ali tg,These ads ran without a disclaimer,≤100,1
722256984867966,Raytheon Missiles & Defense,These ads ran without a disclaimer,≤100,1
106157461342918,Faisal M Aldhafeeri,These ads ran without a disclaimer,≤100,1
104970164613072,Asbab  أسباب,These ads ran without a disclaimer,≤100,1
100627269565872,حيّز,These ads ran without a disclaimer,≤100,1
102211979093712,EdHeroes,These ads ran without a disclaimer,≤100,1
1528620960522205,العراق خبر عاجل,These ads ran without a disclaimer,≤100,1
111227188495860,المهندس محمد المسعودي,These ads ran without a disclaimer,≤100,1
175846072821088,十方視角,These ads ran without a disclaimer,≤100,2
107847177821253,NOW الشرق,These ads ran without a disclaimer,≤100,1
152911794408024,__hn.1__,These ads ran without a disclaimer,≤100,1
105494315161744,talkdiplomacy,These ads ran without a disclaimer,≤100,9
306723920233552,Abdelhakim awad,These ads ran without a disclaimer,≤100,1
110225411684403,مكتبة إضاءات,These ads ran without a disclaimer,≤100,1
101054365776547,Charming Changzhou,These ads ran without a disclaimer,≤100,1
100413328754140,We Will Rank You podcast,These ads ran without a disclaimer,≤100,1
148522612405001,اخبار العراق نيوز,These ads ran without a disclaimer,≤100,1
110777885330100,هلا واسط,These ads ran without a disclaimer,≤100,1
117052698001766,First Wala,These ads ran without a disclaimer,≤100,1
45413563867,The Free and Equal Elections Foundation,These ads ran without a disclaimer,≤100,1
100374392742057,Weregreenly- Magazine,These ads ran without a disclaimer,≤100,37
119895072731710,الموندو - ilmondo,These ads ran without a disclaimer,≤100,1
605551452918051,انتيكا,These ads ran without a disclaimer,≤100,1
110980888642151,Twibbon April,These ads ran without a disclaimer,≤100,8
131664893560695,Origins OSU,These ads ran without a disclaimer,≤100,1
299227550122220,Radio Cina Internazionale,These ads ran without a disclaimer,≤100,2
102023009327901,Global Compassion Coalition,These ads ran without a disclaimer,≤100,3
500259383489171,Guidable,These ads ran without a disclaimer,≤100,1
102996459225041,pour.vous.iq,These ads ran without a disclaimer,≤100,1
100427526341454,Active active,These ads ran without a disclaimer,≤100,2
147691820754999,e_shwari,These ads ran without a disclaimer,≤100,1
1852398208401633,بغداد خبر عاجل,These ads ran without a disclaimer,≤100,1
100082986559771,صحيفة الاستقلال - العربية,These ads ran without a disclaimer,≤100,1
110107614960493,أحمد الشربتلي Ahmed Elsharbatly,These ads ran without a disclaimer,≤100,1
429957570419097,Professor Israel,These ads ran without a disclaimer,≤100,1
114589821232581,Clean Energist,These ads ran without a disclaimer,≤100,2
461895657190529,NHK WORLD-JAPAN,These ads ran without a disclaimer,≤100,1
1473321922884514,Chińskie Radio Międzynarodowe,These ads ran without a disclaimer,≤100,2
437085906711171,الأمل الجديد,These ads ran without a disclaimer,≤100,1
101020745713307,karrar.k.d,These ads ran without a disclaimer,≤100,1
1900301730287515,Noura Magazine,These ads ran without a disclaimer,≤100,1
117023901352521,the_alyanch,These ads ran without a disclaimer,≤100,2
430258463820053,International School of Ministry with Pastor Chris,These ads ran without a disclaimer,≤100,1
100223749713609,Gear-D,These ads ran without a disclaimer,≤100,1
1653877398034819,غياث توفيق برواري,These ads ran without a disclaimer,≤100,1
1576433752583418,ART TV Network,These ads ran without a disclaimer,≤100,1
520171088019503,Liforme,These ads ran without a disclaimer,≤100,1
255245098232272,Kawa Aban,These ads ran without a disclaimer,≤100,1
426799224176976,ActionAid,These ads ran without a disclaimer,≤100,1
103562941842084,Asharq Business Technology اقتصاد الشرق تكنولوجيا,These ads ran without a disclaimer,≤100,1
2480533842232920,POWERCHINA,These ads ran without a disclaimer,≤100,1
104517365928280,People's Daily Online Thai,These ads ran without a disclaimer,≤100,1
133945616646913,RioOnWatch.org,These ads ran without a disclaimer,≤100,1
471630090067510,دەنگێ گەل,These ads ran without a disclaimer,≤100,1
357444017777047,Bronson.men,These ads ran without a disclaimer,≤100,3
168508139975104,CRI Türkçe,These ads ran without a disclaimer,≤100,2
100281543065836,mutafawkeen,These ads ran without a disclaimer,≤100,1
156466741102918,Monty Mobile,These ads ran without a disclaimer,≤100,2
122125810793113,Gam Speeder,These ads ran without a disclaimer,≤100,1
103659765532260,華夏focus,These ads ran without a disclaimer,≤100,3
1155881051227404,AVIC INTL,These ads ran without a disclaimer,≤100,1
405199520209766,The Belt and Road News Network,These ads ran without a disclaimer,≤100,1
108807418502504,White Windmills on the Aegean Coast,These ads ran without a disclaimer,≤100,1
112757083778788,"Economic Daily, China",These ads ran without a disclaimer,≤100,1
1731607937148793,الجزيرة - التعليم الإلكتروني,These ads ran without a disclaimer,≤100,2
245204299494566,اقتدار وطن مكتب الديوانية,These ads ran without a disclaimer,≤100,1
107647258831836,Weregreenly- Magazine Page 3,These ads ran without a disclaimer,≤100,1
100912541413695,Más Impulso,These ads ran without a disclaimer,≤100,3
101179095098420,Zone Optimum Health,These ads ran without a disclaimer,≤100,1
101241435849797,Tot Reading,These ads ran without a disclaimer,≤100,1
114184975000819,Unexplained Beasts,These ads ran without a disclaimer,≤100,2
106573632404586,NYCrippyK,These ads ran without a disclaimer,≤100,1
116355337718182,Moli lulu,These ads ran without a disclaimer,≤100,4
111132794348779,That Happened,These ads ran without a disclaimer,≤100,2
110993941170214,ChidoBook,These ads ran without a disclaimer,≤100,1
110818941452003,Morehackz Stories,These ads ran without a disclaimer,≤100,3
101849728551147,Fun Break Central,These ads ran without a disclaimer,≤100,6
105436942223080,"Yixing, China's Pottery City",These ads ran without a disclaimer,≤100,2
142914269087072,Cornell Lab of Ornithology,These ads ran without a disclaimer,≤100,1
108148958352704,Travelers Spot,These ads ran without a disclaimer,≤100,1
155438574470276,DW українською,These ads ran without a disclaimer,≤100,2
683824491761132,Pratilipi Malayalam - പ്രതിലിപി മലയാളം,These ads ran without a disclaimer,≤100,1
106763262211682,Idriss Adoum Idriss,These ads ran without a disclaimer,≤100,1
95775573753,Frontiers,These ads ran without a disclaimer,≤100,1
124109327256894,Dra. Ângela Pistão,These ads ran without a disclaimer,≤100,2
113435683445618,beyond_the_ideas,These ads ran without a disclaimer,≤100,1
983135718420987,Visit Jiangsu,These ads ran without a disclaimer,≤100,1
618086438391102,Taiwan in the EU and Belgium,These ads ran without a disclaimer,≤100,1
114377231459289,Dr. Ruth Lopes & SergiMedics AB,These ads ran without a disclaimer,≤100,1
110205288650447,حركة البشائر مكتب ذي قار,These ads ran without a disclaimer,≤100,1
101404409466744,Belnestore Sustentable,These ads ran without a disclaimer,≤100,1
103213472298380,الأمـصـار-Al Amsar,These ads ran without a disclaimer,≤100,1
208338536239798,This Is Beijing,These ads ran without a disclaimer,≤100,1
113067177682259,PMD - Dogs is my  world,These ads ran without a disclaimer,≤100,2
177038507744304,ParentzTalk - Newborns,These ads ran without a disclaimer,≤100,1
137223326998592,Ashleyjtoddblog,These ads ran without a disclaimer,≤100,1
106931698352366,Materials MDPI,These ads ran without a disclaimer,≤100,1
881675718576355,VIP Diffusion Presse,These ads ran without a disclaimer,≤100,3
821430017924241,Sungrow,These ads ran without a disclaimer,≤100,1
75608370019,United States Institute of Peace,These ads ran without a disclaimer,≤100,1
345840486219924,Energy China,These ads ran without a disclaimer,≤100,1
106540078687090,Curiosity Mind,These ads ran without a disclaimer,≤100,1
152125264826246,Wilo Group,These ads ran without a disclaimer,≤100,1
118592938221174,ZTE Corporation,These ads ran without a disclaimer,≤100,1
103172549436914,Noticias del mundo todos los días,These ads ran without a disclaimer,≤100,1
137775936298821,HoneyTrek,These ads ran without a disclaimer,≤100,1
567727783246651,فضل عرابي,These ads ran without a disclaimer,≤100,1
105039417804164,IZZY - Stream Israel,These ads ran without a disclaimer,≤100,1
101289218907718,Web News,These ads ran without a disclaimer,≤100,1
279870685422915,Eviance,These ads ran without a disclaimer,≤100,1
343786409509707,The East Gate,These ads ran without a disclaimer,≤100,4
104646717812795,IOMRD Deutschland المنظمة العراقية لحقوق الإنسان في ألمانيا,These ads ran without a disclaimer,≤100,1
156279764411149,Times Higher Education,These ads ran without a disclaimer,≤100,1
109926928389181,Gabriel Nunes,These ads ran without a disclaimer,≤100,3
126029320398351,LP-N,These ads ran without a disclaimer,≤100,1
113205131621824,WorldOrder.News,These ads ran without a disclaimer,≤100,1
107090655697037,psmaalsoud,These ads ran without a disclaimer,≤100,1
101138836304674,Dave Sharpe,These ads ran without a disclaimer,≤100,1
131120497038856,د.احمد الشمري Dr.Ahmed Al-Shamari,These ads ran without a disclaimer,≤100,1
100960082205245,More Hackz - the 1000 page,These ads ran without a disclaimer,≤100,2
320948257943554,Бостонский Кругозор,These ads ran without a disclaimer,≤100,1
112071155023896,Harper's Bazaar France,These ads ran without a disclaimer,≤100,1
111183655221163,Ari Nanakali - ئاری نانەکەلی,These ads ran without a disclaimer,≤100,1
311311496161529,بۆردی پەیوەندیيەكانی دەرەوە - یەكێتیی نیشتمانیی كوردستان,بۆردی پەیوەندیيەكانی دەرەوە - یەكێتیی نیشتمانیی كوردستان,≤100,1
178117386051353,SunContract,These ads ran without a disclaimer,≤100,1
187766727949541,Deportivo Alavés,These ads ran without a disclaimer,≤100,7
109036555449915,Slenergy,These ads ran without a disclaimer,≤100,1
104099512361482,Funnies Now - Magazine,These ads ran without a disclaimer,≤100,1
150830641743673,Tomplay,These ads ran without a disclaimer,≤100,1
115138161487991,Surf Proxy,These ads ran without a disclaimer,≤100,1
320764908366958,诛仙-中国第一仙侠手游,These ads ran without a disclaimer,≤100,1
604722406392945,Stagings Travel Design,These ads ran without a disclaimer,≤100,1
103997142547258,和合文化全球论坛 Hehe Culture Global Forum,These ads ran without a disclaimer,≤100,1
106315305777404,Rafa Alatorre,These ads ran without a disclaimer,≤100,1
108558068531422,Smart doc magazin,These ads ran without a disclaimer,≤100,1
104593458269168,Your Daily Fun Break,These ads ran without a disclaimer,≤100,4
102623776002357,Funnies Now - Magazine Page 2,These ads ran without a disclaimer,≤100,1
648300648698719,الإعلامي عاطف عبد اللطيف,These ads ran without a disclaimer,≤100,1
107130245691025,Daily Gifts 24H,These ads ran without a disclaimer,≤100,1
104286589158795,Hussein Anwar,These ads ran without a disclaimer,≤100,1
118562497812908,People's Daily Online_BM,These ads ran without a disclaimer,≤100,1
19740928752,World Animal Protection,These ads ran without a disclaimer,≤100,4
102491502776287,Nancy Proxy,These ads ran without a disclaimer,≤100,1
172348652806226,DEKRA,These ads ran without a disclaimer,≤100,1
79511407410,Mercedes-AMG Petronas F1 Team,These ads ran without a disclaimer,≤100,1
250604845419727,عراقيين وبس - Iraqeen W Bas,عراقيين وبس - Iraqeen W Bas,≤100,1
106057958885632,docbotic,These ads ran without a disclaimer,≤100,3
148788988477345,The National,These ads ran without a disclaimer,≤100,1
150793518281117,Covestro,These ads ran without a disclaimer,≤100,1
134331253305084,ITI International Team for Implantology,These ads ran without a disclaimer,≤100,1
161666143844859,Sandvik,These ads ran without a disclaimer,≤100,1
47815171686,Banyan Tree Hotels & Resorts,These ads ran without a disclaimer,≤100,1
106495002056499,McKinsey Electronics,These ads ran without a disclaimer,≤100,1
117039841320523,Big Pink Youth Dialogue,These ads ran without a disclaimer,≤100,2
118879234518909,Voice Casio Pro,These ads ran without a disclaimer,≤100,1
105812535829655,Get-11,These ads ran without a disclaimer,≤100,1
111542721915368,Naturalmente bella,These ads ran without a disclaimer,≤100,1
120223804387904,dailypositivityboost,These ads ran without a disclaimer,≤100,3
1220664628029647,Vets United programme,These ads ran without a disclaimer,≤100,1
1589154051350606,FOZ - Friends of Zion Museum,These ads ran without a disclaimer,≤100,1
8428544759,Six Degrees Records,These ads ran without a disclaimer,≤100,2
101493902773017,SPIC-Turkey,These ads ran without a disclaimer,≤100,1
329657520419653,FxGrow,These ads ran without a disclaimer,≤100,1
141271779363886,Christian Harfouche,These ads ran without a disclaimer,≤100,1
399754700104901,The CEO Magazine,These ads ran without a disclaimer,≤100,1
1000222293436605,Fanack.com عربي,These ads ran without a disclaimer,≤100,1
31292782350,Deutschland.de,These ads ran without a disclaimer,≤100,4
111699798204420,Com Stories,These ads ran without a disclaimer,≤100,1
102922639197722,قەڵەم فرۆش,These ads ran without a disclaimer,≤100,1
94199711897,Hábitat para la Humanidad,These ads ran without a disclaimer,≤100,1
108026281957828,هنا,These ads ran without a disclaimer,≤100,1
105686442303512,CTGI,These ads ran without a disclaimer,≤100,1
117535327979272,Get-10,These ads ran without a disclaimer,≤100,1
112994818439099,Alejandro Martinez,These ads ran without a disclaimer,≤100,1
285530825204,Klitschko,These ads ran without a disclaimer,≤100,5
984203991753488,Research Outreach,These ads ran without a disclaimer,≤100,1
1807507359273674,West African Tax Administration Forum,These ads ran without a disclaimer,≤100,1
105958935270880,Ignitation DNA Motivation,These ads ran without a disclaimer,≤100,5
117697811288537,Super Master,These ads ran without a disclaimer,≤100,1
113558805046270,Tanea Medeiros,These ads ran without a disclaimer,≤100,1
102262146179303,Group Grass,These ads ran without a disclaimer,≤100,1
101853479470366,Weregreenly,These ads ran without a disclaimer,≤100,3
13477887709,New Tactics in Human Rights,These ads ran without a disclaimer,≤100,1
100133042448587,Sneaker Toast Magazine,These ads ran without a disclaimer,≤100,1
220898724599599,Ação da Cidadania,These ads ran without a disclaimer,≤100,1
102415047928145,Shanghai Electric,These ads ran without a disclaimer,≤100,4
108061471650955,SoluTec,These ads ran without a disclaimer,≤100,5
105963665254430,魅力台州 Charm of Taizhou,These ads ran without a disclaimer,≤100,1
105130779087864,Antony Hylton,These ads ran without a disclaimer,≤100,1
106839211891183,SATAS International,These ads ran without a disclaimer,≤100,1
1883003128429295,Queer Majority,These ads ran without a disclaimer,≤100,2
110099331940978,More Hackz - MediaSmarter,These ads ran without a disclaimer,≤100,1
1390036711314545,محمد ناصر علي,These ads ran without a disclaimer,≤100,1
1673669186277733,Freeda,These ads ran without a disclaimer,≤100,1
173254003362613,WE ARE CHINA,These ads ran without a disclaimer,≤100,1
1834313933459789,BBC StoryWorks,These ads ran without a disclaimer,≤100,1
100486698765192,Money & Investing,These ads ran without a disclaimer,≤100,1
125540182400469,The Daily Resource,These ads ran without a disclaimer,≤100,1
100430122967931,Celebrity Buda,These ads ran without a disclaimer,≤100,1
475778355919914,BB - Best Bios,These ads ran without a disclaimer,≤100,1
104200261930213,Zakho Police پۆلیسێن زاخۆ,These ads ran without a disclaimer,≤100,1
250305668489402,Professor Kenny,These ads ran without a disclaimer,≤100,2