Page ID,Page name,Disclaimer,Amount spent (NZD),Number of ads in Library
111699101849124,Ōu Huatau Hauora | Your Views On Health,Ministry of Health,36662,350
337477311451,New Zealand Labour Party,NZ Parliamentary Service on behalf of New Zealand Labour Party,34536,77
11870725774,Greenpeace Aotearoa,Greenpeace NZ,29874,52
183355881680015,New Zealand National Party,New Zealand National Party,27102,462
106194579030381,Doctors Without Borders / Médecins Sans Frontières NZ,Doctors Without Borders / Médecins Sans Frontières NZ,26308,31
213708008642996,Pink Shirt Day Aotearoa,Mental Health Foundation of New Zealand,23579,91
92043134118,ACT,the Parliamentary Service on behalf of ACT New Zealand,19535,58
173912362663564,Electoral Commission NZ,Electoral Commission NZ,18029,13
116362033529,Amnesty International Aotearoa New Zealand,Amnesty International Aotearoa New Zealand,17062,24
37547788323,UNICEF Aotearoa,UNICEF Aotearoa,15020,120
1671535913101759,Entrust,Entrust New Zealand,13419,35
103294052679561,Kiwis Backing Farmers,Beef + Lamb NZ,9168,73
101127282332652,Mindthegap.nz,Mindthegap.nz,7358,7
92043134118,ACT,ACT,7290,24
376006035816016,Storyworth,These ads ran without a disclaimer,5718,5
175954932952,WWF New Zealand,WWF New Zealand,5596,13
19648092895,Tearfund New Zealand,Tearfund New Zealand,5067,38
200480966638039,Supremacy 1914,These ads ran without a disclaimer,4852,2
165702023478421,Family First New Zealand,Family First New Zealand,3956,3
117930708298273,Hamilton City Council,Hamilton City Council,3708,14
110910531830985,David MacLeod for New Plymouth,"David MacLeod, National Party Candidate for the New Plymouth Electorate",3341,16
154331724631584,David Seymour,the Parliamentary Service on behalf of ACT New Zealand,2802,12
110909661534199,The Common Room NZ,The Common Room NZ,2635,11
121956660842544,Grant McCallum for Northland,New Zealand National Party (Northland Electorate),2174,12
185590638873,NZHL Home Loans / Insurance,NZHL Home Loans / Insurance,2147,18
175465665824008,Queenstown NZ,Queenstown NZ,2130,32
371913763842,Te Kāhui Tika Tangata Human Rights Commission,Te Kāhui Tika Tangata Human Rights Commission,1761,4
100272638114473,Tim Costley,Ōtaki National Party,1554,5
110444822368666,Ōtara-Papatoetoe Local Board,Auckland Council,1500,2
196967540964595,Mindful Money,Mindful Money,1477,14
451907931984042,Speak Up For Women NZ,Speak Up For Women NZ,1388,7
105534772373969,NZ News Essentials,NZ News Essentials,1274,6
363940644005754,Shanan Halbert- MP for Northcote,NZ Parliamentary Service on behalf of Shanan Halbert MP,1168,3
133758444883,Palmerston North City Council,Palmerston North City Council,1102,8
117997265415910,James McDowall MP,the Parliamentary Service on behalf of ACT New Zealand,1052,3
1573441899601646,Hismile,These ads ran without a disclaimer,1010,5
123674487757196,New Zealand Nurses Organisation - NZNO,New Zealand Nurses Organisation - NZNO,962,4
100432998389927,Karen Chhour MP,ACT,925,6
147902845293390,New Zealander of the Year Awards,New Zealander of the Year Awards,907,28
689146908145006,Free Speech Union,Free Speech Union,823,17
667708756580711,Matt Doocey MP,Parliamentary Service,822,4
1966234280281774,Brooke van Velden MP,ACT,816,4
109145321007464,Groundswell NZ,Groundswell NZ,800,16
110186134060806,Fairness in Focus,Medicines New Zealand,733,28
1846207688941551,Ministry for the Environment,Ministry for the Environment,700,9
1281262645251755,Hobson's Pledge,Hobson's Pledge,688,6
1382593808665877,Manawatū District Council,Manawatū District Council,573,2
10779081371,Green Party of Aotearoa New Zealand,The NZ Parliamentary Service on behalf of the Green Party,566,4
1966234280281774,Brooke van Velden MP,the Parliamentary Service on behalf of ACT New Zealand,557,2
102354862041584,"It's time, Canterbury",Environment Canterbury,545,2
424806334290059,New Zealand Taxpayers' Union,New Zealand Taxpayers' Union,528,14
106048067797362,Sweat with Pride,These ads ran without a disclaimer,521,8
23625700722,Oxfam,Oxfam Aotearoa,517,3
127922087253478,Dunedin City Council,Dunedin City Council,517,12
305655596286980,Paul Goldsmith,NZ Parliamentary Service on behalf of Paul Goldsmith MP,470,11
203463489667720,Western Bay of Plenty District Council,Western Bay of Plenty District Council,467,5
282174425155343,Rotorua Lakes Council,Rotorua Lakes Council,463,14
111518076963780,Nicola Grigg MP,Parliamentary Services NZ on behalf of Nicola Grigg MP,447,4
451936698281378,Cancer Society of Otago & Southland,Cancer Society Otago & Southland Division,436,10
101828332517373,National Zakat Foundation New Zealand,National Zakat Foundation New Zealand,411,7
100432998389927,Karen Chhour MP,the Parliamentary Service on behalf of ACT New Zealand,409,5
104174354363267,Christopher Luxon,New Zealand National Party,406,9
209221986221719,Nicola Willis MP,Parliamentary Service on behalf of Nicola Willis MP,400,1
201340000036663,Ashburton District Council,Ashburton District Council,371,18
1219528811471643,Ricardo Menéndez March MP,The NZ Parliamentary Service on behalf of Ricardo Menendez March MP,359,3
108016085429117,The Climate Action Conference,Dylan Yash Chand,354,4
114569918196150,Barbie's Bill,Pead,350,2
448287635297180,Otago Regional Council,Otago Regional Council,341,1
150683774979628,Auckland Council,These ads ran without a disclaimer,340,3
125292411482862,New Zealand Ministry of Foreign Affairs and Trade,New Zealand Ministry of Foreign Affairs and Trade,337,3
103549809343092,Miles Anderson for Waitaki,Miles Anderson for Waitaki,326,7
110974094005509,Nicole McKee MP,the Parliamentary Service on behalf of ACT New Zealand,315,3
102500959802535,World Vision New Zealand,World Vision New Zealand,305,6
417859725433,SAFE,Save Animals From Exploitation Incorperated,300,1
106952008971755,Catherine Wedd for Tukituki,Catherine Wedd for Tukituki,300,3
148662045166231,Bay of Plenty Regional Council,Bay of Plenty Regional Council,297,1
564453323744421,TOP - The Opportunities Party,TOP - The Opportunities Party,285,4
108625789179165,Soi Dog Foundation,These ads ran without a disclaimer,280,4
282915761783958,Food Revolution Network,These ads ran without a disclaimer,260,4
109190088664909,Hamish Campbell for Ilam,Hamish Campbell for Ilam,256,3
182047568518433,Phil Twyford,NZ Parliamentary Service on behalf of Phil Twyford MP,250,2
116840435045124,Napier City Council - Te Kaunihera o Ahuriri,Napier City Council,250,5
74410368422,Mental Health Foundation of New Zealand,Mental Health Foundation,250,1
134871109877812,Save the Children New Zealand,Save the Children New Zealand,246,4
128872083791896,Greater Wellington,Greater Wellington,233,11
100113565101028,Vanushi Walters MP,NZ Parliamentary Service on behalf of Vanushi Walters MP,224,8
100696438234003,Dale Stephens for Christchurch Central,Dale Aotea Stephens,213,3
102358139058478,freedom ed,These ads ran without a disclaimer,206,1
109866061609836,She Evolves Community,These ads ran without a disclaimer,196,1
700679639984258,Kāpiti Coast District Council,Kāpiti Coast District Council,188,8
123093944890778,Re: News,Re:,188,1
105681068874945,Ag Matters,New Zealand Agricultural Greenhouse Gas Research Centre,186,6
53006574820,ChildFund New Zealand,ChildFund New Zealand,180,9
112431991697294,Animal Justice Party Aotearoa NZ,Animal Justice Party Aotearoa NZ,180,4
104411054853609,Mark Cameron - ACT List MP,the Parliamentary Service on behalf of ACT New Zealand,175,2
775691805839970,The North Face - Australia & New Zealand,These ads ran without a disclaimer,173,1
203953359629611,Voice For Life,Voice for Life,160,4
114731636915763,Simon Court MP,the Parliamentary Service on behalf of ACT New Zealand,157,1
341865911020,ASB Bank,ASB Bank Ltd,156,1
102887312771425,Greg Fleming,Greg Fleming for Maungakiekie,153,9
102690508206877,Chris Baillie MP,the Parliamentary Service on behalf of ACT New Zealand,141,1
109439615316279,Just Say No,Just Say No,141,1
1088303101302720,Rhian Brewster,These ads ran without a disclaimer,140,4
454557294670525,BayBuzz,BayBuzz,133,7
346186225761296,Erica Stanford MP,Erica Stanford MP,132,4
1609645495950424,James Shaw,The NZ Parliamentary Service on behalf of the Green Party,132,1
127589037428134,Aviva - live free from violence,These ads ran without a disclaimer,130,2
116450041373720,Siva Kilari for Manurewa,Manurewa National Party,127,8
107441082151991,Wood - Our Low Carbon Future,These ads ran without a disclaimer,123,5
131794723563889,Radio Tarana,These ads ran without a disclaimer,122,3
171901233444420,Mel Courtney - Nelson City Councillor,Mel Courtney,120,6
137540437632,Forest & Bird,Forest & Bird,119,2
149519831907669,Raf Manji,The Opportunities Party,115,6
798130953571853,ArchiPro,These ads ran without a disclaimer,114,1
672791222737061,Knobby,These ads ran without a disclaimer,114,10
279272708771892,Schneider Electric,Schneider Electric,113,5
771462172882741,OnePath Network,These ads ran without a disclaimer,112,4
103503756036187,Housing Survey: Residential Choices and Constraints,The University of Waikato,107,7
400156203709384,Culture Kicks,These ads ran without a disclaimer,107,1
111961788300105,Melissa White Candidate Arrowtown-Kawarau Ward QLDC By-Election 2023,Melissa White,105,1
641351882638282,Squirrel Financial Services,Squirrel Financial Services,103,3
182564675177680,Wellington City Council,Wellington City Council,103,2
623394081159965,Te Pou Theatre,Te Pou Theatre,≤100,2
269047933236930,Horowhenua District Council,Horowhenua District Council,≤100,1
107151618638336,Saving Rotorua,Saving Rotorua,≤100,2
520830134704591,National Centre for Research on Europe,Cashias Gumbo,≤100,3
109882599038063,Queenstown Lakes District Council,Queenstown Lakes District Council,≤100,4
110077017479600,One Sun in the Sky,Ewen Frank Mcqueen,≤100,4
104501819255827,Vanessa Weenink for Banks Peninsula,Vanessa Weenink for Banks Peninsula,≤100,3
134897166534680,The Fred Hollows Foundation NZ,These ads ran without a disclaimer,≤100,14
704246323260758,New Zealand Certified Builders Association,New Zealand Certified Builders Association,≤100,2
403868133556427,Palestine Solidarity Network Aotearoa - PSNA,Palestine Solidarity Network Aotearoa,≤100,2
496655723873862,NZI,These ads ran without a disclaimer,≤100,1
224272831430679,Voice for Life Dunedin,Voice for Life Dunedin,≤100,3
103403094634162,Ethan Reille for Waitaki,Ethan Mark Reille,≤100,5
1392171064360345,Iepj-Cañete,These ads ran without a disclaimer,≤100,2
110725517909213,Future Sure,These ads ran without a disclaimer,≤100,2
145369805524033,HELP: Auckland,These ads ran without a disclaimer,≤100,1
600749256636478,Tauranga City Council,Tauranga City Council,≤100,4
1591672150854791,The Doctors NZ,Green Cross Health,≤100,2
101075384957757,Penny Simmonds MP,Penny Simmonds MP,≤100,2
39020697087,Auckland Property Investors' Association,These ads ran without a disclaimer,≤100,2
100278988277160,Simon Watts MP for North Shore,Parliamentary Service on behalf of Simon Watts MP,≤100,8
102664202563883,Councillor Mark Arnott,Mark Arnott,≤100,2
160855903938854,Megan Woods - MP for Wigram,Megan Woods,≤100,2
553328661702009,Employment New Zealand,These ads ran without a disclaimer,≤100,12
110853898609831,They Save We Pay,Dunedin City Council,≤100,1
206932501046,Habitat for Humanity New Zealand,Habitat for Humanity New Zealand,≤100,4
224306544250684,Generation Zero,Generation Zero,≤100,2
133987533297974,Metro Magazine NZ,Metro Magazine,≤100,1
104137689061268,Point of Order,Point of Order,≤100,1
166416393373850,Diversity Works NZ,These ads ran without a disclaimer,≤100,1
100354618899524,PMN Rotuma,These ads ran without a disclaimer,≤100,1
123375421154267,Duncan Webb Labour MP for Christchurch Central,NZ Parliamentary Service on behalf of Duncan Webb MP,≤100,1
7783116506,Animals Asia,These ads ran without a disclaimer,≤100,8
159355309690,Otago Daily Times,These ads ran without a disclaimer,≤100,1
1820592608152727,Tim van de Molen MP,Parliamentary Service on behalf of Tim van de Molen - MP for Waikato,≤100,8
2664407520240811,VUW International Socialists,ISO Te Whanganui-a-Tara branch,≤100,1
362676617077446,Sport New Zealand,These ads ran without a disclaimer,≤100,1
309846686264586,Scott Watson Fact,Thomas John Watson,≤100,2
855241064526260,Aotearoa Gaming Trust,These ads ran without a disclaimer,≤100,2
112972538069856,catnipandcannabis,These ads ran without a disclaimer,≤100,1
373593443196728,"Simon Britten, Deputy Chair, Waipapa Papanui Innes Central Community Board",Simon Graham Britten,≤100,1
112793716847509,Environmental Law Initiative,Environmental Law Initiative,≤100,2
102959565616482,Pou Architecture,These ads ran without a disclaimer,≤100,1
156709261092239,Simon O'Connor,NZ Parliamentary Service on behalf of Simon O’Connor MP,≤100,2
852370551453606,GARP,These ads ran without a disclaimer,≤100,1
104458421275553,Hawke's Bay Future Farming Trust,Hawke's Bay Future Farming Trust,≤100,2
103503756036187,Housing Survey: Residential Choices and Constraints,These ads ran without a disclaimer,≤100,4
122859715050319,Fleur Fitzsimons for Rongotai,Fleur Fitzsimons for Rongotai,≤100,2
100618666013922,CATA Child and Adolescent Therapists Association,CATA.org.nz,≤100,3
106348682400630,Nova - AI Chatbot,These ads ran without a disclaimer,≤100,4
28312410177,World Food Programme,These ads ran without a disclaimer,≤100,6
106059942804231,Michael Wood,NZ Parliamentary Service on behalf of Michael Wood MP,≤100,1
14590437963,Louise Upston MP,Parliamentary Service on behalf of Louise Upston MP,≤100,4
100352389404011,The Godly Marriage,These ads ran without a disclaimer,≤100,1
101181700276551,Salvation Army Women's Ministries,The Salvation Army Women's Ministries NZFTS,≤100,3
104724131639681,Adhikaar Aotearoa,These ads ran without a disclaimer,≤100,2
1847988401983115,Watercare,These ads ran without a disclaimer,≤100,1
118841047834260,Silenced Documentary NZ,These ads ran without a disclaimer,≤100,1
98673036962,ROLDA,These ads ran without a disclaimer,≤100,15
101680052558214,Pendulum Life NZ,These ads ran without a disclaimer,≤100,1
102121579296432,Allcsta time,These ads ran without a disclaimer,≤100,60
110600578614349,Stephanie Rodgers for Ōhāriu,Stephanie Rodgers for Ōhāriu,≤100,2
120241021380606,Tasman District Council - Te Kaunihera o te tai o Aorere,These ads ran without a disclaimer,≤100,1
23625700722,Oxfam,These ads ran without a disclaimer,≤100,1
112893780842747,HIRE HER,These ads ran without a disclaimer,≤100,1
104099512361482,Funnies Now - Magazine,These ads ran without a disclaimer,≤100,8
119798114390625,Tracy Summerfield for Wigram,Tracy Sheree Summerfield,≤100,2
196923023800092,NZmortgagerates,These ads ran without a disclaimer,≤100,1
454204961447807,Student Christian Movement Aotearoa,Student Christian Movement Aotearoa,≤100,1
117710158319269,Selwyn District Council,These ads ran without a disclaimer,≤100,1
126787783665909,Paid placements in health & social care training Aotearoa NZ,These ads ran without a disclaimer,≤100,1
109124545141371,Otago Socialist Society,These ads ran without a disclaimer,≤100,1
167649839918105,Nelson City Council,Nelson City Council,≤100,1
104137689061268,Point of Order,These ads ran without a disclaimer,≤100,2
113739291232474,Heart Mind Institute,These ads ran without a disclaimer,≤100,14
104525069104493,Kiwis Together,These ads ran without a disclaimer,≤100,2
21591025194,The University of Melbourne,These ads ran without a disclaimer,≤100,2
1244770205593069,Matt King Northland,Ronald Matthew King,≤100,1
110463704610731,Cute Kiwi,These ads ran without a disclaimer,≤100,9
106242052175616,RAJ MODI,These ads ran without a disclaimer,≤100,1
2226044714322838,Mark Peters - Councillor for Hornby Ward,Mark Jonathan Peters,≤100,2
786724111407709,Kumara Vine,These ads ran without a disclaimer,≤100,1
128872083791896,Greater Wellington,These ads ran without a disclaimer,≤100,7
171680209548847,Humm 104.2  FM,These ads ran without a disclaimer,≤100,1
102251318064432,Organon,These ads ran without a disclaimer,≤100,1
111416867840112,Massey University: College of Humanities and Social Sciences,These ads ran without a disclaimer,≤100,1
1772213219772184,Harete Hipango MP,"Parliamentary Service on behalf of Harete Hipango, Parliament Buildings, Wellington",≤100,3
203970686287562,Sustainability Trust,These ads ran without a disclaimer,≤100,2
666096106755488,Banks Peninsula Greens,Rosemary Anne Neave,≤100,1
108056570909783,Electra Business Breakfast,Helene Maree Judge,≤100,1
1220981994590364,FT Partner Content,These ads ran without a disclaimer,≤100,5
109325357303193,Sarah Pallett - MP for Ilam,NZ Parliamentary Service on behalf of Sarah Pallett MP,≤100,1
704246323260758,New Zealand Certified Builders Association,These ads ran without a disclaimer,≤100,2
700679639984258,Kāpiti Coast District Council,These ads ran without a disclaimer,≤100,1
103157862573024,Aotearoa NZ for UNHCR,These ads ran without a disclaimer,≤100,6
19746387261,Humane Society International,These ads ran without a disclaimer,≤100,2
83022598290,Trade Aid New Zealand,Trade Aid New Zealand,≤100,2
381745985188961,Deputy.com,These ads ran without a disclaimer,≤100,2
98541573807,Radio Apna 990am & Apna Television NZ,These ads ran without a disclaimer,≤100,1
182708684718,Sounds True,These ads ran without a disclaimer,≤100,15
148225508730,Mrs Rogers,These ads ran without a disclaimer,≤100,1
111263781641541,Art Brain New Zealand,These ads ran without a disclaimer,≤100,1
101431535833189,Paul McMahon: Linwood Community Board Member,Paul George Mcmahon,≤100,1
102546305868215,Marcus Buddo - Hastings District Councillor,Marcus Buddo,≤100,1
21714516610,Servilles Academy,These ads ran without a disclaimer,≤100,3
280523953784252,Help An Animal,These ads ran without a disclaimer,≤100,15
109211515409715,Cog-Pkg Media,These ads ran without a disclaimer,≤100,1
100374392742057,Weregreenly- Magazine,These ads ran without a disclaimer,≤100,66
100836489646592,Rosemary Bourke for Māngere,Rosemary Bourke for Māngere,≤100,3
111615976995805,Friends of Ukraine,Roman V. Kashpir,≤100,1
1227005797337684,Vetora Waikato,These ads ran without a disclaimer,≤100,2
177038152933675,Smart Plus Academy,These ads ran without a disclaimer,≤100,6
19648092895,Tearfund New Zealand,These ads ran without a disclaimer,≤100,2
179853765497519,ADLS,These ads ran without a disclaimer,≤100,1
2314130438806563,Our Kerikeri Community Charitable Trust,These ads ran without a disclaimer,≤100,1
291458324301037,Aoraki Greens,These ads ran without a disclaimer,≤100,1
53006574820,ChildFund New Zealand,These ads ran without a disclaimer,≤100,1
116848848001997,Voters United NZ,These ads ran without a disclaimer,≤100,1
121765246143,Nelson Arts Festival,These ads ran without a disclaimer,≤100,1
1439190239447866,Canterbury Socialist Society,These ads ran without a disclaimer,≤100,1
824913057578438,Signia Hearing,These ads ran without a disclaimer,≤100,1
153621658012598,Sea Shepherd Australia,These ads ran without a disclaimer,≤100,2
113151808714529,Beef + Lamb New Zealand,These ads ran without a disclaimer,≤100,2
108258998739587,I Did not know,These ads ran without a disclaimer,≤100,9
151942197817,New Zealand Wine,These ads ran without a disclaimer,≤100,2
103543655840463,Story Blitz,These ads ran without a disclaimer,≤100,1
411973422963732,Twenty Daily,These ads ran without a disclaimer,≤100,2
104593458269168,Your Daily Fun Break,These ads ran without a disclaimer,≤100,12
138288682908752,World Literacy Foundation,These ads ran without a disclaimer,≤100,2
105962808801596,IZZY - Stream Israel,These ads ran without a disclaimer,≤100,7
1671535913101759,Entrust,These ads ran without a disclaimer,≤100,1
8539814909,International Animal Rescue,These ads ran without a disclaimer,≤100,13
205982996196509,St. Peter's on Willis (Wellington),St Peter's on Willis,≤100,1
107392108770132,Daily Countdown,These ads ran without a disclaimer,≤100,1
1439364926329185,Animal Matters,These ads ran without a disclaimer,≤100,2
48363495049,Wānaka,These ads ran without a disclaimer,≤100,2
757440877654306,History Hit,These ads ran without a disclaimer,≤100,1
64579042740,Barron's,These ads ran without a disclaimer,≤100,11
123440141640505,Lord Sananda,These ads ran without a disclaimer,≤100,1
123268667727260,Go Eco,These ads ran without a disclaimer,≤100,1
548577435509026,d&b audiotechnik,These ads ran without a disclaimer,≤100,1
103881760966661,Gen Less,These ads ran without a disclaimer,≤100,1
116475276864078,Woman+,These ads ran without a disclaimer,≤100,1
108671730551254,"Debbie Ngarewa-Packer, MP","Debbie Ngarewa-Packer, MP",≤100,1
138187802907388,Life at Mars,These ads ran without a disclaimer,≤100,2
156279764411149,Times Higher Education,These ads ran without a disclaimer,≤100,2
483000408459074,New Zealand Council for Educational Research - NZCER,These ads ran without a disclaimer,≤100,1
114926968177854,TryAdalins,These ads ran without a disclaimer,≤100,10
250305668489402,Professor Kenny,These ads ran without a disclaimer,≤100,9
1296462970399421,Repair Cafe Aotearoa NZ,These ads ran without a disclaimer,≤100,1
552450798231182,Jennifer Eivaz,These ads ran without a disclaimer,≤100,1
211213322391897,Kriya Yoga - Rev. Furio Sclano,These ads ran without a disclaimer,≤100,2
6115848166,Nature Portfolio,These ads ran without a disclaimer,≤100,3
127031794038958,Blue Marine Foundation,These ads ran without a disclaimer,≤100,10
136266656430479,Volkswagen R,These ads ran without a disclaimer,≤100,1
609245665885381,The University of the South Pacific Students' Association,These ads ran without a disclaimer,≤100,1
101629894640758,Brainz Magazine,These ads ran without a disclaimer,≤100,1
100451933698060,AdVenture Communist,These ads ran without a disclaimer,≤100,2
181890091876904,Medair,These ads ran without a disclaimer,≤100,1
161707728106607,BayWa r.e. Global,These ads ran without a disclaimer,≤100,3
1984552065157096,Organic Week NZ,Organic NZ,≤100,1
175807639890984,"Dr. Hanuman - Yoga, Breath & Joy",These ads ran without a disclaimer,≤100,4
907318939459349,Waitaki Voice,These ads ran without a disclaimer,≤100,1
716968258356930,Bayleys Real Estate,These ads ran without a disclaimer,≤100,1
1037575203088184,"International Socialists, Ōtepoti Dunedin",These ads ran without a disclaimer,≤100,1
13204463437,"UNHCR, the UN Refugee Agency",These ads ran without a disclaimer,≤100,4
8002590959,Rainforest Action Network - RAN,These ads ran without a disclaimer,≤100,5
110993941170214,ChidoBook,These ads ran without a disclaimer,≤100,1
101562699358103,Bright Universe,These ads ran without a disclaimer,≤100,1
104347427992721,Freedom Aotearoa New Zealand,These ads ran without a disclaimer,≤100,1
185561295623272,Move To Help Foundation,These ads ran without a disclaimer,≤100,1
100488289429887,Ciaiyosi,These ads ran without a disclaimer,≤100,5
102964102556890,Bettermanly - Magazine page 2,These ads ran without a disclaimer,≤100,1
103059578091271,Cook Islands Seabed Minerals Authority,Ngametua Denisio Mingi,≤100,2
108358524677345,畫啦啦少兒美術,These ads ran without a disclaimer,≤100,1
103590365988182,PureSquare,These ads ran without a disclaimer,≤100,1
1014107102104103,Wao Aotearoa,These ads ran without a disclaimer,≤100,1
623609397660759,Ngatoki O Ngapuhi,These ads ran without a disclaimer,≤100,1
106594811701754,Whakaora - Our Thriving City,These ads ran without a disclaimer,≤100,1
111014438406253,Trendyspread shop1,These ads ran without a disclaimer,≤100,1
102189828887236,Seed Dating,These ads ran without a disclaimer,≤100,1
132906030113528,Waimakariri District Council,These ads ran without a disclaimer,≤100,1
120148367676050,ponchynews,These ads ran without a disclaimer,≤100,1
108268211761963,Break the silence NZ,These ads ran without a disclaimer,≤100,1
109476034966891,Electrify News,These ads ran without a disclaimer,≤100,2
977005762399696,Deepgrooves,These ads ran without a disclaimer,≤100,1
111048427390027,Trust Horizon,These ads ran without a disclaimer,≤100,1
109626441166537,Daily Dose,These ads ran without a disclaimer,≤100,1
110600578614349,Stephanie Rodgers for Ōhāriu,These ads ran without a disclaimer,≤100,1
1685332388164462,Wazifa - DUA,These ads ran without a disclaimer,≤100,1
731810763603948,Taranaki Health Foundation,These ads ran without a disclaimer,≤100,1
100408139141307,Concerts Lovers,These ads ran without a disclaimer,≤100,2
104504185693577,maps.of.ashfort,These ads ran without a disclaimer,≤100,1
109044999140694,CAS,These ads ran without a disclaimer,≤100,4
217519028785017,Nature Research Custom Media,These ads ran without a disclaimer,≤100,4
106701185163801,Your Hacks Spot,These ads ran without a disclaimer,≤100,3
228097472888,International Open University - IOU,These ads ran without a disclaimer,≤100,4
287842647957979,EU International Partnerships,These ads ran without a disclaimer,≤100,3
187008954659722,The Icehouse,These ads ran without a disclaimer,≤100,1
106154365720568,quornnz,These ads ran without a disclaimer,≤100,1
608650595820049,The Conqueror Challenges,These ads ran without a disclaimer,≤100,1
1540232876241171,Wavin Asia Pacific,These ads ran without a disclaimer,≤100,1
100133042448587,Sneaker Toast Magazine,These ads ran without a disclaimer,≤100,1
9012050691,Scribol,These ads ran without a disclaimer,≤100,1
106705804357319,Bluetti Global,These ads ran without a disclaimer,≤100,1
408914789162945,Teasenz.com,These ads ran without a disclaimer,≤100,1
106722822373735,The Fun Insider,These ads ran without a disclaimer,≤100,2
112864228133921,Funnies Now - Stories,These ads ran without a disclaimer,≤100,3
107775421744184,Sudan - A Confluence of Cultures,These ads ran without a disclaimer,≤100,1
113448115029183,ESP,These ads ran without a disclaimer,≤100,1
102207552798601,Youth clicks,These ads ran without a disclaimer,≤100,2
116355337718182,Moli lulu,These ads ran without a disclaimer,≤100,2
275542316421744,LIFE,These ads ran without a disclaimer,≤100,1
109618608579864,All beautiful things,These ads ran without a disclaimer,≤100,5
1656590977890066,IDEO U,These ads ran without a disclaimer,≤100,1
146822255731958,Fast Travel Games,These ads ran without a disclaimer,≤100,1
202655389892988,Coconut Wireless,These ads ran without a disclaimer,≤100,1
121350964566751,DHL Motorsports,These ads ran without a disclaimer,≤100,1
109613811893240,Aiby • AI Art & Avatar Generator,These ads ran without a disclaimer,≤100,1
6321018343,The Japan Times,These ads ran without a disclaimer,≤100,2
405379246524515,DHL Express,These ads ran without a disclaimer,≤100,1
109305525113098,Pupil Loves,These ads ran without a disclaimer,≤100,2
577078926016841,Tintenra Shop,These ads ran without a disclaimer,≤100,1
599425917085362,BusinessDesk,These ads ran without a disclaimer,≤100,1
1730980523797409,Digital Economy Summit,These ads ran without a disclaimer,≤100,1
364987324007814,Page Hotels,These ads ran without a disclaimer,≤100,1
1803279899993382,"Ni Una Palmadita, Fernanda Restrepo",These ads ran without a disclaimer,≤100,1
111506334775197,Cherryfields Children’s Home,These ads ran without a disclaimer,≤100,1
479285342097950,AeroTime,These ads ran without a disclaimer,≤100,1
104055108950069,thereal_jusg,These ads ran without a disclaimer,≤100,1
101922875434564,Road to Vintage - Music,These ads ran without a disclaimer,≤100,2
104816351646609,學識 Hok6.com,These ads ran without a disclaimer,≤100,1
100422424881055,The Open Chest Confidence Academy,These ads ran without a disclaimer,≤100,1
438651852841000,COLEAD.link,These ads ran without a disclaimer,≤100,1
179989282086901,Warriors of the Divine,These ads ran without a disclaimer,≤100,1
781559485208157,The Fisheries and Aquaculture Community,These ads ran without a disclaimer,≤100,1
110818941452003,Morehackz Stories,These ads ran without a disclaimer,≤100,3
102386151868694,Graduatez - Graduation,These ads ran without a disclaimer,≤100,1
102888702345789,African Wildlife Economy Institute - AWEI,These ads ran without a disclaimer,≤100,1
101459741907326,Jerusalem Online - Culture,These ads ran without a disclaimer,≤100,2
101545415784484,Simple Tribune,These ads ran without a disclaimer,≤100,1
1684724295099974,Trending Taiwan潮台灣,These ads ran without a disclaimer,≤100,1
100566902060431,Me Time - Home,These ads ran without a disclaimer,≤100,1
79511407410,Mercedes-AMG Petronas F1 Team,These ads ran without a disclaimer,≤100,1
111057444807804,Kaeā Skincare,These ads ran without a disclaimer,≤100,2
113067177682259,PMD - Dogs is my  world,These ads ran without a disclaimer,≤100,2
149290745229517,Online Antisemitism Task Force,These ads ran without a disclaimer,≤100,2
171522852874952,Juventus,These ads ran without a disclaimer,≤100,1
188538471183351,Roberto Gava,These ads ran without a disclaimer,≤100,1
108598475453977,LAFASHIONA,These ads ran without a disclaimer,≤100,1
103959811845477,Blue Gazette,These ads ran without a disclaimer,≤100,1
478297078923452,Big Easy Believer,These ads ran without a disclaimer,≤100,6
122610304898,Science Centre Singapore,These ads ran without a disclaimer,≤100,1
94199711897,Hábitat para la Humanidad,These ads ran without a disclaimer,≤100,2
113205131621824,WorldOrder.News,These ads ran without a disclaimer,≤100,1
126739647374777,Herbert Mensah,These ads ran without a disclaimer,≤100,1
800194943688625,Mindful Gazette,These ads ran without a disclaimer,≤100,1
114117114921509,C301-17,These ads ran without a disclaimer,≤100,1
105607552434777,Instalador Solar,These ads ran without a disclaimer,≤100,1
105986175239619,Sea Creature Love,These ads ran without a disclaimer,≤100,5
105448452269780,Lifestylecog,These ads ran without a disclaimer,≤100,1
75608370019,United States Institute of Peace,These ads ran without a disclaimer,≤100,3
101333276139685,Custom.Shop,These ads ran without a disclaimer,≤100,1
307842546615,Cambridge University Press - Academic,These ads ran without a disclaimer,≤100,2
109159064569670,Bangself,These ads ran without a disclaimer,≤100,1
100490729492964,Sebastian Bello,These ads ran without a disclaimer,≤100,10
298489910165453,Raffles Hotel Singapore,These ads ran without a disclaimer,≤100,1
2316804725260574,Readyer,These ads ran without a disclaimer,≤100,1
119909037717930,Topbea.com,These ads ran without a disclaimer,≤100,2
194886144517585,Solid English School,These ads ran without a disclaimer,≤100,1
137491341802947,Samurai Journalist,These ads ran without a disclaimer,≤100,1
103083211820527,Our Funny Little Site Family,These ads ran without a disclaimer,≤100,1
1642929092406128,Knowable Magazine,These ads ran without a disclaimer,≤100,1
109048801406117,Rewire Therapy,These ads ran without a disclaimer,≤100,1
312898778847834,TERRAM PACIS,These ads ran without a disclaimer,≤100,1
122125810793113,Gam Speeder,These ads ran without a disclaimer,≤100,1
101033665741550,The Hacks Archives,These ads ran without a disclaimer,≤100,3
19740928752,World Animal Protection,These ads ran without a disclaimer,≤100,3
102863578917841,willysworld69,These ads ran without a disclaimer,≤100,1
106843828862974,Worlds knoledge,These ads ran without a disclaimer,≤100,2
112220134851421,Under the Sisterhood,These ads ran without a disclaimer,≤100,1
113093568391141,Dreame C,These ads ran without a disclaimer,≤100,1
155174084508744,Banque mondiale,These ads ran without a disclaimer,≤100,3
114053828319874,HL Connection #3,These ads ran without a disclaimer,≤100,1
59130316278,Russ Adams Ministries,These ads ran without a disclaimer,≤100,1
177971792541224,CNRS News,These ads ran without a disclaimer,≤100,1
102984361463961,Igrow Academy,These ads ran without a disclaimer,≤100,2
131189377574,MDPI,These ads ran without a disclaimer,≤100,1
1290970774296917,DailySportx,These ads ran without a disclaimer,≤100,1
287193278023020,Jirka Stoček,These ads ran without a disclaimer,≤100,1
1367852156605258,Pasifikabydesign,These ads ran without a disclaimer,≤100,1
101654211887389,Jerusalem Online - Arts & Culture,These ads ran without a disclaimer,≤100,1
1716489575297900,Mrs Wordsmith,These ads ran without a disclaimer,≤100,1
101248672245687,Jason's Angels,These ads ran without a disclaimer,≤100,3
393412505386,Offshore Technology Conference (OTC),These ads ran without a disclaimer,≤100,1
107726931747049,Dino read,These ads ran without a disclaimer,≤100,1
100966486285059,C301-18,These ads ran without a disclaimer,≤100,1
100486698765192,Money & Investing,These ads ran without a disclaimer,≤100,2
115895401463440,Entretenimiento,These ads ran without a disclaimer,≤100,1
100272095783585,Visit Heilongjiang,These ads ran without a disclaimer,≤100,1
141271779363886,Christian Harfouche,These ads ran without a disclaimer,≤100,1
107183418710416,Rocket stories FS,These ads ran without a disclaimer,≤100,1
429957570419097,Professor Israel,These ads ran without a disclaimer,≤100,1
102415047928145,Shanghai Electric,These ads ran without a disclaimer,≤100,3
269021049871575,Zorali,These ads ran without a disclaimer,≤100,1
101289218907718,Web News,These ads ran without a disclaimer,≤100,2
366107457198874,Rise of Kingdoms,These ads ran without a disclaimer,≤100,1
101787968733573,New to Money,These ads ran without a disclaimer,≤100,2
102470965836621,Sustainability MDPI,These ads ran without a disclaimer,≤100,2
722256984867966,Raytheon Missiles & Defense,These ads ran without a disclaimer,≤100,1
117697811288537,Super Master,These ads ran without a disclaimer,≤100,1
111622410196045,State of Youth,These ads ran without a disclaimer,≤100,2
128460617656602,eeDesignIt,These ads ran without a disclaimer,≤100,1
643057169228509,FT Channels,These ads ran without a disclaimer,≤100,1
760185027711926,Scientific Feed,These ads ran without a disclaimer,≤100,1
153371894688575,World Bank,These ads ran without a disclaimer,≤100,1
100112796084881,Futbolete - Page 4,These ads ran without a disclaimer,≤100,1
111418244757560,Elecnova,These ads ran without a disclaimer,≤100,1
116106601458216,Sustainable Self,These ads ran without a disclaimer,≤100,1
106057958885632,docbotic,These ads ran without a disclaimer,≤100,2
107519145065953,Apoorva,These ads ran without a disclaimer,≤100,1
489179047956298,Allwork.Space,These ads ran without a disclaimer,≤100,2
2418643321715898,Daily Stickers,These ads ran without a disclaimer,≤100,1
111315691692431,João Pedro,These ads ran without a disclaimer,≤100,2
103534409200221,Misgav entertainment,These ads ran without a disclaimer,≤100,1
144450262776,Great Wine Capitals Global Network,These ads ran without a disclaimer,≤100,1
1437588726524253,Beko,These ads ran without a disclaimer,≤100,2
105958935270880,Ignitation DNA Motivation,These ads ran without a disclaimer,≤100,1
100627069630168,Cecília Martins,These ads ran without a disclaimer,≤100,1
311805162906672,Mench Tech,These ads ran without a disclaimer,≤100,1
101988962610490,Spread The Good,These ads ran without a disclaimer,≤100,1
133945616646913,RioOnWatch.org,These ads ran without a disclaimer,≤100,2
108535778792153,Evang. Akwaha,These ads ran without a disclaimer,≤100,1
286094071469577,VINCI Energies,These ads ran without a disclaimer,≤100,2
100689636310150,Waokeem-EU,These ads ran without a disclaimer,≤100,5
1858022204238517,Taimi,These ads ran without a disclaimer,≤100,1
116047714730067,The Happy Hive,These ads ran without a disclaimer,≤100,2
1820034408214697,envoPAP,These ads ran without a disclaimer,≤100,1
108166048910328,Срочные Новости,These ads ran without a disclaimer,≤100,1
102257292713372,Alejandra Morales,These ads ran without a disclaimer,≤100,9
117039841320523,Big Pink Youth Dialogue,These ads ran without a disclaimer,≤100,1
104847815914283,howtohelpuacom,These ads ran without a disclaimer,≤100,1
142329112477770,البنك الدولي,These ads ran without a disclaimer,≤100,1
104819209268652,Meta Universe,These ads ran without a disclaimer,≤100,1
104444729065513,Victoria Segovia,These ads ran without a disclaimer,≤100,2
1834313933459789,BBC StoryWorks,These ads ran without a disclaimer,≤100,1
106383298278667,Merlin,These ads ran without a disclaimer,≤100,1
105743361735500,New to Money Português,These ads ran without a disclaimer,≤100,1
1070573839626601,Buzz-Hut,These ads ran without a disclaimer,≤100,1
63306224439,Trip.com,These ads ran without a disclaimer,≤100,1
101493902773017,SPIC-Turkey,These ads ran without a disclaimer,≤100,1
208371683037269,NBCU Catalyst,These ads ran without a disclaimer,≤100,3
110980888642151,Twibbon April,These ads ran without a disclaimer,≤100,7
315543515306,Jing Daily,These ads ran without a disclaimer,≤100,1
428157337550611,ICMM,These ads ran without a disclaimer,≤100,1
110668218440647,isabellekettner,These ads ran without a disclaimer,≤100,1
113258091679175,DailyLion,These ads ran without a disclaimer,≤100,1
106824494733100,Simbaly - Lifestyle,These ads ran without a disclaimer,≤100,1
107977331797625,My New Trends,These ads ran without a disclaimer,≤100,1
105130779087864,Antony Hylton,These ads ran without a disclaimer,≤100,1
101304192456744,carososky,These ads ran without a disclaimer,≤100,1
106170661628518,香港V,These ads ran without a disclaimer,≤100,1
153763928331325,IPSIS,These ads ran without a disclaimer,≤100,1
101138836304674,Dave Sharpe,These ads ran without a disclaimer,≤100,1
100230246295261,Mr New Life,These ads ran without a disclaimer,≤100,2
103091542621280,The Chill Feed,These ads ran without a disclaimer,≤100,1
104571188687767,Chill Read,These ads ran without a disclaimer,≤100,1
108318715562829,Abi Espin,These ads ran without a disclaimer,≤100,4
113269331567467,El Patito Chiquito,These ads ran without a disclaimer,≤100,1
101853479470366,Weregreenly,These ads ran without a disclaimer,≤100,12
111132794348779,That Happened,These ads ran without a disclaimer,≤100,1
102300279228311,MadeinChina,These ads ran without a disclaimer,≤100,1
150793518281117,Covestro,These ads ran without a disclaimer,≤100,1
100430122967931,Celebrity Buda,These ads ran without a disclaimer,≤100,1
2354017254707192,Learning English with Oxford,These ads ran without a disclaimer,≤100,1
367649046908008,Growatt New Energy,These ads ran without a disclaimer,≤100,2
200226622453,NOWNESS,These ads ran without a disclaimer,≤100,4
111699798204420,Com Stories,These ads ran without a disclaimer,≤100,1
102933592779252,Spf-022,These ads ran without a disclaimer,≤100,1
690226307793685,Bulls N' Bears,These ads ran without a disclaimer,≤100,1
130592353658239,Avery Dennison,These ads ran without a disclaimer,≤100,1
115007805938419,Trading Draft,These ads ran without a disclaimer,≤100,1
108090722253322,HL Connection #1,These ads ran without a disclaimer,≤100,12
108947298309629,Dreamsbirds.us,These ads ran without a disclaimer,≤100,2
101054365776547,Charming Changzhou,These ads ran without a disclaimer,≤100,1
1556259461269806,Shareably,These ads ran without a disclaimer,≤100,1
525421700832365,Protectors of The Wood Adventure Series,These ads ran without a disclaimer,≤100,2
115643645121323,Deuter,These ads ran without a disclaimer,≤100,1
146481695371146,"มูลนิธิเพื่อสุนัขในซอย, ประเทศไทย (Soi Dog - in Thai)",These ads ran without a disclaimer,≤100,1
103321546070767,Najpiękniejszych małych miasteczek,These ads ran without a disclaimer,≤100,2
112757083778788,"Economic Daily, China",These ads ran without a disclaimer,≤100,3
109234018766722,Arkad-03,These ads ran without a disclaimer,≤100,1
110801873957389,Australia Pacific Security College,These ads ran without a disclaimer,≤100,3
10606591490,TIME,These ads ran without a disclaimer,≤100,1
105012451157797,Uniathena - Short Courses,These ads ran without a disclaimer,≤100,1
134331253305084,ITI International Team for Implantology,These ads ran without a disclaimer,≤100,1
876457109153657,PMNCH,These ads ran without a disclaimer,≤100,3
192434641302087,RoshdInsights,These ads ran without a disclaimer,≤100,1
427648547297783,Hasan Ismaik - حسن إسميك,These ads ran without a disclaimer,≤100,2
105962449139113,ChatBox,These ads ran without a disclaimer,≤100,2
100738672408911,Magic Lock,These ads ran without a disclaimer,≤100,1
110206684121600,growfish.co,These ads ran without a disclaimer,≤100,1
104176298952619,Relatively Interesting,These ads ran without a disclaimer,≤100,1
118818871156611,clubwudan,These ads ran without a disclaimer,≤100,1
552286884792140,theCube,These ads ran without a disclaimer,≤100,3
354397697217,IEEE Xplore,These ads ran without a disclaimer,≤100,1
103659765532260,華夏focus,These ads ran without a disclaimer,≤100,1
100525605800075,Meet and Greet,These ads ran without a disclaimer,≤100,5
1606155556168996,Si Amo Afrin,These ads ran without a disclaimer,≤100,1
110099331940978,More Hackz - MediaSmarter,These ads ran without a disclaimer,≤100,4
106124221662606,Mititelu Raul,These ads ran without a disclaimer,≤100,1
108157361978564,Eternal Fire Sacred Earth Conscious Clothing,These ads ran without a disclaimer,≤100,1
165529770156978,Rellz Tha Postman,These ads ran without a disclaimer,≤100,1
476179919621255,Misbar - مسبار,These ads ran without a disclaimer,≤100,1
127037124035476,Cyberport 數碼港,These ads ran without a disclaimer,≤100,2
117777647908592,Casa de Cultura Os Capoeira - SP,These ads ran without a disclaimer,≤100,1
604598226218072,CNH Industrial,These ads ran without a disclaimer,≤100,1
105508145022144,Geeky Base,These ads ran without a disclaimer,≤100,1
435272526866135,North American Kurdish Alliance - NAKA,These ads ran without a disclaimer,≤100,1
177706515594669,Azimut Yachts,These ads ran without a disclaimer,≤100,1
114184975000819,Unexplained Beasts,These ads ran without a disclaimer,≤100,1
983135718420987,Visit Jiangsu,These ads ran without a disclaimer,≤100,1
154680184946903,Superplastic,These ads ran without a disclaimer,≤100,1
101388509327100,Extra famous,These ads ran without a disclaimer,≤100,7
508565185968336,IconScout,These ads ran without a disclaimer,≤100,1
1471787229768516,Art+Feminism,These ads ran without a disclaimer,≤100,1
104263339167912,Run It Twice Entertainment,These ads ran without a disclaimer,≤100,1
102708742013751,englishwithsarvy,These ads ran without a disclaimer,≤100,1
369479089905524,Shane Mahoney,These ads ran without a disclaimer,≤100,1
285530825204,Klitschko,These ads ran without a disclaimer,≤100,3
426799224176976,Ebenezer is Marketing,These ads ran without a disclaimer,≤100,1
103456998701306,Dad needs a break,These ads ran without a disclaimer,≤100,1
237692023818,Belfast Telegraph,These ads ran without a disclaimer,≤100,1
1102199946478493,Spotlight,These ads ran without a disclaimer,≤100,1
1673669186277733,Freeda,These ads ran without a disclaimer,≤100,1
343786409509707,The East Gate,These ads ran without a disclaimer,≤100,2
102998939765184,Persian bms,These ads ran without a disclaimer,≤100,1
240175813210392,Shuva's Magic Lens,These ads ran without a disclaimer,≤100,2
101573849589551,Ask AI,These ads ran without a disclaimer,≤100,1
100556106171382,Life's rhythm,These ads ran without a disclaimer,≤100,2
103934207741083,Selena Ryan,These ads ran without a disclaimer,≤100,1
107323451863865,Millennial Geeks,These ads ran without a disclaimer,≤100,1
200990963441531,Boredom Therapy,These ads ran without a disclaimer,≤100,2
109315562012057,Wiser,These ads ran without a disclaimer,≤100,1
109755664976719,Ginger's Notebook,These ads ran without a disclaimer,≤100,5
184941236528268,JC Compton,These ads ran without a disclaimer,≤100,1
191367330892004,UBC Engineering,These ads ran without a disclaimer,≤100,1
175542959311586,Superyacht Life,These ads ran without a disclaimer,≤100,1
103172549436914,Noticias del mundo todos los días,These ads ran without a disclaimer,≤100,1
104410598893696,Bar Reading,These ads ran without a disclaimer,≤100,1
105094985679501,On the Books,These ads ran without a disclaimer,≤100,2
108061471650955,SoluTec,These ads ran without a disclaimer,≤100,1
755052671370244,Daily-Stuff.com,These ads ran without a disclaimer,≤100,1