Page ID,Page name,Disclaimer,Amount spent (PHP),Number of ads in Library
100350202335117,Benhur Abalos,Supporters and Friends of Benhur Abalos,175287,27
263066651005055,"Ramon Bong Revilla, Jr.","Ramon Bong Revilla, Jr.",144775,16
109322002065194,EKIS,EKIS,133029,89
555503991321280,Geraldine Roman,Sulong Pilipinas,125000,5
100155158432600,The Health Center PH,The Best Healthctr Hub Ph,123710,13
1566478310240623,Francis Tolentino,Francis Tolentino PH,113061,120
495629064258114,Lolita Karen Javier,Amor U. Nacional,82939,19
547821942058909,Pilipinas Today,WFPH,76651,147
197727873578501,Senator Migz Zubiri,Senator Migz Zubiri,76401,6
75665129515,Go Negosyo,Go Negosyo,72291,17
269175894020945,Pilipinas Today,WFPH,55507,91
969917173120995,Susan Yap,Sulong Pilipinas,51000,8
257830240980106,Ronnie Dadivas,Roxas City United,48542,79
107768512296982,Century Tuna Saving Our Seas,Jessa Charvie Gomez Ganongan,44779,11
701517253228758,DOSTv,DOSTv,42629,15
100170811672425,Pilipinas Today Kyusi,WFPH,40218,64
100904822517086,Non-trivial,These ads ran without a disclaimer,38661,17
107853288892129,Don Artes,RAM,35470,1
351879361521039,Cong. Nonoy Libanan,Cong. Nonoy Libanan,35278,12
115419768085260,Lokal,Lokal,34580,17
119405895873,Huawei,These ads ran without a disclaimer,31575,1
121096004646927,"Pablo John ""PJ"" Garcia",Friends of PJ Garcia,30292,43
402678916424621,Province of CamSur,Sarah Jane Toralba,30000,2
112787397193011,Gov Luigi Villafuerte,Sarah Jane Toralba,30000,2
113192036820162,Prof. Soc Anthony del Rosario,We Care Incorporated,29477,14
156752721080952,Sonny Angara,Sonny Angara,25715,12
121843141182573,Ayala Corporation,Ayala Corporation,24377,1
1922749344643532,The World Tonight,The World Tonight,24346,44
463979067392927,ExtremeLives,These ads ran without a disclaimer,24159,1
109246084265823,Jay Manalo Ilagan,Chicklet Diaz,24024,1
325780477966356,Geo 24/7,Energy Development Corporation,23920,13
154386154617,WWF-Philippines,WWF-Philippines,23868,4
105929115643626,Caroline Tanchay,Caroline Tanchay,23457,16
186667502068528,Larry De Costa,WFPH,23412,32
150218985056317,Senator Koko Pimentel,Friends of Senator Koko Pimentel,23000,4
103401515144127,Atty. Migs Nograles,Atty. Migs Nograles,22710,38
705660422953865,About Metro Pacific,WFPH,22461,27
223618785182273,Pilipinas,WFPH,22324,34
1512452085732585,Stratbase ADR Institute,Stratbase ADR Institute,21254,29
1800060156967104,Pili City,Erin Magsayo Vargas,20929,3
112952897079549,Energy Development Corporation,Energy Development Corporation,20905,16
200480966638039,Supremacy 1914,These ads ran without a disclaimer,20723,2
1485006188181879,WES Gatchalian,WES Gatchalian,20500,8
101382091400564,Atty. Tony Roman,Sulong Pilipinas,20000,1
163550757135020,News5,News5,19924,13
324393636342,Ernix Dionisio,Ernesto Mijares Dionisio Jr.,19869,1
109867628173478,Ronin Leviste,Marizelle Villanueva Cereneo,18894,20
242562552438872,DOST-STARBOOKS,DOST-STARBOOKS,18528,6
115769773456162,Political Circus of the Philippines,PBJ Mediaworks,18293,5
104955062184489,BBM Movement,UEEI Consorcia Inc,17426,4
2101088876594734,MBS- Senior Deputy Speaker DOY Leachon,Ronalee Escondo Leachon,16851,15
509834572400899,Nancy Binay,Maria Lourdes Nancy Binay Angeles,16401,5
212808672071102,MWSS Regulatory Office,MWSS Regulatory Office,16239,15
1332938170076882,Tatak QC,Polsure,15882,8
145265112840190,Kasama Ka Sa Pag-Unlad,Polsure,15437,8
952018388329788,Kathryna Yu-Pimentel,Kathryna Yu-Pimentel,15310,2
126919387470670,Rufus B. Rodriguez,Rufus Bautista Rodriguez,14903,24
102920705902552,Wares Stocks Ltd.,These ads ran without a disclaimer,14393,9
154519977908138,Department of Social Welfare and Development,Department of Social Welfare and Development,14240,6
1871757276390999,Cong. Mannix Dalipe - Page,Manuel Jose M. Dalipe,13500,5
102886345339673,Ben Patron,Ben Patron,12926,4
282619263537551,I Choose #MalayaAkongMaging,I Choose #MalayaAkongMaging,12887,4
585583411583810,ONE CAVITE,ONE CAVITE,12735,8
1759941490758280,Jerry Treñas,Ma. Ruthmar Ignacio Gabileo,12667,70
110906614080083,Ang Realidad PH,Clutchmedia,11826,3
100985303377,Valenzuela City,Valenzuela City,11417,6
2147575852160385,Congresswoman Ann Matibag,Congresswoman Ann Matibag,11403,14
330818486937353,John Dalipe - Page,John Dalipe - Page,11018,20
101520066053972,RepublicAsia,"RepublicAsia Media, Inc.",10980,10
2271543113085523,Pilipinas Today AM,WFPH,10871,32
248113532485940,Alexie B. Tutor,Marjorie Galagar Escuadro,10787,7
103485942191411,Juan Bulletin,Polsure,10499,5
102473324919517,Baretang Bikol,Merlie Albiso,10403,1
1030706640379655,Pilipinas: Coal Free by 2030,Coal Free Philippines,10277,12
307380403398913,Magsasaka Partylist,Magsasaka Partylist,10271,7
113238417024056,Anna Mae Yu Lamentillo,Anna Mae Yu Lamentillo,10222,11
558694637671776,Congressman  Pantaleon Alvarez,Congressman  Pantaleon Alvarez,10175,7
134406089942455,Chooks-to-Go Pilipinas,These ads ran without a disclaimer,10000,1
739629346154083,BJ Biron,Prometheus,10000,1
476553329103668,Alex Advincula,Alex Advincula,10000,2
774149009339209,The Climate Reality Project Philippines,The Climate Reality Project Philippines,9853,20
684717488321242,Future Bridging Leaders Program,Future Bridging Leaders Program,9582,7
1535594466686140,Aboitiz,Aboitiz,9217,1
956992934491805,Jaye Lacson-Noel,Jaye Lacson-Noel,9187,23
220125414691980,Philusa Corporation,Philusa Corporation,9025,2
321351771993681,Pilipinas Today Tweets,Sartine,9000,9
332536503771530,Vice Governor Karen Agapay,Edgar Habana Ruado,8966,7
1840292579606063,Jam Jam Baronda,Jam Jam Baronda,8857,45
104123408073601,"Nikki Prieto-Teodoro, Philippine Special Envoy to Unicef",Maria Lourdes Acosta Gammad,8624,3
114540208900132,Erico Aris Aumentado,Erico Aris Aumentado,8538,24
150375428333135,OPAPRU,OPAPRU,8530,2
102203275921536,Cong. JC Abalos,Cong. JC Abalos,8357,11
100770729339080,Cong. Wilbert T. Lee,Wilbert Te Lee,7881,17
107907055580308,Commusta.ph,These ads ran without a disclaimer,7773,1
74186694880,Uratex Philippines,These ads ran without a disclaimer,7575,1
109988295130495,NGA 911 PH,NGA 911 PH,7398,3
107500025457981,Magdulag Mabulo,Teresita Bolima,7202,1
166107624078770,Camanava News,Camanava News,7161,48
110529111699411,PhilNews24,Polsure IT Services,7030,5
1581188235521874,Vice Mayor Atty. Sherwin N. Tugna,Vice Mayor Atty. Sherwin N. Tugna,7000,2
1571061213111533,GlobeICON,Globe Telecom,6786,1
110829087227170,QC Waves Swim Club Inc.,QC WAVES SWIM CLUB INC,6564,4
105159369188048,Hotelex Shanghai,These ads ran without a disclaimer,6517,1
100667769054642,Buildbetterph Supporters,Clutchmedia PH,6500,3
374004705980904,Philippine Business for Education,Philippine Business for Education,6424,7
1424468067858949,Vice Justin Gatuslao,Justin Dominic Silos Gatuslao,6377,6
675526249465359,Rolando A. UY,Jerome L. Jungco,6341,5
100305568984268,EdukNaman,Philippine Business for Education Inc.,6271,13
914556591894195,CitizenWatch Philippines,CitizenWatch Philippines,6184,4
103603888274167,YouthLed PH,YouthLed PH,6115,3
107463358538636,planetGOLD Philippines,planetGOLD Philippines,6024,9
147975588597216,Stratbase,Stratbase,6012,4
3163536800339047,"Congresswoman Antonieta ""Ate Tata"" Eudela",Edgar Nerosa Alegre,6000,12
1669303526443380,Trendsuertres Customized Promotional Items Baller Wrist Band Keychains etc.,Diomar Dizon Lagunero,5995,1
266790296879,Bloomberg,These ads ran without a disclaimer,5913,6
100562967966954,Radyo BAHIN,WFPH,5911,9
105969951219886,Sibika.ph,Philippine Business for Education Inc.,5809,7
101178932348592,Office of the Municipal Mayor - Atty. Philip A. Dacayo,Mae Madelaine Galamay Danao,5649,8
109710341495997,Atty. Alex Abaton,Cosairi Abedin Maniri,5516,5
108275365284886,Doc Tony Golez,Para Sa Bayan,5446,5
104291395914077,Nuclear Supporters PH,Nuclear Supporters PH,5429,7
404729389612751,"Teodorico ""Nonong"" T Haresco, Jr",BIHA-MPC,5414,11
487665301425069,Puerto Galera Get Away Travel And Tours,These ads ran without a disclaimer,5195,2
107701168822758,Aksyon TV,Aksyon TV,5111,15
537843086665379,City Inquirer,City Inquirer,5066,32
103206424893248,Davao Consumer Movement,Davao Consumer Movement,5057,4
111324628476603,REact PH: Choose Renewables,REact PH: Choose Renewables,5008,5
1834423440210624,"Bantay Konsyumer, Kalsada, Kuryente","Bantay Konsyumer, Kalsada, Kuryente",5004,3
360722237731669,Mayor Cezanne Fritz H. Diaz,Ronald Policarpio Olarte,5000,1
210897252268891,Women's Global Network for Reproductive Rights (WGNRR),Women's Global Network for Reproductive Rights (WGNRR),5000,2
142802334452,INQUIRER.net,"Inquirer Interactive, Inc",5000,2
895774137107433,Denver Chua,Unlad Cavite City,5000,1
556893261136432,Atty. Lordan Suan,Lordan Gualberto Suan,5000,1
102340105982970,MABULOk San Fernando,Teresita Bolima,4977,1
208371683037269,NBCU Catalyst,These ads ran without a disclaimer,4829,20
100668628818013,Bim Ignacio,Ma Angela Escalona Ignacio,4807,6
101009635619821,Istorya Ta,Hook Digital,4784,2
1647474828693396,Bong Go,Bong Go,4781,3
1674692332785202,"Miguel ""Migz"" Zayco",Miguel Montinola Zayco,4701,10
176725369945441,Pilipinas Today,The World Tonight,4684,8
301970723646514,WTF Radyo,Sartine,4658,5
105910268672335,Pinaura ka ni Sandy Javier,Amor U. Nacional,4533,4
1329675533726600,Pilipinas Today QC,WFPH,4506,5
107677344496516,Taytay Public Information Office,Taytay Public Information Office,4500,2
838385792877738,Trending Pa-More,Trending Pa-More,4500,3
112512037866969,BM Ric Ric Dy Olegario,Irina Kristi Bagongon Pidor,4486,4
102279788906574,EcoFlow PH-All Batteries,These ads ran without a disclaimer,4279,1
1950273215252524,Aboitiz Power Corporation,Aboitiz Power Corporation,4170,5
105929115643626,Caroline Tanchay,Cong. Caroline Tanchay,4137,4
1714745698802895,Celso Lobregat,Celso Lorenza Lobregat Iii,4000,2
438159769566830,EDC BINHI,EDC BINHI,4000,3
105307862322635,Samuel G.F Parilla II,Samuel G.F Parilla II,3977,4
407604493105131,"PBA: Politika, Basketbol, at Artista","PBA: Politika, Basketbol, at Artista",3974,25
102096659031494,Cong. Arnan C. Panaligan - House of Representatives,Cong. Arnan C. Panaligan - House of Representatives,3883,3
102965912000814,Congressman Hori Horibata,Congressman Hori Horibata,3880,6
862299017292512,Don Ramon Bagatsing,Don Ramon Alonso Bagatsing,3777,17
102971936128430,Bonsai Apple,These ads ran without a disclaimer,3743,3
730640463621024,Tanauan Leyte - A Delightful Place,Tanauan Leyte - A Delightful Place,3704,11
404729389612751,"Teodorico ""Nonong"" T Haresco, Jr",BIHA-MPC : People of Aklan,3653,18
231715557511650,Solo Parents,Polsure,3513,2
100262295333622,USWAG Ilonggo Party-list,USWAG Ilonggo Party-list,3488,2
254225618540932,Love ng QC si Teacher,Polsure,3468,2
2103172176611007,Aksyon Demokratiko,Aksyon Demokratiko,3442,15
142802334452,INQUIRER.net,These ads ran without a disclaimer,3365,1
352659278684227,MP Marjanie S. Mimbantas Macasalong,MP Marjanie S. Mimbantas Macasalong,3360,7
333701057319933,MAYOR RAJIV ENAD,David Tapales Ramos,3284,4
106521875779947,RISE Of ELVES,These ads ran without a disclaimer,3264,1
308668033138598,"Vice Mayor Angelito ""Totie"" Lazaro Jr.",Sammy Figura Grubanzo,3241,4
106596638370563,Congressman Ralph Tulfo,Congressman Ralph Tulfo,3156,2
107525411171131,Cong. Gabby Bordado,Gabby Bordado,3100,8
101858356227673,Fluid Centre UMP,These ads ran without a disclaimer,3083,2
290009901573686,SK Federation of Pagbilao,Josie Irma Roqueza Luce,3068,4
101178932348592,Office of the Municipal Mayor - Atty. Philip A. Dacayo,Tyrone Joy Galasinao Dagdag,3065,5
1058962734159503,"Gov. Rogelio ""Ruel"" D. Pacquiao - Sarangani Province",Chris Yurong Perpetua,3025,7
104988244674974,Mobility Awards,The Climate Reality Project Philippines,3021,7
106190085258387,"Congressman Simeon Garcia, Jr.",Rosalino Mendoza Garcia,3000,1
54034422460,DAKILA,DAKILA,3000,2
16665879500,AutoIndustriya.com,AutoIndustriya.com,3000,2
222187917795664,Social Watch Philippines,Social Watch Philippines,2935,4
428054697234720,Institute for Climate and Sustainable Cities,Institute for Climate and Sustainable Cities,2913,3
1387404457997862,Cong Bingo Matugas,Cong Bingo Matugas,2901,7
100108226244136,PH 24 ORAS,Message Doctor PH Company,2850,13
101659525229147,Exness Philippines,These ads ran without a disclaimer,2809,3
105537992506657,Mayor Esmie Pineda,Mayor Esmie Pineda,2802,2
1860498353989958,Carl Steven Avellana Weigel,Carl Steven Avellana Weigel,2759,5
103366018694923,Jonathan Jonsi Siytiap,Jonsi Siytiap,2700,6
106066225014933,BOKAL Dindo V. Dysico,Ferdinand Villaruz Dysico,2692,3
100770729339080,Cong. Wilbert T. Lee,Cong. Wilbert T. Lee,2619,7
146627512070062,International Air Transport Association (IATA),These ads ran without a disclaimer,2566,2
1710076309223241,Atty. TATA Moral-Romano,Leah Marie Moral-Romano,2559,2
108285398860955,Evolve Republic,Evolve Republic,2549,25
100558392420873,Unify Platform AG,Unify Platform AG,2513,3
100228085283881,Support to Bangsamoro Transition - Subatra,Kenny Erad Nodalo,2500,3
1856611721228196,BH Bernadette Herrera,Bagong Henerasyon Partylist,2500,3
565225540184937,CGTN,These ads ran without a disclaimer,2491,7
108302685609834,Lương Y Phạm Văn Thanh Lào Cai - Đặc Trị Dứt Điểm Bệnh Xương Khớp,These ads ran without a disclaimer,2475,2
100468663065647,QC Green Awards,These ads ran without a disclaimer,2416,1
319488142121,Jinggoy Estrada,Anak Ng Masa,2400,2
117592676316299,Shane closet,These ads ran without a disclaimer,2400,1
754023811376731,Cathy Yang,These ads ran without a disclaimer,2374,4
954763824674440,Simple Lang,WCKD Ways Digital Marketing,2327,3
108644901632249,KIENT's - The Key To Success,Laica D. Jarandilla,2302,3
279292210553771,Protect the Verde Island Passage,"Center for Energy, Ecology, and Development",2300,2
304006256679433,Wela School Systems,These ads ran without a disclaimer,2196,1
107203148110541,Action Speaks Louder,These ads ran without a disclaimer,2191,3
406656099381045,Jose Ma Montelibano's Blog,Jose Ma. Locsin Montelibano,2148,6
1779870368752390,May JOY sa QC,Polsure,2100,1
247331620535579,Mike Defensor,The Mike Defensor Organization,2086,9
102280614938876,Bently Roxas,Bently Dadula Roxas,2083,22
102970332164739,"Cathy Gopico. Member, Sangguniang Panlalawigan.",Norman Esparrago Gopico,2045,4
100877355420271,One to Tree,One to Tree,2012,1
608006729355847,Luisa Lloren Cuaresma,Benjamin Lloren Cuaresma Iii,2000,5
111563964712077,Atty. Dino Yulo,Atty. Dino Yulo,2000,1
505887912898325,Positive Energy,Energy Development Corporation,2000,2
104001402372027,Vice Mayor Mark Villaluna Galsim,Mark Francis Villaluna Galsim,2000,4
118443847880911,Run for Lupus Warriors,Marvin Tanglao Sedilla,2000,2
113141712082464,Ruth Mariano Hernandez,Odraude Hernandez Alub,1999,2
101292275353483,Philippine Daily Inquirer,These ads ran without a disclaimer,1996,1
100350859238580,Mayor Jassie Tañala,Amor U. Nacional,1981,3
101082242758012,Asenso News Iligan City,Asenso News Iligan City,1950,5
247614528925771,Hey Moonshine,Don Carlo Rex Ybanez,1949,9
100107185753805,Rep. Claudine Bautista,Rep. Claudine Bautista,1922,3
104158859260854,The Bohol Marites,The Bohol Marites,1912,3
327812967287458,Vic-Vic Magsaysay,Vic-Vic Magsaysay,1895,3
103078755104275,V My Beauty Marketing Inc.,These ads ran without a disclaimer,1893,1
111864561601350,"Doc Carmela Castro, MD",These ads ran without a disclaimer,1886,1
102389359204185,Cagayan de Oro City Information Office,Cagayan de Oro City Information Office,1863,13
434662434006526,GEL Adriano,GEL Adriano,1800,2
388689438381348,Mike Defensor,The Mike Defensor Organization,1777,8
110505531540054,Hon. Tata Ortega-Casetta,Hon. Tata Ortega-Casetta,1770,4
166107624078770,Camanava News,CAMANAVA News,1763,14
319818695398069,"Kgwd. Lito del Rosario - Naga City, Camarines Sur",Joselito San Andres Del Rosario,1734,1
639521416211473,ImagineLaw,ImagineLaw,1719,1
109143528565176,DLMP Arts & Crafts,These ads ran without a disclaimer,1665,1
348604679160235,Vice Mayor Victor De Villa,Niño Fernando Abad,1661,1
601139760220755,Pilipinas TODAY.,Pilipinas TODAY.,1642,2
594546817629223,Negosyo QC,Polsure,1637,1
102327208446392,FACTS,FACTS,1595,1
101308502203590,Congressman Romeo S. Momo Sr.,Romeo S. Momo,1571,1
107701168822758,Aksyon TV,Aksyon Demokratiko,1565,3
109710418458335,Kokok's Chicken Bagnet Ph,These ads ran without a disclaimer,1564,1
100805324763895,Provincial Government of Bohol,Provincial Government of Bohol,1562,4
1575255799442005,Galit Ako Sa Corrupt at Krimen,Advocates Philippines,1558,1
120398274355528,Philippine General Hospital News,These ads ran without a disclaimer,1557,3
307855770033568,"Estelito ""Litoy"" R. Marabe, CPA",Mark Anthony Pelere Alima,1517,4
1528902407332883,Konrad-Adenauer-Stiftung Philippines Office,Konrad-Adenauer-Stiftung Philippines,1509,4
100136438865259,Ako Volunteer - BBM SARA,Volunteerism Initiative,1508,2
104092505306470,"Mayor Jerry ""Jercans"" Canoy Jr.",Jerry Agustin Canoy Jr.,1500,1
225822810955433,Bangsamoro News,Bangsamoro News,1500,2
103831982658851,Cebu Chronicle,Cebu Chronicle,1500,1
312768352778486,Atty. Gigi B. Aggabao CPA,Giorgidi Buza Aggabao,1500,6
159229717938942,"CEED - Center for Energy, Ecology and Development",CEED Philippines,1500,1
107919664975507,CEBU Bookkeeping Services,These ads ran without a disclaimer,1498,6
454536418241945,MakeSense,MakeSense Asia,1496,2
626042837562556,Lanz Almeda,Jose Lorenzo Torres Almeda,1491,2
110865933824068,United San Isidro,United San Isidro,1467,2
100738036287814,Philipshop Company,These ads ran without a disclaimer,1453,2
366797844060990,Now You Know,Now You Know,1437,10
105530902042738,Alpha Phi Omega - Alpha Gamma Chapter,Geneva Benice Perez Lapeña,1400,8
108716480730147,Cong Jing Paras,Cong Jing Paras,1395,13
123439544364779,A Public Life,Advocates Philippines,1388,1
104511920967934,Vice Mayor Eric Dioneda,Nilo Jr Akil Catapang,1356,3
1513598595608136,Konsehal Phillip Yerro Kimpo,Phillip Jr Yerro Kimpo,1349,23
103409086014945,Team Adrian Amatong,Ben Jasper Amatong Tomas,1330,5
552261265271525,Robert Pacheco QC District III,These ads ran without a disclaimer,1284,2
101630711240288,Atty. Ras Mitmug,Atty. Ras Mitmug,1282,4
110697974746755,George E Well's Planet,These ads ran without a disclaimer,1260,2
138279376537685,Bebot Rodriguez,Jocelyn Bautista Rodriguez,1246,2
199920686825515,UNHCR Philippines,These ads ran without a disclaimer,1236,5
138756620064262,Fanack.com of the Middle East and North Africa,These ads ran without a disclaimer,1236,2
104084935695718,Digital Pinoys,Digital Pinoys,1200,2
852370551453606,GARP,These ads ran without a disclaimer,1196,1
103485755951862,EDCOM 2 - Second Congressional Commission on Education,Education Commission II,1165,3
109427420791196,Don Papa Masskara,These ads ran without a disclaimer,1124,1
796469633795828,Konsehal LIZ Lupisan,Analiza Dela Cruz Lupisan,1113,5
1344097822347905,Surigao Digital News,Surigao Digital News,1100,3
102149044584904,Iparush kay Paras,Iparush kay Paras,1099,11
101821709575054,Kon. Weng Naredo,Christine Regodon Macabetcha,1096,7
100613639077658,Councilor Jomil Serna,Friends and Supporters of Jomil Serna,1082,1
480552092150213,Malayang Quezon City,Message Doctor PH Company,1052,5
108853501297043,We Got This,These ads ran without a disclaimer,1048,1
105646971599355,Surigao Viral Issues,Surigao Viral Issues,1022,3
117830711233725,Feng shui jewelry,These ads ran without a disclaimer,1006,1
529901257160994,Paz Radaza,Klin Mar Mejo,1005,2
973429919361677,Bayer Crop Science Philippines,These ads ran without a disclaimer,1000,1
108406228422917,San Pedro News Update,San Pedro News Update,1000,2
136649688902,R.O.X. Philippines,These ads ran without a disclaimer,1000,1
1116221978549618,Team Eddiebong,Mark Larry Jabuen Chua,1000,3
250740601795511,Philippine Institute of Cyber Security Professionals,These ads ran without a disclaimer,1000,1
2272110229474022,Bagong Bicol,Bagong Bicol,1000,1
109755128094975,CaSaMa,CaSaMa,1000,3
882433785480661,"Adrian Jay ""AJ"" Advincula",Klaeford Crispin,1000,2
100258655377645,SP Mark Vega Quimpo,Mark Vega Quimpo,1000,3
342074396877,IRRI,IRRI,1000,1
1452648134951782,Local Government Unit of Solano,Tyrone Joy Galasinao Dagdag,1000,2
108258685227240,WHO R U?,The World Tonight,1000,1
108676025116834,Supporters of Atty. Ronald S. Cubero,Rj Rose Superio,1000,3
101607109377659,Baé Apparel,These ads ran without a disclaimer,988,1
109553961948069,Ang Magsasakang Pilipino,Message Doctor PH Company,980,6
105691871912480,Joel B. Tingbaoen Jr.,Joel B. Tingbaoen,978,6
401812333925645,Malayang Quezon City,Message Doctor PH Company,960,5
104894502421974,PH Biz Forum,Message Doctor PH Company,959,8
113997578356101,Doc. Liza Ramoso Ong - Health Tips,These ads ran without a disclaimer,955,1
222345887828926,CEAP,CEAP,928,1
339388553513534,Basta Batas,BiG SOUND fm,913,2
101146792912154,Sky ng Kabataang Tinajeros,Sky ng Kabataang Tinajeros,910,6
102070751171612,Tuloy Ang Aksyon Konsehala RL Leachon,Ronalee Escondo Leachon,900,3
101329642785264,Alyansa,Message Doctor PH Company,897,6
348897152945632,Leslie Cruz Official,Leslie F. Cruz,883,4
321351771993681,Pilipinas Today Tweets,Pilipinas Today Tweets,855,2
484351918424947,Lagablab LGBT Network,Saira Galano Pambid,851,1
109341191201636,Bagong Ngayon,WFPH,832,1
1970443026429126,Atty. Carlo P. Loreto,These ads ran without a disclaimer,815,1
112780255057489,Cebu Troubadour Reels,These ads ran without a disclaimer,811,1
389309271851098,Pinoy Builders,Jonnadeth Sicat Coja,800,1
106750144853075,Western Visayas Peace Advocates,Jake Delos Reyes,800,4
1706379116093495,Councilor Michael Dy,Michael Roxas Dy,800,6
100603978541656,GCFWatch,GCFWatch,800,1
1919620981640591,The Initiative PH,The Initiative PH,800,2
1535594466686140,Aboitiz,These ads ran without a disclaimer,783,1
112587111634087,d0pamine.dealer,These ads ran without a disclaimer,777,1
2302092736708895,Candy Tanael Völlinger,These ads ran without a disclaimer,767,3
111303025104461,Yarn ang Pinoy,Message Doctor PH Company,732,7
479285342097950,AeroTime,These ads ran without a disclaimer,730,1
103679252545648,Obrero Pilipino,Message Doctor PH Company,720,6
100173486265813,Malayang Pilipinas,Message Doctor PH Company,720,6
1000238306712825,Malcolm Andaya Sanchez,Jessica Aguila Sanchez,700,1
105074128995988,Affordable House and Lots Investment in Nueva Ecija,These ads ran without a disclaimer,690,2
102907729290658,Pilipinas Kong Mahal,Message Doctor PH Company,680,6
115575820139019,Af Fhyf,These ads ran without a disclaimer,662,3
1829267970657926,The Bohol Marites,The Bohol Marites,660,6
109446438397058,Live Longer with Stem Cell Placenta,These ads ran without a disclaimer,644,1
144850891032982,Councilor VANJ Manugue,Evangel Shalom Santos Manugue,630,3
116877730169772,Atty. Ana Alvarez,Jan Ione Royo Salveron,620,3
131189377574,MDPI,These ads ran without a disclaimer,616,4
597290923763320,Jayve Diaz- JECD,Jay Eveson Catolico Diaz,600,2
107562098357123,Councilor Efren Abad De Vera Sr.,Kane Zyril Rayat Bernardino,600,2
118592938221174,ZTE Corporation,These ads ran without a disclaimer,599,2
1656590977890066,IDEO U,These ads ran without a disclaimer,595,2
265779500134955,SM Supermalls,These ads ran without a disclaimer,571,1
115140746852472,UDDS 10M Strong by Marynette,These ads ran without a disclaimer,566,1
101675408105787,Konsehal Bani Señar,Giovanni Andaya Señar,531,4
108087191902164,Dr. Divina - Ang eksperto sa utak ng mga bata sa Manila,These ads ran without a disclaimer,529,2
113167608417757,Pia Atutubo SK Chairwoman,Albert Allan Coronel Ventura,519,2
1571061213111533,GlobeICON,These ads ran without a disclaimer,515,2
2078120019132500,"Bernadette ""Badette"" Balbas","Bernadette ""Badette"" Balbas",512,2
374219229736809,Councilor Julius Bacote Frago,Julius Bacote Frago,503,9
110190618664751,Gov. Christian Noveras,Gov. Christian Noveras,500,1
102520795250344,Thinking Surigaonon,Thinking Surigaonon,500,1
100649511897423,John-John Garcia,Friends of John-John Garcia,500,1
257161026196000,Dr. Maria Bella Z. Nonato - Buhi Municipal Councilor,Nomar Casiven Zantua Nonato,500,1
256228909616718,Jhan HERO Sumera,Jhan Hero Magpantay Sumera,500,1
103007202485943,The Mangroves,These ads ran without a disclaimer,500,1
1111819189015891,DNX News,DNX News,500,1
292353035903143,BBM Latino America,Markus Anthony Prats Estrada,500,1
752359378112511,National Authority for Child Care,National Authority for Child Care,500,1
112402680133781,BHTV News Philippines,Mark Cornelio Platon,500,1
331150954999781,We Effect Philippines,We Effect Philippines,500,3
110021974112031,Harold David Butardo,Harold David Butardo,500,1
451662421575725,Office Of Councilor Ronnie Acuña,Ronnie Santos Acuña,500,1
109077978397777,Philippine General Hospital,These ads ran without a disclaimer,492,1
100188688826625,Ka’ Pusngak,These ads ran without a disclaimer,490,1
260322657501061,MPower,These ads ran without a disclaimer,490,1
114800534893965,Ligtas na Pilipinas,Message Doctor PH Company,480,4
221097485264422,Councilor Numero “Uno” Lim,Numero Gonzales Lim,477,5
106219125482934,"Vice Mayor J. Melchor Quitain, Jr.",Melchor Jr. Bumpus Quitain,477,1
102538009431473,Jenny's Wellness Spa,These ads ran without a disclaimer,469,2
111324628476603,REact PH: Choose Renewables,These ads ran without a disclaimer,459,1
109355941390893,Mayor Fer Simbulan,These ads ran without a disclaimer,458,1
106336994957376,Konsehal Prescilla Gina David Magbuhos - Public Servant,Prescilla Gina David Magbuhos,458,4
2145264748901221,Small World Christian School Foundation,These ads ran without a disclaimer,451,2
101686682941298,KidneyCure.ph,These ads ran without a disclaimer,449,1
109002621740870,JEL Japan Surplus,These ads ran without a disclaimer,441,1
143940582906987,Bran Ferrer Reluao,Authority Asia Communications Inc.,434,3
19746387261,Humane Society International,These ads ran without a disclaimer,425,4
100683162555207,Jackyluste,These ads ran without a disclaimer,421,2
109473142147318,Tops Ebooks Ph,These ads ran without a disclaimer,418,6
108060435281229,The  Good  Sheffered,Romnick B. Tubo,416,1
328791301298128,Atty. Jem Sy,These ads ran without a disclaimer,402,1
111413071615293,City Government of Iligan,City Government of Iligan,400,1
133006910363787,"Reynante ""Jowar"" S. Bautista",Lesslie Tigas Bautista,400,1
101491971923779,Chik's Collection,These ads ran without a disclaimer,400,1
100528022689066,Association of Concerned Citizens - WV,Jake Delos Reyes,400,2
101518838054472,Civil Defense Northern Mindanao - Region 10,Civil Defense Northern Mindanao - Region 10,400,1
104768595584063,Must Fly Philippines Travel and Tours,These ads ran without a disclaimer,397,1
680338185452617,Nanette Medved-Po,These ads ran without a disclaimer,393,1
101879075639742,Vicky Aguirre,These ads ran without a disclaimer,388,1
1623233607942798,Dada Reyes,Ron Anthony Tolentino Reyes,384,1
103095532784064,Arciee Santiago,These ads ran without a disclaimer,381,5
1540232876241171,Wavin Asia Pacific,These ads ran without a disclaimer,381,7
110774773589020,Jonas Porto Labuguen,Elenita Camposagrado Pulido,376,2
186819855951,Nisce Skin Medispa,These ads ran without a disclaimer,370,1
358481724165689,UTS International Students,These ads ran without a disclaimer,364,1
107709755469083,Bayan ng Magigiting,Message Doctor PH Company,360,3
1456888764613517,Vertis North,These ads ran without a disclaimer,355,1
733377353430298,Sustainable Davao Movement,Sustainable Davao Movement,355,1
312639689542558,Totie Sy Pro Detailer,Chris Lawrence Loo Sy,341,1
105014187849769,Binhood,Binhood,340,3
559675381076622,Bisyo Sen. Bong Go - Magserbisyo.,These ads ran without a disclaimer,337,1
108473028854650,Riza Oben Dormiendo,These ads ran without a disclaimer,335,2
100374392742057,Weregreenly- Magazine,These ads ran without a disclaimer,331,55
113238417024056,Anna Mae Yu Lamentillo,These ads ran without a disclaimer,330,1
578216155668052,"Councilor Roger John ""RJ"" Fariñas",Roger John Caballero Farinas Ii,327,1
1434381969916553,PetroEnergy Resources Corporation,These ads ran without a disclaimer,320,1
445600182298314,Think Big Taguig,These ads ran without a disclaimer,318,1
1391024644348015,GuardianPh,"7Core Communications, Inc.",315,2
1452648134951782,Local Government Unit of Solano,Mae Madelaine Galamay Danao,311,1
108349731651004,Nissan Isabela by Mylene Eugenio Alvarez,These ads ran without a disclaimer,308,1
115119824858240,Sign Together,These ads ran without a disclaimer,307,2
101090801982743,George Tagalog,These ads ran without a disclaimer,307,2
637575903051285,Mariano Builders,These ads ran without a disclaimer,303,1
146152528747570,SL Agritech Super Hybrid Rice Seeds,Ebenezer Famorcan Basco,302,1
157586528019668,Nigel Ng,These ads ran without a disclaimer,302,1
144016848945624,Menchaca Hermanos,These ads ran without a disclaimer,300,1
104107531577239,Councilor Michelle Sweet,Jetel Ko,300,1
100958735357252,Michael 'MB' Balindoa,Michael Balindoa,300,1
102169376224571,WagGas,Aryanne Shirene Tarun De Ocampo,300,1
102974578564677,Kap Bobot Matutino,Conster Agunod Matutino,300,1
751007331705910,Vice Governor Jigjag Pelaez,Maria Cassandra Mae Padla Rosos,300,1
102042039250582,EFI Business Loan,These ads ran without a disclaimer,297,1
1408354379437566,Neil Mateo,These ads ran without a disclaimer,288,2
113143690600297,Ciao Italia,These ads ran without a disclaimer,281,1
1006886442757989,Aveeno,These ads ran without a disclaimer,281,1
110097037479650,2G Thrifty Boutique,These ads ran without a disclaimer,281,1
165453470579426,IQOR,These ads ran without a disclaimer,275,1
103111869101787,Little Dino,These ads ran without a disclaimer,273,5
110505531540054,Hon. Tata Ortega-Casetta,Maricel Joy Ortega Casetta,250,1
106307811321442,Dra. Shiela Ferrer - Baniqued,Angel Martinez Baniqued Jr,250,1
2050069718636102,Anrecul Sicnarf,These ads ran without a disclaimer,245,1
111450454091702,janzeventually,These ads ran without a disclaimer,245,1
110190847384741,SG works Advertising,These ads ran without a disclaimer,240,1
360694831492052,KAG. JOAN BATAN,These ads ran without a disclaimer,240,1
104595105786231,Pinoy OFW Network,Message Doctor PH Company,240,2
112131201686528,SUPER KAP,The Message Booster Corp.,240,2
283068288415736,HOPE: Business For Good,These ads ran without a disclaimer,238,1
106475068390652,Lương Y Phạm Anh Đào - Đặc Trị Xương Khớp,These ads ran without a disclaimer,232,3
111954177189197,Abogado Juan: Atty. John Bongat,These ads ran without a disclaimer,231,1
1608388002747239,Huawei FusionSolar,These ads ran without a disclaimer,225,1
102670618102667,Mayor JR Santos,Angelica Nerie De Vera Santos,224,1
1651058751878329,PinPin Uy,These ads ran without a disclaimer,223,1
116171264739528,Jhe Ssie Ca,These ads ran without a disclaimer,222,5
2526565254236651,SPM Gian Crisostomo,SPM Gian Crisostomo,222,1
382367002579443,101 boat buffet samal davao island hopping catering,These ads ran without a disclaimer,222,1
107081312406718,Kagawad Malou Castillo,Albert Allan Coronel Ventura,221,1
103288482637036,Merce Angele,These ads ran without a disclaimer,215,1
108625789179165,Soi Dog Foundation,These ads ran without a disclaimer,208,2
103740675411302,imgsinghannabelle,These ads ran without a disclaimer,207,1
106740405745094,Giting ng Santolan,These ads ran without a disclaimer,206,1
308432285929999,Solomon's Proverbs Commentary - Chinese Version,These ads ran without a disclaimer,204,1
102624811687715,Eye Can Cataract Surgery Center and Eye Care Clinic - San Juan CIty,These ads ran without a disclaimer,201,1
101896385927302,Authority Asia,Authority Asia Communications Inc.,200,1
104354016010360,Marcus & Co.,These ads ran without a disclaimer,200,1
108276595097870,Neptali Bacuso Camsol,Jonathan Malinias Camsol,200,1
104278205658325,Councilor Jahara Salazar Gubat,April Jahara Salazar Gubat,200,1
161724383883802,SB Naphy Facunla,Napholion C. Facunla,200,1
101769791641730,SB Tata Supporters,Rolly Jude Mariano Ortega,200,1
102389359204185,Cagayan de Oro City Information Office,These ads ran without a disclaimer,197,2
108161045597004,Lawrence Cesar Pelletero,These ads ran without a disclaimer,196,1
102958562272738,Miss Chief Editor,These ads ran without a disclaimer,195,1
108361825022035,PARC Samar and Leyte,These ads ran without a disclaimer,193,1
1674692332785202,"Miguel ""Migz"" Zayco",These ads ran without a disclaimer,192,1
659153664797556,Health Care Facility 4,These ads ran without a disclaimer,190,1
105934040893085,Thomas Isias Waje,These ads ran without a disclaimer,188,1
366797844060990,Now You Know,These ads ran without a disclaimer,186,1
107344477565011,Cong. Maria Fe Abunda,Chessa Sy Yutankin,177,1
438693356722628,Dadays Clothes Store Iba Zambales,These ads ran without a disclaimer,173,1
125595624162031,憲哥身材管理c3,These ads ran without a disclaimer,172,1
102735312138491,Tuloy Ang Tulong at Serbisyo-TATS,These ads ran without a disclaimer,172,1
107478862028628,Konsehal Giulius Samson,Giulius Samson,171,1
855066267986582,Affordable Life Plan and Insurance - St Peter agent Rechelle Morga,These ads ran without a disclaimer,171,1
1441778002773637,The way to Islam,These ads ran without a disclaimer,169,1
220542682612,DJ Double B InternationalHostEmcee LightsSounds LiveStreamingService,These ads ran without a disclaimer,168,2
114364031608765,Angelie M. Mamac,These ads ran without a disclaimer,168,1
483430665076578,Edukasyon.ph,Edukasyon.ph,166,2
103322022660019,Genreid Estrada,These ads ran without a disclaimer,163,1
118888011184460,"JRC Famous Fishball-Sampaloc,Manila",These ads ran without a disclaimer,162,1
104117745847093,Mrs Lucky18,These ads ran without a disclaimer,158,2
106314054409571,Zydee in Dubai,These ads ran without a disclaimer,153,1
372811693125669,"Newfold Digital Philippines - Formerly Dreamscape Networks, Inc.",These ads ran without a disclaimer,152,1
2021264188179777,Byaheng GAAbante,Byaheng GAAbante,150,1
105527488494426,Hidlaw Panay,HIDLAW Panay 2022,150,1
111096401719569,Colors of Life 色彩．人生,These ads ran without a disclaimer,148,1
125657870834588,The Freeman,These ads ran without a disclaimer,148,1
102106305033084,Hezekiah Accounting Services Co.-Pasig Branch,These ads ran without a disclaimer,147,2
188925428202321,Real California Milk Philippines,These ads ran without a disclaimer,146,1
352792565398869,Juzaika Japan & Autralian Surplus,These ads ran without a disclaimer,145,1
116660961323929,Charlie Artugue,These ads ran without a disclaimer,145,1
104990229278567,3rd Hinunangan Half Marathon 2023,These ads ran without a disclaimer,144,1
157566977640144,"7Core Communications, Inc.","7Core Communications, Inc.",138,1
118346724571615,Michael Van Barrios,These ads ran without a disclaimer,137,1
333332490824094,Plastic Bank,These ads ran without a disclaimer,137,1
229154803916893,Open Doors PH,These ads ran without a disclaimer,133,2
107847321664532,Henry Tumlos,These ads ran without a disclaimer,132,1
373083609877566,Kgd. Nol Quilinguen,These ads ran without a disclaimer,132,1
109753215266024,Maybelle Blossom Aquino Dumlao-Sevillena,These ads ran without a disclaimer,131,1
100108226244136,PH 24 ORAS,The Message Booster Enterprise,130,1
31292782350,Deutschland.de,These ads ran without a disclaimer,126,9
103904618020952,Kikumoto Immigration Firm,These ads ran without a disclaimer,124,1
117446344659032,Online Sugalan to the Max,Jonathan Uson Costamero,124,2
107745685148188,AAT Granite Installation Services,These ads ran without a disclaimer,123,1
109242738827757,The Royal Health Alliance,These ads ran without a disclaimer,123,1
106256777922958,SEA Today News,These ads ran without a disclaimer,121,4
104894502421974,PH Biz Forum,The Message Booster Enterprise,121,2
101329642785264,Alyansa,The Message Booster Corp.,120,1
100887732603426,"Cultural Center, Iran Manila",These ads ran without a disclaimer,120,2
347265340270,Architecture Competitions,These ads ran without a disclaimer,120,1
100117561674464,Tagalog Sermon Outline Resources,These ads ran without a disclaimer,120,1
1919620981640591,The Initiative PH,These ads ran without a disclaimer,118,1
323973651073403,"Visayas Command, AFP",These ads ran without a disclaimer,118,2
105515195010665,Terra Business Permits Assistance,These ads ran without a disclaimer,117,1
33308238802,Asian Institute of Management,These ads ran without a disclaimer,116,1
119666034725265,Aster DM Healthcare,These ads ran without a disclaimer,116,1
109970274861274,Councilor Kim Bandarlipe,Kim Garabiles Bandarlipe,115,1
1410371328976062,Roy M. Gonzales,These ads ran without a disclaimer,115,1
112346188472684,Stemcell Technologist,These ads ran without a disclaimer,114,1
102023009327901,Global Compassion Coalition,These ads ran without a disclaimer,112,3
120799677625833,4Rfamily,These ads ran without a disclaimer,112,1
112131201686528,SUPER KAP,Message Doctor PH Company,112,1
1850984888476544,Le An Travel Solutions,These ads ran without a disclaimer,111,1
127048324463682,Camaya Properties by Team LionHeart,These ads ran without a disclaimer,111,1
100193125465422,amanahlestarialam,These ads ran without a disclaimer,110,1
111716750661105,怦然星動,These ads ran without a disclaimer,110,1
105236148413499,chilean_mate,These ads ran without a disclaimer,109,1
115271461511500,Levie Fuentes Torres,These ads ran without a disclaimer,109,1
107328828775124,EcoSource Solar Solutions,These ads ran without a disclaimer,102,1
110862751824432,DVillanueva Annie,These ads ran without a disclaimer,102,1
101393355495269,Karina Cuevas Reyes,Karina Reyes,≤100,1
263174607643447,Ako Bakwit,Nazh-Far Mariwa Berganio,≤100,1
434362833996388,Board Member Juday Dote Servando,Judy Ann Dote Servando,≤100,1
888775471252534,Vice Mayor Jeffrey Ganzon,Ailalay,≤100,1
104068396002526,Project Lugud: O So Diskonekted,These ads ran without a disclaimer,≤100,2
101626476153675,USWAG Sibugaynon,These ads ran without a disclaimer,≤100,1
64982236830,Alumni Association of the University of Michigan,These ads ran without a disclaimer,≤100,1
106630794679150,Thecutedumb,These ads ran without a disclaimer,≤100,2
108091988358295,Travels All Abroad,These ads ran without a disclaimer,≤100,4
108729722196390,Dear Self Noted,These ads ran without a disclaimer,≤100,1
106770122061435,Boses ng Bayan Amadeo,These ads ran without a disclaimer,≤100,1
299932104033196,Papa Designs - Main,These ads ran without a disclaimer,≤100,1
104770119213092,Kimmy Funtilon,These ads ran without a disclaimer,≤100,1
107927202016607,The Playhouse Cauayan,These ads ran without a disclaimer,≤100,1
101598589306750,Siga,Siga,≤100,1
101726075086081,Chesca Persia,Chesca Persia,≤100,1
252124794972587,Citie Blooms,These ads ran without a disclaimer,≤100,1
249882958438073,Quest Hotel & Conference Center - Cebu,These ads ran without a disclaimer,≤100,1
109454085186471,Asenso Baroy,These ads ran without a disclaimer,≤100,1
101137925240884,MJ's Closet,These ads ran without a disclaimer,≤100,1
111629731938245,"Tol, Transporter",These ads ran without a disclaimer,≤100,1
109357885371116,Maria Masaya P Pangaruy,These ads ran without a disclaimer,≤100,1
103014512816115,ballesteros vlog,These ads ran without a disclaimer,≤100,4
172348652806226,DEKRA,These ads ran without a disclaimer,≤100,1
108642343902560,Fight4Freedom Philippines,These ads ran without a disclaimer,≤100,1
2224604001197552,Michael Dragon Javier,These ads ran without a disclaimer,≤100,1
401812333925645,Malayang Quezon City,These ads ran without a disclaimer,≤100,1
472103676235654,"Ako'y Sariayahin, Ikaw ga?",These ads ran without a disclaimer,≤100,2
111303025104461,Yarn ang Pinoy,The Message Booster Enterprise,≤100,1
103679252545648,Obrero Pilipino,The Message Booster Enterprise,≤100,1
186941441963835,"Barangay Sabang, Lipa City",Nivend Dimayuga Lasin,≤100,4
113348455030276,Orson Ubay-ubay Garcia,These ads ran without a disclaimer,≤100,1
107709755469083,Bayan ng Magigiting,The Message Booster Enterprise,≤100,1
100479289400227,Municipal Government of Obando,These ads ran without a disclaimer,≤100,1
104595105786231,Pinoy OFW Network,The Message Booster Enterprise,≤100,1
104103019131273,Our World Meta,These ads ran without a disclaimer,≤100,1
100934369535972,Fred Anthony,These ads ran without a disclaimer,≤100,1
100173486265813,Malayang Pilipinas,The Message Booster Enterprise,≤100,1
111448271195692,8983aj,These ads ran without a disclaimer,≤100,1
107894342022059,Rebuilt & Rise Trading OPC,These ads ran without a disclaimer,≤100,1
170254846492680,Erga page,These ads ran without a disclaimer,≤100,1
111166681818462,KapeHuan Mobile,These ads ran without a disclaimer,≤100,1
106658591979559,Mac&J window blinds trading Bacolod branch,These ads ran without a disclaimer,≤100,1
105234167690261,AG Car Rental Cebu,These ads ran without a disclaimer,≤100,1
104884022478816,Clean Earth Ph,These ads ran without a disclaimer,≤100,1
354860568383206,JJS FOOD HUB,These ads ran without a disclaimer,≤100,1
1515763818663512,CNN Philippines,These ads ran without a disclaimer,≤100,2
164898030855342,Skin911 Davao - Lanang Branch,These ads ran without a disclaimer,≤100,1
130159990066736,City Sights,These ads ran without a disclaimer,≤100,1
109051174913912,Jhon Kevin G. Arado,These ads ran without a disclaimer,≤100,1
1743680625843449,OST Tayabas Heritage Group Incorporated,These ads ran without a disclaimer,≤100,1
118110185432759,Stoller Philippines,These ads ran without a disclaimer,≤100,1
1513598595608136,Konsehal Phillip Yerro Kimpo,These ads ran without a disclaimer,≤100,1
107480445285867,JCI Las Pinas,These ads ran without a disclaimer,≤100,1
105418119177148,Regal Governance Alliance League,These ads ran without a disclaimer,≤100,1
118068784628175,Chicas De Junta,These ads ran without a disclaimer,≤100,1
707882586056337,Ayala Malls Vertis North,These ads ran without a disclaimer,≤100,1
121892191231546,Евразийский банк развития,These ads ran without a disclaimer,≤100,1
100436846011077,Abogada Nikki Pilar,These ads ran without a disclaimer,≤100,2
122773617484272,Akhi Ceides Celestino Corral,These ads ran without a disclaimer,≤100,2
110818941452003,Morehackz Stories,These ads ran without a disclaimer,≤100,5
115976838124579,Yvonne Demotica Lindres Abaya Dumangas Fiesta Queen 2023,These ads ran without a disclaimer,≤100,1
124252504303223,UNICEF (FR),These ads ran without a disclaimer,≤100,2
533882799994202,Michael Choi,These ads ran without a disclaimer,≤100,1
101121136295759,ROE x MANNY Pacquiao NFT,These ads ran without a disclaimer,≤100,1
373926236471056,Kit Gallery,These ads ran without a disclaimer,≤100,1
105408382565175,Luz Carungay,These ads ran without a disclaimer,≤100,2
21474437688,Deloitte,These ads ran without a disclaimer,≤100,1
103976429249141,MetroPh Digital,These ads ran without a disclaimer,≤100,1
119229077807903,Haodehaode108,These ads ran without a disclaimer,≤100,1
121420517615441,Tamfaken Lum'alay Festival,These ads ran without a disclaimer,≤100,3
105637812232050,Archangels Sports Apparel,These ads ran without a disclaimer,≤100,1
115632074860305,Melita Redito Eleccion Rendon,These ads ran without a disclaimer,≤100,2
621083371323466,인민망,These ads ran without a disclaimer,≤100,1
101840411837559,Liang Crispy Roll PH,These ads ran without a disclaimer,≤100,1
100162738241949,Xu Zeyu,These ads ran without a disclaimer,≤100,1
104643954963972,Online Pabenta,These ads ran without a disclaimer,≤100,1
107777182316820,Baguio GREEN EXPO,These ads ran without a disclaimer,≤100,1
358172310973819,Pulse Association of the Philippines,These ads ran without a disclaimer,≤100,1
117039841320523,Big Pink Youth Dialogue,These ads ran without a disclaimer,≤100,2
113192036820162,Prof. Soc Anthony del Rosario,These ads ran without a disclaimer,≤100,1
101329642785264,Alyansa,The Message Booster Enterprise,≤100,1
103114146142400,YES to JVA,These ads ran without a disclaimer,≤100,1
101002224779138,J’s Heavy Equipment Rental Hub,These ads ran without a disclaimer,≤100,2
107357513999460,Breast Surgery PH,These ads ran without a disclaimer,≤100,2
326577858236185,Konsehal Amiboy A. Perales,These ads ran without a disclaimer,≤100,1
101295508364960,Alcoan Driving School,These ads ran without a disclaimer,≤100,1
106792341615255,One Day at a Time  O,These ads ran without a disclaimer,≤100,1
109369965391393,Jimmy Escondo Arroza,These ads ran without a disclaimer,≤100,1
109937251942333,Authentic Godo,These ads ran without a disclaimer,≤100,1
102682244647551,Gomez Kingharl,These ads ran without a disclaimer,≤100,1
101779124979467,BasisTables,These ads ran without a disclaimer,≤100,1
102780392650615,"Teodoro R. Yangco Masonic Lodge :: 351, R3-Zambales",These ads ran without a disclaimer,≤100,1
116308369063243,Kambria,These ads ran without a disclaimer,≤100,1
1452232881531908,UNICEF East Asia & Pacific,These ads ran without a disclaimer,≤100,3
104644508365454,jazxjelly.art,These ads ran without a disclaimer,≤100,1
112131201686528,SUPER KAP,The Message Booster Enterprise,≤100,1
110860242012594,PMFI-CSR,These ads ran without a disclaimer,≤100,2
2368316036787161,City Government of Isabela de Basilan,These ads ran without a disclaimer,≤100,2
102138619521029,Neth de los Santos,These ads ran without a disclaimer,≤100,1
100844496279800,M&B Auto Trading and Car Financing,These ads ran without a disclaimer,≤100,1
122572657813943,Pontifical University of St. Thomas Aquinas - Angelicum,These ads ran without a disclaimer,≤100,1
101291708363728,Tổng kho sách,These ads ran without a disclaimer,≤100,1
1726818180912288,Carlbalita Cotabato,These ads ran without a disclaimer,≤100,1
113267761589232,An Gel,These ads ran without a disclaimer,≤100,1
106396658531302,BCD PIO,These ads ran without a disclaimer,≤100,1
104453025918346,Catherine G. Plaza,These ads ran without a disclaimer,≤100,1
112034180621424,Mayor Don Abalon,These ads ran without a disclaimer,≤100,2
195624303902850,Rapport Ph,These ads ran without a disclaimer,≤100,1
134024489998663,"Aboitiz Land, Inc.",These ads ran without a disclaimer,≤100,1
110235408641442,Ipm-Cdc Waste Management Bacolod,These ads ran without a disclaimer,≤100,1
464529390281217,Fortrust Education PH,These ads ran without a disclaimer,≤100,2
122572870817792,Fa Chai Win,These ads ran without a disclaimer,≤100,1
101402578133322,DK-Core News,These ads ran without a disclaimer,≤100,1
122112487489355,Casa del Amor,These ads ran without a disclaimer,≤100,1
104099512361482,Funnies Now - Magazine,These ads ran without a disclaimer,≤100,16
845229052251749,ENZ Education Consultancy Services,These ads ran without a disclaimer,≤100,1
109249478779348,Konsi Ruben Sabado Agliam,These ads ran without a disclaimer,≤100,1
105003001590066,russy_p_papaphone,These ads ran without a disclaimer,≤100,1
101007335833258,Happy Truck,These ads ran without a disclaimer,≤100,1
119342637829973,HRD DepEd Northern Samar,These ads ran without a disclaimer,≤100,1
207586139332211,Asian Consulting Group - ACG,These ads ran without a disclaimer,≤100,2
799241656909898,Batanes Tattus Travel and Tours,These ads ran without a disclaimer,≤100,3
724904424249037,Sol Eugenio,These ads ran without a disclaimer,≤100,1
602757396840322,Bocah online,These ads ran without a disclaimer,≤100,1
100289162995811,Hugot ni Jacob,These ads ran without a disclaimer,≤100,1
556475357727793,World Organisation for Animal Health,These ads ran without a disclaimer,≤100,2
105580165492268,Reprint Mnl Printing Services,These ads ran without a disclaimer,≤100,1
108088022141004,"Governor Edcel ""Grex"" Lagman",These ads ran without a disclaimer,≤100,2
103092238774307,Sobe Ad Agency,These ads ran without a disclaimer,≤100,1
116355337718182,Moli lulu,These ads ran without a disclaimer,≤100,7
150793518281117,Covestro,These ads ran without a disclaimer,≤100,1
109877614125610,Komatsu,These ads ran without a disclaimer,≤100,1
101981918812659,Sindjus,These ads ran without a disclaimer,≤100,1
114186743283123,Australia Express,These ads ran without a disclaimer,≤100,1
102753938463585,Print Ko Disenyo,These ads ran without a disclaimer,≤100,1
1377727435646501,KIA BONGO CDO,These ads ran without a disclaimer,≤100,1
336816880446652,KARANSUtv,These ads ran without a disclaimer,≤100,1
162944477235247,Erlin Olan Photography,These ads ran without a disclaimer,≤100,1
109150338693242,Jason Adaza,These ads ran without a disclaimer,≤100,1
101466184613456,Fuzzy Times,These ads ran without a disclaimer,≤100,3
292780334633,International Christian Embassy Jerusalem (ICEJ),These ads ran without a disclaimer,≤100,1
550876251739520,Plastic Free Bohol,These ads ran without a disclaimer,≤100,1
101199639623409,Ji Su Ebike Dumaguete,These ads ran without a disclaimer,≤100,1
1717977938493466,Reyes Studio,These ads ran without a disclaimer,≤100,1
195799657105195,SEGi University & Colleges,These ads ran without a disclaimer,≤100,1
918318338180165,CHINT GROUP,These ads ran without a disclaimer,≤100,1
101849728551147,Fun Break Central,These ads ran without a disclaimer,≤100,15
111647200322822,AERA Printing and Packaging Services,These ads ran without a disclaimer,≤100,1
124109327256894,Dra. Ângela Pistão,These ads ran without a disclaimer,≤100,1
105561875784355,saopaulomaisperto,These ads ran without a disclaimer,≤100,1
105494999119637,Akonucheya TV,These ads ran without a disclaimer,≤100,1
1927306467551545,Karera sa Bukid,These ads ran without a disclaimer,≤100,1
161666143844859,Sandvik,These ads ran without a disclaimer,≤100,1
1589154051350606,FOZ - Friends of Zion Museum,These ads ran without a disclaimer,≤100,1
105035672362276,ASEAN-Japan Eco-School,These ads ran without a disclaimer,≤100,1
101386416129005,Jonathan Baco Abrigo,These ads ran without a disclaimer,≤100,1
113440984313721,Jogarquiz/freefun,These ads ran without a disclaimer,≤100,1
749745838758975,Phelps Dodge Philippines - Wires and Cables,These ads ran without a disclaimer,≤100,1
100193915664500,Joseph Omar O. Andaya,These ads ran without a disclaimer,≤100,3
106442387950353,CL Fashion co.,These ads ran without a disclaimer,≤100,1
100165642915505,Joyce Percy Pugosa,These ads ran without a disclaimer,≤100,1
107294189026788,Percival Tingpets Velez Batar,These ads ran without a disclaimer,≤100,1
120756794689695,Central Luzon Doctors' Hospital,These ads ran without a disclaimer,≤100,1
100912541413695,Más Impulso,These ads ran without a disclaimer,≤100,3
110099331940978,More Hackz - MediaSmarter,These ads ran without a disclaimer,≤100,2
106285788819078,"𝙀𝙍𝙄𝙆𝘼 ""𝙀𝙆𝘼 𝙍𝘼𝙈𝙊𝙎"" 𝙑𝙄𝙑𝘼𝙍",These ads ran without a disclaimer,≤100,1
63464009352,Mega Magazine,These ads ran without a disclaimer,≤100,1
151808344940167,Jevpic Productions,These ads ran without a disclaimer,≤100,1
101468615265397,Quiztest English,These ads ran without a disclaimer,≤100,1
102470226203265,Colonel Valencia,These ads ran without a disclaimer,≤100,3
1390745591150821,NRC - Norwegian Refugee Council,These ads ran without a disclaimer,≤100,1
102623776002357,Funnies Now - Magazine Page 2,These ads ran without a disclaimer,≤100,3
103023148280553,International HR Institute,These ads ran without a disclaimer,≤100,1
109926928389181,Gabriel Nunes,These ads ran without a disclaimer,≤100,5
426799224176976,ActionAid,These ads ran without a disclaimer,≤100,1
251976498539216,Erwin Tulfo,These ads ran without a disclaimer,≤100,1
106104364874560,BayWa r.e. Solar Distribution / PH,These ads ran without a disclaimer,≤100,1
265345800469382,Hyundai Motor Group,These ads ran without a disclaimer,≤100,1
1718677031753316,Living ASEAN,These ads ran without a disclaimer,≤100,1
100432812945779,algoresearch,These ads ran without a disclaimer,≤100,1
103937795477854,Habitude,These ads ran without a disclaimer,≤100,1
220898724599599,Ação da Cidadania,These ads ran without a disclaimer,≤100,2
105396005720390,Sahabat palestin,These ads ran without a disclaimer,≤100,1
109131941648187,Barefoot Theatre Collaborative,These ads ran without a disclaimer,≤100,1
109335605140131,Invest SEA,These ads ran without a disclaimer,≤100,1
469108196908388,Metro News Central,Metro News Central,≤100,2
106387855135011,VTV Đặc Trị Ung Bướu - Thầy Thuốc Nhân Dân Phạm Văn Thanh,These ads ran without a disclaimer,≤100,2
352462304853981,Serenity Band - Bohol,These ads ran without a disclaimer,≤100,1
105786685774089,Tita's Attic Finds,These ads ran without a disclaimer,≤100,1
430258463820053,International School of Ministry with Pastor Chris,These ads ran without a disclaimer,≤100,1
117818434635419,silasthestylish,These ads ran without a disclaimer,≤100,1
500259383489171,Guidable,These ads ran without a disclaimer,≤100,1
101178692525359,LONGi Asia-Pacific,These ads ran without a disclaimer,≤100,1
1378287415773116,Start Network,These ads ran without a disclaimer,≤100,1
111881424653695,Swank Guide,These ads ran without a disclaimer,≤100,1
165476513965,Royal Society Publishing,These ads ran without a disclaimer,≤100,1
112633081342760,RK World,These ads ran without a disclaimer,≤100,1
160368511216287,FrieslandCampina Careers,These ads ran without a disclaimer,≤100,2
204740833658478,Exness Life,These ads ran without a disclaimer,≤100,1
104324771785512,横河計測株式会社,These ads ran without a disclaimer,≤100,1
105880008604517,Tap Travel,These ads ran without a disclaimer,≤100,1
1065631633538453,Physicians Across Continents,These ads ran without a disclaimer,≤100,3
107816645208695,Flagship Store Closing Clearance,These ads ran without a disclaimer,≤100,1
111497354798409,Tinfoil U-Turn,These ads ran without a disclaimer,≤100,1
107130245691025,Daily Gifts 24H,These ads ran without a disclaimer,≤100,2
121147297646274,history_in_comparisons,These ads ran without a disclaimer,≤100,1
156466741102918,Monty Mobile,These ads ran without a disclaimer,≤100,2
103072135315463,Fully Delicious - Trends,These ads ran without a disclaimer,≤100,1
294837634511305,24/7 Mirror,These ads ran without a disclaimer,≤100,1
111735824660625,Big Treveler,These ads ran without a disclaimer,≤100,1
110478361801170,Primmitive,These ads ran without a disclaimer,≤100,1
176312779081792,Hitachi Asia,These ads ran without a disclaimer,≤100,1
111232968542053,Manual del Instalador Solar,These ads ran without a disclaimer,≤100,1
427648547297783,Hasan Ismaik - حسن إسميك,These ads ran without a disclaimer,≤100,2
107462001854150,Silly Traveler,These ads ran without a disclaimer,≤100,1
102800215034719,Lux & Lush - Culture,These ads ran without a disclaimer,≤100,1
101715608808670,Judgment Day: Angel of God,These ads ran without a disclaimer,≤100,1
106573632404586,NYCrippyK,These ads ran without a disclaimer,≤100,1
319907181792138,Fiona  Xie,These ads ran without a disclaimer,≤100,1
105885549169547,Kanazawa - WebNovel,These ads ran without a disclaimer,≤100,1
475778355919914,BB - Best Bios,These ads ran without a disclaimer,≤100,1
109036555449915,Slenergy,These ads ran without a disclaimer,≤100,1
329657520419653,FxGrow,These ads ran without a disclaimer,≤100,1
114336294489108,World Traveler,These ads ran without a disclaimer,≤100,2
872194049600781,Joorala,These ads ran without a disclaimer,≤100,1
110428748083535,Fleming College Toronto,These ads ran without a disclaimer,≤100,1
105789958807260,Trung tâm Da Liễu Việt Nam CS7,These ads ran without a disclaimer,≤100,1
105187402405067,Smart Better Manly,These ads ran without a disclaimer,≤100,5
100336519266202,MR Worldwide,These ads ran without a disclaimer,≤100,1
1448903671990351,China.org.cn,These ads ran without a disclaimer,≤100,1
102723762108199,Tsikdem Communication,These ads ran without a disclaimer,≤100,1
525102824185497,Indo-Pacific Defense Forum,These ads ran without a disclaimer,≤100,1
102211979093712,EdHeroes,These ads ran without a disclaimer,≤100,1
1592983857598216,China Eastern Airlines,These ads ran without a disclaimer,≤100,1
342526129176907,World Maritime University - headquarters,These ads ran without a disclaimer,≤100,1
107169648214472,Every Day Koala Living,These ads ran without a disclaimer,≤100,1
102245370126806,Luis Felipe Tilleria,These ads ran without a disclaimer,≤100,2
100269512409339,Tripfeed,These ads ran without a disclaimer,≤100,1
108367678367599,Mok Reading,These ads ran without a disclaimer,≤100,1
105645202272681,Migración Hoy,These ads ran without a disclaimer,≤100,1
589408861751444,UNEP International Environmental Technology Centre,These ads ran without a disclaimer,≤100,1
100539877985698,Spotlight Beijing,These ads ran without a disclaimer,≤100,1
115591005188475,Global Times,These ads ran without a disclaimer,≤100,1
187766727949541,Deportivo Alavés,These ads ran without a disclaimer,≤100,2
1882160755422758,Edgar Boshart,These ads ran without a disclaimer,≤100,1
1473321922884514,Chińskie Radio Międzynarodowe,These ads ran without a disclaimer,≤100,1
101567895290702,Me Time - Today,These ads ran without a disclaimer,≤100,1
109578537147209,Human Race,These ads ran without a disclaimer,≤100,1
137775936298821,HoneyTrek,These ads ran without a disclaimer,≤100,1
105729552522702,social.talks1,These ads ran without a disclaimer,≤100,1
100960082205245,More Hackz - the 1000 page,These ads ran without a disclaimer,≤100,3
224597158386607,Rosa Luxemburg Foundation,These ads ran without a disclaimer,≤100,2
101241435849797,Tot Reading,These ads ran without a disclaimer,≤100,1
114589821232581,Clean Energist,These ads ran without a disclaimer,≤100,2
101388509327100,Extra famous,These ads ran without a disclaimer,≤100,1
435272526866135,North American Kurdish Alliance - NAKA,These ads ran without a disclaimer,≤100,1
100413328754140,We Will Rank You podcast,These ads ran without a disclaimer,≤100,1
1449261928703911,Lux & Lush,These ads ran without a disclaimer,≤100,2
1304973099652147,Food and Travel,These ads ran without a disclaimer,≤100,1
104918367555965,The Fun Post,These ads ran without a disclaimer,≤100,1
108350544421634,How&Why,These ads ran without a disclaimer,≤100,1
106205285575214,DForce Platform,These ads ran without a disclaimer,≤100,1
114491254887383,Hilarious Hub,These ads ran without a disclaimer,≤100,3
103488685765636,Marcela Moura,These ads ran without a disclaimer,≤100,1
120223804387904,dailypositivityboost,These ads ran without a disclaimer,≤100,3
104246958951081,Corny Traveler,These ads ran without a disclaimer,≤100,1
103045249292781,Funnies Now - Magazine Page 3,These ads ran without a disclaimer,≤100,1
312898778847834,TERRAM PACIS,These ads ran without a disclaimer,≤100,2
103331996074143,employher.jenesys,These ads ran without a disclaimer,≤100,1
100538805797717,Traveler Time,These ads ran without a disclaimer,≤100,1
141271779363886,Christian Harfouche,These ads ran without a disclaimer,≤100,1
357444017777047,Bronson.men,These ads ran without a disclaimer,≤100,1
108637620485364,Brain Nuggets,These ads ran without a disclaimer,≤100,1
102300279228311,MadeinChina,These ads ran without a disclaimer,≤100,1
101949155245965,Graduatez - Campus Life,These ads ran without a disclaimer,≤100,4
237692023818,Belfast Telegraph,These ads ran without a disclaimer,≤100,1
1397405843841104,Ines de la Fressange Paris,These ads ran without a disclaimer,≤100,1
217065798665069,Bob's Hideout,These ads ran without a disclaimer,≤100,1
131664893560695,Origins OSU,These ads ran without a disclaimer,≤100,1
105336055090792,Luisa Chimá,These ads ran without a disclaimer,≤100,3
116679401363112,Kelce Jam,These ads ran without a disclaimer,≤100,1
104703102623379,Cyber Proxy-0505,These ads ran without a disclaimer,≤100,1
17043549797,MIT Technology Review,These ads ran without a disclaimer,≤100,2
150779984941409,Rave Mobile Safety,These ads ran without a disclaimer,≤100,1
112071155023896,Harper's Bazaar France,These ads ran without a disclaimer,≤100,1
130136833750497,IELTS Official,These ads ran without a disclaimer,≤100,1
101149662460553,Avo Magazine,These ads ran without a disclaimer,≤100,2
123027101047606,Pancreatic Cancer UK,These ads ran without a disclaimer,≤100,1
100327138885820,TANG ZI WEN,These ads ran without a disclaimer,≤100,1
1548871702035547,Університет імені Альфреда Нобеля,These ads ran without a disclaimer,≤100,1
105844774778737,Lux & Lush - Sports,These ads ran without a disclaimer,≤100,1
105241441562595,Bob's Hideout - Stories,These ads ran without a disclaimer,≤100,9
115138161487991,Surf Proxy,These ads ran without a disclaimer,≤100,1
7456251769,SAP,These ads ran without a disclaimer,≤100,2
112338611784279,Private Tool,These ads ran without a disclaimer,≤100,1
114708317879897,Shrink Plus,These ads ran without a disclaimer,≤100,1
1979117165654013,Be Happy,These ads ran without a disclaimer,≤100,1
111160730747637,Trivia Stars,These ads ran without a disclaimer,≤100,2
101506262902313,ALX-yzx10-3.20,These ads ran without a disclaimer,≤100,1
699949530371427,Life Listener,These ads ran without a disclaimer,≤100,1
102001284475442,Alphastream Marketing Inc.,These ads ran without a disclaimer,≤100,1
118562497812908,People's Daily Online_BM,These ads ran without a disclaimer,≤100,1
111727494842051,Maria Silva,These ads ran without a disclaimer,≤100,1
1877361012493253,China Mosaic,These ads ran without a disclaimer,≤100,1
114434291631957,The Style Gala,These ads ran without a disclaimer,≤100,6
1296153943807008,Lina Lila,These ads ran without a disclaimer,≤100,1
141289332596921,PECB,These ads ran without a disclaimer,≤100,1
145301255772,Global Alliance for Incinerator Alternatives (GAIA),These ads ran without a disclaimer,≤100,1
106874254592730,Boredom Police,These ads ran without a disclaimer,≤100,1
109812369043366,ALONZO,These ads ran without a disclaimer,≤100,1
95775573753,Frontiers,These ads ran without a disclaimer,≤100,1
343786409509707,The East Gate,These ads ran without a disclaimer,≤100,2
102821692318383,House of Travel,These ads ran without a disclaimer,≤100,1
142423195795018,AccessMBA,These ads ran without a disclaimer,≤100,1
45413563867,The Free and Equal Elections Foundation,These ads ran without a disclaimer,≤100,2
155438574470276,DW українською,These ads ran without a disclaimer,≤100,1
116276158090585,Business & Finances,These ads ran without a disclaimer,≤100,1
345390190120001,Giovannagilalves,These ads ran without a disclaimer,≤100,1
110706815111019,Phillips Shonta,These ads ran without a disclaimer,≤100,2
398610380712044,River Cleanup,These ads ran without a disclaimer,≤100,5
112872221753732,Sara Perez,These ads ran without a disclaimer,≤100,4
105039417804164,IZZY - Stream Israel,These ads ran without a disclaimer,≤100,1
2480533842232920,POWERCHINA,These ads ran without a disclaimer,≤100,1
525421700832365,Protectors of The Wood Adventure Series,These ads ran without a disclaimer,≤100,1
111671597196416,kohsangwoo,These ads ran without a disclaimer,≤100,1
618086438391102,Taiwan in the EU and Belgium,These ads ran without a disclaimer,≤100,3
47815171686,Banyan Tree Hotels & Resorts,These ads ran without a disclaimer,≤100,1
106566002723,DiploFoundation,These ads ran without a disclaimer,≤100,1
102643732395510,"Tongxiang, China",These ads ran without a disclaimer,≤100,1
107647258831836,Weregreenly- Magazine Page 3,These ads ran without a disclaimer,≤100,11
102412572855200,Widget Master-0505,These ads ran without a disclaimer,≤100,1
113498135073155,Woof Vpn-0509-1,These ads ran without a disclaimer,≤100,1
105882932497074,Mathias - Eternal Ninja,These ads ran without a disclaimer,≤100,1
271089727052438,Food for Travel,These ads ran without a disclaimer,≤100,1
19595510126,Annual Reviews,These ads ran without a disclaimer,≤100,1
1684724295099974,Trending Taiwan潮台灣,These ads ran without a disclaimer,≤100,1
231077503937746,Kueez,These ads ran without a disclaimer,≤100,1
104757109108151,CasaMama Quilla,These ads ran without a disclaimer,≤100,1
116373134780373,Emprende con Reparaciones y Mantenimiento,These ads ran without a disclaimer,≤100,1
378036902617379,ATFX,These ads ran without a disclaimer,≤100,1
102998939765184,Persian bms,These ads ran without a disclaimer,≤100,1
100851609659466,unrisd,These ads ran without a disclaimer,≤100,1
104410598893696,Bar Reading,These ads ran without a disclaimer,≤100,1
152125264826246,Wilo Group,These ads ran without a disclaimer,≤100,1
108148958352704,Travelers Spot,These ads ran without a disclaimer,≤100,1
1883003128429295,Queer Majority,These ads ran without a disclaimer,≤100,3
128322628212,Falling Walls,These ads ran without a disclaimer,≤100,1
208338536239798,This Is Beijing,These ads ran without a disclaimer,≤100,1
106802041266795,Trip Thunder,These ads ran without a disclaimer,≤100,1
106716292413968,Mark Justice,These ads ran without a disclaimer,≤100,1
109423198804052,Dallerkyz,These ads ran without a disclaimer,≤100,6
990109257768247,Ensearch Resident,These ads ran without a disclaimer,≤100,1
405199520209766,The Belt and Road News Network,These ads ran without a disclaimer,≤100,1
218798922334223,COFCO,These ads ran without a disclaimer,≤100,3
116934494636757,Nifty News,These ads ran without a disclaimer,≤100,5
108558068531422,Smart doc magazin,These ads ran without a disclaimer,≤100,5
104356069147271,SCG International Corporation,These ads ran without a disclaimer,≤100,1
101349122508290,Dr Sanquetta,These ads ran without a disclaimer,≤100,1
105494315161744,talkdiplomacy,These ads ran without a disclaimer,≤100,3
188872144758,CCTV,These ads ran without a disclaimer,≤100,1
102543172267906,Celebrity Protection,These ads ran without a disclaimer,≤100,1
102999018969338,Everything Times,These ads ran without a disclaimer,≤100,1
1490336211217327,AudioPhix,These ads ran without a disclaimer,≤100,1
112864228133921,Funnies Now - Stories,These ads ran without a disclaimer,≤100,3
111283271603417,Taicang Entdecken,These ads ran without a disclaimer,≤100,2
108537965015615,Maan Teodoro,These ads ran without a disclaimer,≤100,1
2272627156357949,Newest Crowdfunding Inventions,These ads ran without a disclaimer,≤100,1
316496640057,7iber,These ads ran without a disclaimer,≤100,2
121031430930858,L. Juan Miller - Senior Developer,These ads ran without a disclaimer,≤100,1
101655275698,Amazing Thailand,These ads ran without a disclaimer,≤100,1
123333868372766,David Arthur,These ads ran without a disclaimer,≤100,1
122125810793113,Gam Speeder,These ads ran without a disclaimer,≤100,1
100850053037182,Chatgpt Openai,These ads ran without a disclaimer,≤100,1
112311408470387,Youth Fun Magazine,These ads ran without a disclaimer,≤100,1
1459203010999606,Mga Pinoy sa Tsina,These ads ran without a disclaimer,≤100,1
108689865117517,Essential 7/7,These ads ran without a disclaimer,≤100,1
418775708189870,Social Movement Technologies,These ads ran without a disclaimer,≤100,1
110082952084166,Rose Chariot,These ads ran without a disclaimer,≤100,1
102510362488894,Futbolete - Page 3,These ads ran without a disclaimer,≤100,1
1990880717882519,The China Current,These ads ran without a disclaimer,≤100,1
694820194040229,Martina Roig,These ads ran without a disclaimer,≤100,1
110333931764735,Smile Papers,These ads ran without a disclaimer,≤100,3
108527654799263,Discovery & Lifestyle,These ads ran without a disclaimer,≤100,1
103659765532260,華夏focus,These ads ran without a disclaimer,≤100,2
106170661628518,香港V,These ads ran without a disclaimer,≤100,1