Page ID,Page name,Disclaimer,Amount spent (PYG),Number of ads in Library
1468570519872644,Santiago Peña,PRANA SA,227762475,99
532716330164048,Sole Núñez,PautaPY,107997920,68
124625661665046,Patrick Kemper,Patrick Paul Kemper Thiede,71954725,49
196599783696918,Efrain Alegre,Comunicá,63025980,444
103771265752808,Vysokolán,Stephan Vysokolán,52705009,42
102917519228790,Bruno Defelippe,PautaPY,47704583,81
110447625137045,Pilar Callizo,PautaPY,43733676,36
102266292553995,Sucia Política,Diego Ricardo Ramírez,34225793,84
325540631525675,En La Tecla,En la Tecla,27734613,67
153958777947957,Paulo Reichardt,Paulo Reichardt,23075539,34
1964503917155087,Stephan Rasmussen,Stephan Rasmussen Gonzales,22795076,35
1222077187832207,Gustavo Leite,Gustavo Alfredo Leite Gusinky,22326943,20
100617802815343,Orlando Penner Senador 2023,Orlando Penner Senador 2023,22280020,26
114979542421407,Kattya González,Kattya Mabel Gonzalez Villanueva,19522126,6
1310731702357133,GEN,GEN,18240120,8
102963512483270,PyElige,PY Elige,17095998,56
532716330164048,Sole Núñez,Sole Núñez,16892424,48
107104641909575,Rubén Rubin,Rubén Rubin,16434435,8
100959471597014,José Antonio Galeano,José Antonio Galeano,15967025,26
266016903502005,Senador Carlos Gómez Zelada,Senador Carlos Gómez Zelada,15389914,17
326351758062718,Juan Grassi,Juan Domingo Galeano Grassi,15131983,9
100566575581065,Ramón Montanía,Ramón Montania Fernandez,14757643,21
132554373464255,La Nación,La Nación,13541133,30
113715322041008,Semillas para la Democracia,Publicitaria Nasta,10861697,4
740490032676248,Diego Candia Diputado,politico.com.py,10772014,19
102467002671611,Jorge Heisecke,Jorge Heisecke,10358759,28
241512319274531,Sixto Pereira,Sixto Pereira,10289359,14
100445112671378,Fernando Camacho Senador 2023,Fernando Camacho Senador 2023,9449674,31
1692624097481207,Mujeres GANAR,Mujeres GANAR,9191700,114
943824938962084,Luis Fernando,Luis Fernando,8758853,66
430961180344844,EVER VILLALBA,Ever Federico Villalba Martinez,7437364,23
830674423631937,Robert Cano Senador - Lista 9 Opción 11,ASP Marketing,7245816,28
105947518752311,Agustin Saguier,Agustin Saguier,7192986,9
106257452820864,Tito Saguier,PautaPY,7089599,14
1011833908887463,Atilio Alegre,IMAGEN DE GOBIERNO,6932643,35
113713881663916,Guillermo Ferreiro,Estratégias de Comunicación,6750088,9
495567100804506,Tito 2023,Federico Rafael Vergara Aguero,6658278,50
196406677113756,Rafael Filizzola,Comunicá,6017493,33
105796025619350,Tati Giménez Diputado 2023,Tati Giménez Diputado 2023,5973932,25
242118359309178,Ricardo Estigarribia,Ricardo Estigarribia,5683926,30
647864758888200,Seba Garcia,Sebastian Garcia,5652614,48
100347296248614,Rosa Sosa,Rosa Mercedes Sosa Paredes,5342631,18
102233525888286,Raulito Benitez Talavera Diputado 2023,Raúl Antonio Benitez Talavera,5081282,17
1856745507987901,Dr. Guillermo Rodriguez Duré,Douglas Mateus Hendges,5034364,12
100188219465134,Senador Derlis Osorio,Derlis Ariel Alejandro Osorio Nunes,4947961,16
161156667809582,Leo Rubin,Leo Rubín,4823897,11
102109369350535,Christa Rivas,Christa Violeta Rivas Caballero,4735104,13
105545157610039,Euclides Acevedo,Marco Antonio Martinez Almiron,4442767,34
102137945346781,Movimiento Ciudadanía Activa,PautaPY,4099081,13
192161474526084,Luis Fretes Senador,Luis Fretes Senador,3978348,7
107106825374681,Jesús Guapi,Jesús Fernando Guapi Narvaez,3919246,18
105052422297773,Pedrito Gómez,Maria Jose Castillo Vega,3918830,2
614795685343483,Belén Maldonado,Belén Maldonado,3845974,10
118397948223791,Oscar Tuma,Óscar Luis Tuma Bogado,3774069,85
102887709202228,Pedro Mayor Martinez- Candidato a Senador,Antonio Morinigo,3757278,15
501786636589565,Rocio Vallejo,Hilda Maria Del Rocio Vallejo Avalos,3754775,8
294693311318315,Miguel González Senador,Miguel González Senador,3667413,12
117354424626075,Leticia Ocampos,Leticia Ocampos,3620421,5
1810962229216340,Fidel Zavala,Laura Lorena Meaurio Paniagua,3620059,46
106053418906619,Sole Blanco,PautaPY,3594028,10
102123052860574,Giampaolo Ficorilli Diputado,Giampaolo Ficorilli Gomez,3592346,16
233343823850830,Juan Afara - Oficial,Juan Afara - Oficial,3558758,4
107038818726605,Alianza Encuentro Nacional,PautaPY,3520634,5
103101412549808,Ale De Filippis,Ale De Filippis,3484060,9
441529192988697,Rubén Penayo Senador 40/44,Rubén Penayo Senador 40/44,3469940,2
102649292598442,Senador Hugo Richer,Senador Hugo Richer,3455740,22
1608625919447826,Blanca Ovelar Senadora Nacional,Blanca Ovelar Senadora Nacional,3423043,18
397931417070426,Tony Apuril,ASP Marketing,3398109,8
106297212357807,José Colbes,José Colbes,3380266,24
102044605201604,TIKI González Vaesken,TIKI González Vaesken,3372761,20
104848285795590,Ing. Fede Olmedo,Federico Augusto Olmedo Ramírez,3361044,14
2498041723587745,Colym Soroka,DGWorld,3296859,9
110382581891524,Hugo Biedermann,Biedermann Publicidad S.A.,3178567,2
1386037631635162,Hugo Ramírez,Nahuel Ayala Gomez,3089529,8
498022813689642,Oscar González Drakeford,Oscar González,3010417,23
1753251591598763,Dani Mujica,Dani Mujica,2941404,19
103681832340596,Kpeto Cano,Kpeto Cano,2917701,11
272098156231873,Diario HOY Paraguay,Diario HOY Paraguay,2900580,24
102141339262288,Eligio Colmán,Mario Alberto Velázquez Duarte,2864221,6
517426394969535,Ricardo Canese,Ricardo Canese,2857963,22
100223835693365,Juanvi Fernández,Juanvi Fernández,2851207,6
665680343451704,Lider Amarilla,Lider Santiago Amarilla Rios,2833871,11
1547194582252394,Denis Lichi,Global Agencia,2735642,15
103373961784268,Giani Ramírez,Giani Ramírez,2620869,12
441416009351818,Johanna Ortega,Johanna Ortega,2600499,19
184860595385745,Ing. Roberto Jiménez - Concejal,Roberto Fernando Jimenez Ayala,2518398,17
461660720881072,José Rodríguez,Douglas Mateus Hendges,2471131,4
100778482648263,Cerini 2023,DGWorld Consultoría Digital,2420695,6
303795153430459,Capitán Apodaca - Gobernador,Adventura,2362658,29
121859950827147,Pedro Ferreira,Clelia Andrea Eloisa Balbuena Lomaquis,2344930,5
243800448965894,Decidamos Campaña por la Expresión Ciudadana,Decidamos Campaña por la Expresión Ciudadana,2340994,36
120061519391875,César Paredes,César Paredes,2319007,12
188532581209289,Senador Javier Zacarías Irún,ComSer,2305431,10
724051717643013,Miguel Prieto,Miguel Prieto,2253566,12
110324011295149,Central Unidos - Paraguayos Unidos - Cruzada Nacional,Jorge Danel Guimaraes Fernandez,2240786,8
150741961754512,Mercedes Canese Antúnez,Mercedes Canese,2222000,17
756105494544668,Tami Paredes Reichert,Tamara Fabiola Paredes Reichert,2169352,3
258712438172291,Santiago Aguilera,Martin Ricardo Stachon,2139496,21
109626041763537,Natalicio Chase,Global Agencia,2036340,18
107565365631988,Candydatos,WILD FI,1995221,14
108246601026063,Diputado Derlis Rodríguez,Derlis Manuel Rodríguez Baez,1981244,30
613444678793192,Josías Escobar Concejal 2023,Josía Eliezer Escobar Fernandez,1973154,6
109041755331821,Abg. Esther Roa,Maria Esther Roa De Espinola,1966021,14
446986732060546,ROSA BELLA Cáceres,Antonio Villalba Caceres,1944596,27
106779001870381,Paulina Villanueva Senadora 2023-2028,Eusebio Villanueva,1934930,13
105587720883344,Bettina Aguilera,Bettina Rosmary Aguilera Paniagua,1899227,18
176941749043831,YAMIL ESGAIB,Yamil Esgaib,1889003,7
118890043360348,Pedro Santa Cruz,Pedro Santa Cruz,1876615,7
116747321316881,Javier Ferreira,Javier Ferreira,1866682,8
420279778178605,Adelaida Diputada 2023,Adelaida Cantero De Torres,1859573,4
1441704549436832,Regina Rios,Regina Rios Irala,1836134,17
2033757383511165,Mario Paz Castaing,Rocio Magali Moreno Vera,1829151,7
613341488786700,Miguel Del Puerto,Miguel Angel Del Puerto Silva,1827709,23
103966462488145,Ulises Martínez - Gobernador,Moises Ulises Martinez Benitez,1815514,19
222961017827862,Edgar Olmedo,Edgar Olmedo,1811510,7
1902370296678570,Carlos Godoy,Fabio Raul Morales Insaurralde,1776983,6
114061877001545,Víctor Pecci,PRANA SA,1772774,7
1832577620365172,Eusebio Ramón Ayala Senador 2023,Eusebio Ramón Ayala Senador 2023,1760132,3
577453528957096,Rocio Abed,Rocio Abed,1737871,8
114061877001545,Víctor Pecci,Esencia News SA,1716258,12
110060281794994,Luis Talavera Alegre - Presidente 2023,José Emanuel Ruiz Díaz Bogado,1700814,9
1711765125817047,Aldo Florentin,IMAGEN DE GOBIERNO,1698655,17
107378775349679,Rolando Alvarez Spinassi,Rolando Alvarez Spinassi,1610678,6
109293074062174,El Encuestador,El Encuestador,1588849,7
103248988588127,Nestor Castellano Diputado,Liza Concepcion Acosta Avalon,1520637,5
242259253120490,Igualdad de Genero SÍ,Igualdad de Genero SÍ,1513686,3
945217102186450,Vidal Vázquez,Miguel Acosta Benitez,1504852,15
107833595148374,Diputado José Rodríguez 2023 - 2028,Nahuel Ayala Gomez,1500000,3
100188219465134,Senador Derlis Osorio,Senador Derlis Osorio,1500000,6
108824810612735,Ing. Jorge Palazón,Jorge Palazon,1499950,8
550298315040554,Marcelo Soto,Marcelo Soto,1494357,11
249817855040987,Tito Ibarrola,ASP Marketing,1478328,5
106413945697461,Vicenta Cano,Vicenta Cano,1462860,10
352337468138885,Marcial Cardozo,Marcial Cardozo Diputado,1458256,8
483666425147964,Richard Ramirez,Richard Ramirez,1457975,12
725834240910220,Noticiero Paraguay,Noticiero Paraguay,1457728,39
283132325082901,Esperanza Martínez,Esperanza Martinez De Portillo,1452415,3
112866004765581,Taurino González,Elias Escobar Fernández,1410268,5
140457539356382,Gabinete Social Presidencia de la República del Paraguay,Gabinete Social Presidencia de la República del Paraguay,1375815,11
943824938962084,Luis Fernando,Luis Carlos Arce,1373960,14
108232338616875,María Stela Invernizzi,Alejandro David Fernandez Silva,1369226,2
111531544527571,"Luis Silva, Gobernador","Luis Silva, Gobernador",1367909,19
1659775060937880,Guido González,Rosa Agustin Gonzalez,1359993,13
100490136261426,María Cristina Campuzano Senadora,María Cristina Campuzano Senadora,1354164,1
102171848430562,Dr. Noguera 2023,Jacinto Rafael Noguera Arzamendia,1351820,19
125314197496488,Carlos Filizzola,Carlos Filizzola,1346435,22
103114005868340,Rodrigo Rios Coronel,IMAGEN DE GOBIERNO,1339889,9
103681832340596,Kpeto Cano,Eusebio Vera,1316405,6
104762035619626,Randy Soto Sachelaridi,Randy Soto,1300000,5
102940895895901,Victor Herreros Gimenez,Victor Herreros,1276431,4
1943034405927276,Angel Barchini,Angel Ramón Barchini Cibils,1266096,4
106682318781403,Rafaela Guanes Senadora,Rafaela Guanes,1264012,6
112977975024606,Nery Bruno Diputado Nacional Villarica,Nery Bruno Diputado Nacional Villarica,1233299,6
109779868441305,Gaby Russo - Diputada 2023,Maria Gabriela De Jesus Russo Yubero,1194726,9
292909490881181,Carlos Echeverría Intendente,TEJUParaguay,1180930,2
235526436573168,Ing. Eche Tu Diputado,Adalberto Pastor Echeverría Villasboa,1172656,3
106352055606610,Alejandra Valiente Diputada2023,Alejandra Valiente Diputada2023,1168745,11
115155161438386,Ruben Chilavert,Ruben Chilavert Rojas,1158581,2
512855429072643,Enrique Zarza,Enrique Zarza,1158581,2
100385868930919,Federico Wunderlich,DECIDE Movimiento Decisión Ciudadana y Democrática,1151609,14
100908089171573,Gloria del Puerto,Juan Roberto Villaverde Emategui,1150000,3
178681336046139,Gabino Delvalle Diputado,Gabino Delvalle Diputado,1123647,12
113076310393725,Diana de Smith - Concejal Departamental 2023,Diana de Smith - Concejal Departamental 2023,1122375,10
223736477748415,Derlis Larroza,Nueva Tecno,1095394,2
1575743279360941,Carlos Cáceres Sarubbi Senador 2023,Carlos Agustin Caceres Sarubbi,1088607,14
106738282175655,Fernando Pintos - Concejal Departamental,Juan Gabriel Nuñez Caceres,1077915,3
1639896729604684,Fernando Lugo Méndez,Fernando Lugo Méndez,1076119,1
543009152823138,Tio Enri,Tio Enri,1066964,7
838018169889993,"Fernando ""Pato"" Ojeda",Fernando Ojeda,1050000,22
1510805942583059,Norma Zarate de Monges,Norma Zarate,1050000,11
103759862278474,Victor Miranda Py,Clicnovo,1043592,23
283132325082901,Esperanza Martínez,Partido de la Participación Ciudadana,1034426,20
108126122066519,Aide Vera,Aide Cristina Vera De Recalde,1024054,2
105678502467624,Soledad Villagra,Soledad Villagra Carron,1022732,19
283566412102867,Freddy Chamorro,Freddy Chamorro,1018681,5
283555155469151,Nando Gill,Hernando Gill Aguayo,1000000,2
1408670452551206,Rodrigo Gamarra,Rodrigo Daniel Gamarra Krayacich,999881,1
107558844100122,Pastor Filártiga,Pastor Filártiga,999559,1
100777148341766,Oscar Salomón,Felipe Sebartian Salomon Casola,999523,2
331956456859091,Marcelo Duarte,Rocio Magali Moreno Vera,996242,4
105872245439208,Pelusa Senadora,Maria Yolanda Del Rosario Moreno de Ruíz,996180,2
114574908102864,Alianza VAMOS Por Boquerón,Alianza Vamos Por Boquerón,980799,7
107833595148374,Diputado José Rodríguez 2023 - 2028,Diputado José Rodríguez 2023 - 2028,964557,18
116432178063253,Víctor Aquino,Romina Romero Keim,963779,11
888301827879665,Aldo Bogarín,Aldo Bogarín,959597,11
103557321384387,Blanca Ríos-Moroti,Blanca Ríos-Moroti,935750,8
106511610043389,Jorge Rolón Luna,Jorge Rolón Luna I,926865,3
1073454492740713,Emmanuel Cuevas,Jorge Emmanuel Cuevas Maciel,922366,22
827201027312903,César LANDY Torres,Jose Dolores Zarate Gonzalez,907642,7
263037407490496,Édgar López Senador,Christian Guillermo Vazquez Sanchez,900000,3
104910872339428,Carlos Miguel Alfaro Duarte,Carlos Miguel Alfaro Duarte,888291,8
102555569211913,Anita Stete Concejal Departamental,Anita Stete Concejal Departamental,878758,8
100151689391592,Partido Patriotas Independientes. PPI,Alfredo Raúl Merino Ávalos,876748,35
108839041769929,José López,Hugo Alfonso Aquino Diaz,875633,8
107956328706667,Sary Helman Diputada,Fabiana Marlene Cañete Helman,869551,8
114556537799812,Victor Hugo Forneron Gobernador,Jorge Sanchez,855223,5
518726648648192,Carlos Arrechea,Carlos Arrechea,826045,8
106359961728493,Aula Pyahu,Aula Pyahu,823723,10
483666425147964,Richard Ramirez,Richard Rolando Ramirez Rodriguez,812333,12
105920818948134,Blanca Lila 2023,Maria Blanca Lila Mignarro Gonzalez,800000,2
104535215908072,Ing. Eriberto Colman,Eriberto Colman Benitez,799996,4
1578664545555777,Oviedo Matto,Oviedo Matto,793372,6
109712291986986,LIFE GREEN BR,Life Green CBD S.A.,790320,18
1852131078359259,Liz Acosta,Liz Acosta,782016,4
142774299192454,Enrique Sánchez Senador,Enrique Sánchez Senador,749980,4
101726857993140,Carlos Giménez  Senador,Carlos Giménez  Senador,741968,1
111967891694362,Osmar Ferreira,IMAGEN DE GOBIERNO,726289,8
2313390342074494,JOSE LIN Chicolin,JOSE LIN Chicolin,723610,4
109846981881280,Arlene Aquino Morel,Edith Arlene Aquino Morel,709461,8
114242008258325,Prof. Marciana Florentin,Marciana Florentín de Fretes,699852,5
107587622053186,Dra. Vivian Santander 2023,Santander Santander Clinica,693746,7
126861771579762,Carlos Ozorio,Carlos Ozorio,667191,40
1932265573758611,Raúl Araujo,Raúl Araujo,641511,9
359307964420456,Terere Cómplice,Centro Interdisciplinario de Investigación Social,637026,12
101398472410339,Monica Ramirez,Monica Ramirez,630627,4
1391426980934349,Arnaldo Barreto,Ricky Andreoni Acosta,600000,4
1245521335481809,Adrian Urtlauf Concejal Municipal de Santa Rita,Wolfgang Adrian Urtlauf Acosta,599883,2
104430091943649,Juan Manuel Del Puerto. Senador 2023,Verenis Liliana Raquel Araujo Rojas,599750,2
101587816110025,Antonio Bertolucci Diputado 2023,Mister Co.,589973,8
646939832039958,Hugo Ibarra - Diputado Nacional,Eladio Ortiz Gayoso,587907,4
233343823850830,Juan Afara - Oficial,These ads ran without a disclaimer,581238,2
437169856308185,Juntos por la Educación,Juntos por la Educación,568604,2
722286661897566,Edith Cabral - Diputada,Edith Concepcion Cabral Rebey,559259,21
102859249300384,Miguel Ghiringhelli Senador 2023,Liberty Tech,547149,1
106008797475136,Nicolás Verón,Gilberto Nicolas Veron Benitez,543012,3
1490214351269338,Freddy Franco,Carlos Agustin Sanabria Garcete,540000,6
105704565507675,Andrés Fernández Concejal Dptal.,Cristhian Isaac Fretez Caceres,534703,4
115287844864444,Martin Nuñez - Junta Departamental por Central,Martin Nuñez Martinez,530450,4
108956608577334,Gaspar Centurión,Gaspar Centurión,523960,9
112692571431064,Jaime Samudio,Maria Irismar Armoa Diaz,518397,7
812811485548184,Partido Verde Paraguay - PVP,Edgar Fernando Dominguez Arzamendia,516989,4
106558471428086,Diego Armando Prieto,Diego Armando Prieto,513342,5
146641512630310,Sandra Miranda,Sandra Miranda,500000,8
389023378228009,Fran Arrúa,Fran Arrúa,500000,1
119564891081064,Abog. Victor Llamosas,Sofia Guadalupe Gamarra Folgiarini,498251,1
1518537951510136,Sidinei Heinemann Zuse,Sidinei Heinemann Zuse,489941,4
102261945223631,Eliseo Guggiari,Eliseo Guggiari,489297,5
101840779897426,Cristian Cardozo,Cristian Antonio Cardozo Villalba,484660,12
111421181205339,Vidala Franco 2023,Christian Guillermo Vazquez Sanchez,482671,2
109700221917436,Rodrigo Blanco Amarilla,Rodrigo Blanco Amarilla,481956,5
594511160567719,UNFPA Paraguay,Livia Mburucuya Melgarejo Ososrio,480000,2
1094373423935985,German Solinger,Grissel Zárate Sotelo,477915,3
100265174952816,Cesarito Sosa,César Luis Sosa Fariña,470000,7
842006342844392,Pautas Políticas Py,Pautas Políticas Py,466497,3
1593223347573744,Gerardo Soria,Gerardo Atanasio Soria Davalos,463432,2
944233442265114,Yiyo Denis,Yiyo Denis,457689,7
105087249186272,Lucio Godoy - Diputado Por Cordillera,Romina Romero Keim,455560,3
104143542486856,Ya Paraguay,Ya Paraguay,454912,3
101031596152572,Abg. Emilio Tillería - Senador,Abg. Emilio Tillería - Senador,450000,1
102016002645726,diegoromeropy,These ads ran without a disclaimer,448633,1
1614322805515970,Heribel Echeverría Gómez,Heribel Echeverria Gomez,440142,1
119524287783252,Arquitecto G. Garay - Senador 2023 / 2028,José Paredes,436553,12
111157821719874,Sonia Fleitas Senadora,Sonia Fleitas Senadora,435625,4
109715578439512,Héctor ‘Bocha’ Figueredo Diputado 2023,Hector Figueredo,422196,11
108726068722756,Narciso Castillo,Narciso Castillo,419861,8
1768138440080505,Cerveza Patagonia,These ads ran without a disclaimer,415496,2
100325392010551,Johana Vega 2023,Clicnovo,412382,10
94005676787,Hitachi Vantara,These ads ran without a disclaimer,401388,1
199949073442305,Lilian Samaniego,These ads ran without a disclaimer,400000,1
462549713810864,Katia Ortiz - Concejal Dptal. 2023-2028,Fernando Ariel Espinola Cañiza,399987,7
124157440606024,Gustavo A. Benítez O.,Gustavo Benitez,391443,1
111946378503069,Blanca Cubilla,Blanca Cubilla,391156,7
485672041551102,Partido Patria Querida Alto Paraná,Showvid Marketing Político,388080,10
108365738752622,Maura Bogado Concejal por Amambay 2023,Maura Bogado Concejal por Amambay 2023,369499,5
101986861866371,Tía Ida - Diputada 2023,Jazmin Thamara Elizabeth Ortiz De Bonzi,364554,18
446986732060546,ROSA BELLA Cáceres,These ads ran without a disclaimer,362365,2
1150055398455917,C9N Paraguay,C9N Paraguay,361912,2
106336272226684,Luis Arias,Luis Ignacio Arias Navarro,359024,1
108897622115536,Dra. Liliana Ferreira Benitez,Dra. Liliana Ferreira Benitez,353180,9
111914702306103,Enrique Riera Escudero,Enrique Riera Escudero,340684,5
413305998874911,Ing. Digno Caballero Ruiz,Derlis Damián Talavera,339999,2
2158618391031667,Najeeb Amado,Najeeb Amado,336647,2
111256543942447,Publimax,Sergio Marcelo Escobar,334996,5
137071910500968,Alvaro Grau,Oscar David Baez Alvarenga,333092,3
218029751909916,Periodico Mentor,José Del Carmen Alvarez Valdez,328719,9
102945016103370,Anahi Elizabeth,Anahi Elizabeth Troche Olmedo,326548,6
423949460984593,Agustin Ortiz,Joel David Ortiz Velazquez,321086,1
2271652869544024,"Ygnacio  ""Nacho"" Sánchez.",Ygnacio Daniel Sanchez Duarte,316905,6
100100006300246,Luz Mariela Cañete Concejal,Luz Cañete,311953,3
102085461155998,Ña Nany,Ña Nany,310113,6
1927558977499398,Carolina Rivas,Jose Dolores Zarate Gonzalez,306862,3
318147514888460,Participación Ciudadana,Participación Ciudadana,305989,2
2013186305564108,Ing.Alvarenga Diputado 2023,Julio Cesar Alvarenga Rodriguez,300000,1
104163249192265,Arnold Goossen Senador,Arnold Goossen Senador,300000,3
102979595344085,Carlos Eduardo Ruiz,Carlos Eduardo Ruiz,299979,4
112577408442793,Laury Britez,Laury Britez,294766,4
102804492578710,Legalmente Hablando,Nueva Tecno,294582,6
111266434697216,Edgar Torres Argüello,Jose Dolores Zarate Gonzalez,288620,4
355951288140749,Dip. Nac. Andrés Rojas Feris,Dip. Nac. Andrés Rojas Feris,287078,20
490637354648727,Ing.Juan Carlos Baruja,Juan Carlos Baruja Fernandez,285816,1
106721948731693,Prof. Aldo Centurión López,Prof. Aldo Centurión López,285736,1
1852131078359259,Liz Acosta,IMAGEN DE GOBIERNO,285104,2
101589739286507,Óscar González Senador,Maria Alejandra Correa Miño,281972,3
110324011295149,Central Unidos - Paraguayos Unidos - Cruzada Nacional,These ads ran without a disclaimer,278858,1
102137945346781,Movimiento Ciudadanía Activa,Movimiento Ciudadanía Activa,274148,1
107326631853562,Hugo Sosa Pasmor,Maria Alejandra Correa Miño,268874,3
728191990526103,Nelson Espinola,Nelson Espinola,267922,4
114914053295532,Ernesto Guerin,Hector Ernesto Guerin Morinigo,264424,3
104456201144006,Alba Oviedo,Alba Nieve Oviedo De Torres,257634,3
109558111824540,Rafa Burgos,Cristian David Moreira Gonzalez,256061,3
118756543324306,Marcelo Rojas,Marcelo Rojas,254065,1
769841676551533,Mirta González,KaiAriel,248237,6
102234495989827,César Arzamendia,Chyuci Paola Oberladstatter Arce,245393,2
104691125736657,Ada Báez Ruggeri Concejal Departamental,Ada Báez Ruggeri Concejal Departamental,243012,2
357095164345257,Oviedo Press,Oviedo Press,240257,6
1031242720241221,Emilio Cantero,Albar Emilio Cantero Almada,240000,8
405176719648043,Dr. César Meza Bría,Esteban Giovanni Fortunatti,233735,2
1602278386768065,Colym Senador,DGWorld,233457,1
122471931719690,César Flores,César Flores,230000,1
105951684150779,José Chechito López,José Chechito López,228342,5
1614185262209913,Noelia Lambaré Junta Departamental,Partido de la Participación Ciudadana,227058,4
110258800564741,Ing. Luis Riveros,Luis Riveros,226071,3
100588788587363,Fernando Ramírez,Fernando Luis Ramirez Gonzales,224218,8
102584164871830,Rosana Niven,Denis Federico Encina Sanabria,219266,2
103005139419910,Milciades Rolón - Concejal,Milciades Rolón - Concejal,218644,3
392501567470357,Martín Arévalo,Mario Martin Arevalo Fernandez,217330,1
1683682091865699,Nubia Capurro - Diputada,Hector Matiauda,210418,3
111912341409356,Centinela del Norte,Centinela del Norte,208406,4
1195318853829348,Luis Felipe Villamayor,Luis Felipe Villamayor,207197,7
363306313879750,Marle Chispita Orue,Marlene Tatiana Orue Leon,204672,1
103067808746490,Omar Velázquez,Omar Velazquez,203822,9
112644025098467,Eduardo Martinez Concejal Departamental,Eduardo Martinez Concejal Departamental,200943,8
105920818948134,Blanca Lila 2023,These ads ran without a disclaimer,200554,1
131707143610053,Prensa 5 - Periódico Digital,Derlis Manuel Rodríguez Baez,200000,1
101414679433943,Achu  Concejal Departamental Lista 1 Opción 5,Antonio Aguilera Osorio,199987,2
103546691878405,Arsenio Buss,Arsenio Buss,199915,1
105787598141250,Ever Rojas Borja,IMAGEN DE GOBIERNO,199756,1
100486612607448,César Cardozo Diputado 2023. Itapúa.,Claudio César Cardozo Junghanns,197538,2
109356765453215,Enrique González Quintana,ASP Marketing,194448,1
852895398202830,Nani Arrúa,Showvid Marketing Político,191533,4
446988672806188,Dany Echeverría,Edgar Daniel Echeverría Pérez,188944,3
145406955472712,Periódico E'a,Periódico E'a,186003,3
103297895691341,Arnaldo Cardozo 2023-2028 #YoCreo,Arnaldo Andrés Cardozo Montiel,180683,1
113463916700085,Orlando Arévalo,Orlando Arevalo,179990,2
113754124679469,Máximo Barreto,Nito León,179650,2
235700511705229,Dr. Felipe Osvaldo Benítez,SHOWVID Marketing Político,179462,4
116217311438489,Vivir Mejor Es Posible.,Kinter Fleitas,177008,6
352921164903198,Dan González Gobernador 2023,Celso Daniel Gonzalez Mendieta,170703,3
2075223079432758,Joaquin Barrios,These ads ran without a disclaimer,169869,2
117499181309216,"Oscar Moreira Lacasa Diputado "" LISTA 5 """,Oscar Moreira Lacasa,167952,1
109124148203901,Mita'i la Película,These ads ran without a disclaimer,166277,4
114575858233744,Federico Campos LM Senador 15-4,Federico Campos LM Senador 15-4,165856,1
364813900395917,Adilio Lezcano,Adilio Lezcano,162507,5
1832577620365172,Eusebio Ramón Ayala Senador 2023,Manu Nuñez Franco,161076,1
109307391819683,Sergio Ortega 2023,Fernando Manuel Ortega Areco,160000,3
228125971086433,Mario Mendoza,Fabio Raul Morales Insaurralde,157313,2
102738046115595,Hernán Codas,Hernán Codas Jacquet,155739,3
554393001713792,Beto Ovelar,Juan Roberto Villaverde Emategui,150000,1
171222730424081,Michel Flores Fernández,Michel Patricio Flores Fernandez,148877,1
1380412252091502,Luis Maidana - Concejal Departamental,Andres Antonio Gonzalez Gonzalez,147950,3
102502961896834,Carlos Torres Monzón Diputado,Carlos Torres Monzón Diputado,146560,2
1480283795370502,Jorge Avalos Mariño Diputado Nacional,Omar Fretes,145766,8
111157821719874,Sonia Fleitas Senadora,Mister Co.,144620,2
106317565301110,Israel Barreto,Jose Dolores Zarate Gonzalez,141092,3
107280817646184,Estefi Careaga,Estefi Careaga,139413,2
720410448052592,Zacarias GR - Info,Zacarias GR - Info,133744,3
479854358878952,Marta Marques -Senadora,Andrea Beatriz Rojas Pereira,133223,8
100622551676259,Tio Euclides,Nueva Tecno Py,132164,1
355086237895869,La Fuerza DEL AGRO,German Amado Kretschmer Goralewski,127197,2
107365495659157,Juntos Podemos,Isrrael Velazquez Ruiz Diaz,126030,2
111519571676798,Abel Cabral Lista 300 Opción 2,Abel Cabral,125266,1
106002552487706,Gustavo Sadoc Diputado Lista 40 Opcion 6,Julio Moreno,124132,2
141678063114851,Ruben Velazquez,Dalva Natividad Acosta Vallejos,123038,3
106266092396443,El Profe Batata,These ads ran without a disclaimer,122499,1
105965072245135,Jazmin Girala - Concejal Departamental,Rocio Jazmin Janice Girala Ayala,122340,2
278226125974096,El Paraguayo Independiente,Paraguayo Independiente,120869,8
103207518447025,Antonio Buzarquis Cáceres,Rodney Zorrilla Ortiz,120000,1
368247363370300,LATITUD 25,Latitud 25,115858,1
105249395726210,Edgar Leite Resquin Boxeador,Edgar Trinidad Leite Resquin,114841,4
100718802707642,mauriespinolapy,These ads ran without a disclaimer,114670,1
101557432041474,Levi Leguizamón,Levi Leguizamón,112271,2
314046536042279,Presión Ciudadana,Presión Ciudadana,108617,1
103018684665422,Sentí Paraguay,Sentí Paraguay,108617,1
101669719589005,cachitosalomonpy,These ads ran without a disclaimer,106855,1
111519571676798,Abel Cabral Lista 300 Opción 2,Abel Cabral,105477,3
1708011612774989,María Constancia Diputada,Virginia Lugo Silvero,104893,3
103392365819877,vidal_fernandez1,These ads ran without a disclaimer,103662,2
104331465102964,Rita Pérez Concejal Departamental,Rita Liz Pérez Aguilar,101320,3
118651677847216,Guillermo Segovia - Diputado Central - Lista 21 Opción 8,Guillermo Segovia Ovelar,99999,3
166579033866620,Ciencia del Sur,Ciencia del Sur E.A.S.,99982,1
1927558977499398,Carolina Rivas,Eusebio Vera,99978,1
110616285054050,Esc. Rubén De Felice - Gobernador,Adilio Gabriel Lezcano Caballero,95903,2
947217225666864,Beto Denis Concejal Departamental 2023,Bernardo Lopez,94521,1
103790065833334,Movimiento Humanista y Solidario,Movimiento Humanista y Solidario,94199,2
142062936237878,Goberna,These ads ran without a disclaimer,93294,1
101694278594292,Nelson Cano,Eric Fabian Benitez,92316,8
108128058909500,Angel González,ASP Marketing,91664,1
103133576079268,Cuarto Poder Paraguay,BN Consultores,90956,2
114209067077140,Hugo Silva Concejal,Fernando David Cardozo Bogado,90154,1
106632764112753,Denis Cohene,Denis Cohene Avalos,90000,1
106205982201348,Ernesto Mareco,Ernesto Daniel Mareco Martinez,89992,2
2213176982255676,Carlos Cáceres Ferreira,Carlos Caceres Ferreira,89292,1
106571872244971,Hugo Jiménez,Hugo Jiménez,89042,1
108664565218784,Pame González Concejal 2023,Pame González,87658,2
110893693834893,Carmen Alonso,Carmen Alonso,87280,3
586900951991270,Ing. Richard Duarte,Richard David Duarte Quiñones,86894,2
876472822508954,Ahoracde,Portal Digital de Noticias AHORACDE,85497,8
103246656063028,Tulio Díaz Diputado,SHOWVID Marketing Político,83125,2
140533772808692,TEDIC,These ads ran without a disclaimer,82549,1
1641466279468337,Kambato Meza Diputado,Kambato Meza Diputado,79999,2
82928774489,Panda Security,These ads ran without a disclaimer,79931,3
105294074427093,Félix Fernández,Henry Alexis González Avalos,78325,2
717442448287834,Portal Canindeyu,Portal Canindeyu,76835,1
103429818624929,Edu Garay,Eduardo Garay,75989,6
1903045496681398,Celeste Diputada,Celeste Josefina Amarilla De Boccia,75000,3
102399964671679,Aldo Sosa,Aldo Daniel Sosa Cuellar,73510,12
77340508230,Refopar (Reforestemos Paraguay),Paul Jan Anna Frans Maria Janssens De Vroom,72411,1
105942962214230,Diva Riquelme,These ads ran without a disclaimer,71725,1
100272188033018,Marcos Rojas Concejal Departamental 2023,Marcos Sebastian Rojas Madrigal,71643,2
438741996188530,Eusebio Alvarenga Diputado Nacional,Eusebio Alvarenga Diputado Nacional,70000,2
1864809377102466,Víctor Casas Diputado,Víctor Casas Diputado,69998,2
646122598841051,Zacarias GR Concejal Departamental 2023,Zacarias GR Concejal Departamental 2023,69561,4
100954899431449,aalexcubas,These ads ran without a disclaimer,69428,1
104302659010976,Ismael Rojas Concejal por Central 2023,Ismael Rojas,68974,3
170330755094107,Marcelo Ramirez,These ads ran without a disclaimer,67970,1
109669612126109,Verónica Franco,Miguel Sosa Cabañas,65993,2
110946681908471,José Velázquez - Concejal Dptal por Cordillera,José Velázquez - Concejal Dptal por Cordillera,63774,1
200480966638039,Supremacy 1914,These ads ran without a disclaimer,63539,2
270180246326694,Nestor Hugo Valenzuela Portillo,Nestor Hugo Valenzuela Portillo,63527,3
110001860605531,Zamt Advice,Zamt Advice,61658,1
107076632304156,Mechi Roca,Maria Mercedes Roca Caballero,60242,1
2105954369698910,Miguel Cuevas,Danilo Cuevas,60000,1
101573879487600,Magda Colman,Magda Colman,60000,1
333301118062984,Edu Rebruk,Eduardo David Rebruk Stolaruk,56651,2
523951981137406,Info Alto Paraná Digital,SHOWVID Marketing Político,56627,1
237898026337131,Impacto Caaguazú- Digital.,impactocaaguazu,56146,9
101246291435128,Nathalia Benítez - Concejal Departamental,Viviano Baez Gonzalez,56092,6
109400298573862,Dr. Víctor Ocampos Gobernador Paraguarí,Victor Luis Ocampos Gómez,52003,1
125249971414945,Hugo Meza,Hugo Joel Meza,51728,3
114902871517720,hattorisushipy,These ads ran without a disclaimer,50688,1
140280689337896,Escuela de Posgrados en Comunicación - Universidad Austral,These ads ran without a disclaimer,50688,2
928202547199879,CESAR ROJAS,Pabla Florencia Yammil Bareiro Cuadra,50000,1
111799054893201,Ramón Salvioni,Silvana Beatriz Arevalos Piñarez,49980,1
1365651890238610,Soberanía Paraguay,Prensa_Py,48482,2
1931792046849375,Daniel Romero,Jorge Daniel Romero Lovera,47876,1
104462679092228,Eri Valdez Vega,These ads ran without a disclaimer,46341,4
773720583042911,La Verdad Digital Noticias,La Verdad Digital Noticias,46082,1
112013680926673,Fabiola Galeano,Fabiola Galeano,45581,7
859053560892477,Ojo al Clima,These ads ran without a disclaimer,45419,1
420916501408724,Smart City Expo Latam Congress,These ads ran without a disclaimer,44546,2
1454960108147601,Henri Ocampos 2023,Henri Ocampos 2023,44345,3
100385868930919,Federico Wunderlich,These ads ran without a disclaimer,43770,1
101240942839739,Abraham Martinez,Abraham Martinez,39999,1
100994271834756,El Chaqueñito,These ads ran without a disclaimer,39966,1
881571071938611,Radar Social TV,Armando Daniel Urbieta,39074,4
380640922756774,Osven Jara Vela,These ads ran without a disclaimer,39051,1
105199707946952,Crónicas del Caaguazú Noticias,Crónicas del Caaguazú Noticias,38949,1
107207193362783,FABIO BAZÁN,FABIO BAZÁN,38334,3
106438588789107,Luis Palacios Intendente,Viviano Baez Gonzalez,38311,4
114942217077404,Roberto Piñanez Concejal Departamental,Andrea Carolina Piñánez Saldivar,37534,3
342764196594725,Consultoría Política Samimbi,Consultoría Política Samimbi,36143,1
109554841853881,Bernardo Barrios,Bernardo Barrios Samudio,36080,1
100525492145633,Héctor Céspedes - Intendente,Fernando David Cardozo Bogado,32566,1
104552629287704,aboghugolopez,These ads ran without a disclaimer,31960,1
355951288140749,Dip. Nac. Andrés Rojas Feris,These ads ran without a disclaimer,30000,1
106163772440253,Cecilio López Lista 2 Opción 6,Abel Cabral,29376,1
94199711897,Hábitat para la Humanidad,These ads ran without a disclaimer,29066,3
110519067948636,Silvani Asilvera Concejal por Cordillera 2023,Anibal Silvani Asilvera Martinez,27847,2
101726209529539,VI Conferencia Panamericana,These ads ran without a disclaimer,27705,1
106962558985029,Naty Suarez,These ads ran without a disclaimer,26035,14
107914001613649,Thomas Rivas- Concejal Dptal.,Thomas Rivas- Concejal Dptal.,25376,1
1431798197068166,David Solis,Ronald David Solis Valiente,25000,1
107860488531638,David Cardozo,Adolfo David Cardozo,25000,2
273770503576765,Libro de Mormón Oficial,These ads ran without a disclaimer,24909,1
106973842317140,Sophia Ribeiro,These ads ran without a disclaimer,24290,9
101358036245588,App Leap,These ads ran without a disclaimer,23896,1
100950366005311,Virina Villanueva Diputada 2023,Roberto Damian Franco Acosta,20326,1
599371683431175,Cooperativa Cumbre de la Cordillera,Cooperativa Cumbre de la Cordillera,20000,1
101384675336775,OSCAR LÓPEZ Tu Concejal,OSCAR LÓPEZ Tu Concejal,20000,1
113076301637874,Paul Servin-Concejal,Paul Augusto Servin Vazquez,20000,1
730424317111135,Caaguazú Noreste Positivo - CNP,Viviano Baez Gonzalez,20000,2
101359268928132,Dr Juan Benitez,Juan Ramon Benitez Rios,19999,1
498224913568402,Ricardo González Escobar,These ads ran without a disclaimer,19264,2
101443721586040,lacasa8astrologia,These ads ran without a disclaimer,19089,2
107686348789567,Alberto Ayala 123,Adan Alberto Ayala,18838,1
101068942961825,Ramona Ayala Colmán,These ads ran without a disclaimer,18804,3
123892278310235,Eduardo Valiente,Eduardo Valiente,18446,2
114875805837708,Pedro Agustín Ferreira Estigarribia,These ads ran without a disclaimer,18030,1
899571623437058,Freddy D'Ecclesiis,Gustavo Cardozo,17953,1
100443792318596,PremieRpet Latam,These ads ran without a disclaimer,17734,1
140451442722331,Grupo Tesacom,These ads ran without a disclaimer,17335,1
101595162551477,romymedinasotopy,These ads ran without a disclaimer,17222,1
162124913953983,Radio Arandu 105.3FM,These ads ran without a disclaimer,17178,1
112326380646416,VICKY Candia,These ads ran without a disclaimer,16696,1
602635549939306,Contacto País Noticias,These ads ran without a disclaimer,16207,1
109220235510258,despertarnotarial,These ads ran without a disclaimer,15397,1
224043818346072,LEDS LAC,These ads ran without a disclaimer,14482,1
105826148700023,Jardín Paraíso  Asesora Lilian Ortiz,These ads ran without a disclaimer,14304,1
108318715562829,Abi Espin,These ads ran without a disclaimer,13686,16
107076632304156,Mechi Roca,These ads ran without a disclaimer,12616,1
261393040627329,Universidad Bíblica Latinoamericana,These ads ran without a disclaimer,12489,1
101056748935548,Silva Intendente,Viviano Baez Gonzalez,11984,1
1803279899993382,"Ni Una Palmadita, Fernanda Restrepo",These ads ran without a disclaimer,11916,3
1106230906201423,Diego Oliver,These ads ran without a disclaimer,11689,1
1465646276779035,Los Secretos Judíos,These ads ran without a disclaimer,11571,6
931709580253170,Municipalidad de Raúl Arsenio Oviedo,Viviano Baez Gonzalez,9825,1
288558181158008,"Rigzone.com is The Leader in Oil & Gas Jobs, News, Oil Prices, and Events.",These ads ran without a disclaimer,9109,1
245812636069338,Carlos Báez - Concejal Municipal,Viviano Baez Gonzalez,9024,1
1458416314275200,Bellas Artes Jardineria,These ads ran without a disclaimer,8539,1
101472922174657,Payo Urgente911,Payo Urgente911,8121,1
1537642516488920,Ricardo Meyer,These ads ran without a disclaimer,7385,1
100162738241949,Xu Zeyu,These ads ran without a disclaimer,7241,1
260505207474088,Libélula Cambio Climático,These ads ran without a disclaimer,7241,2
100427526341454,Active active,These ads ran without a disclaimer,7241,2
103848039309631,chepeelcaballito,These ads ran without a disclaimer,7241,1
102100051501713,Dahiana Ortellado,Dahiana Ortellado,6762,1
100931896071058,cristhiansamaniego,These ads ran without a disclaimer,6524,1
2200139000274127,Top Speeder 2022,These ads ran without a disclaimer,6372,2
412565809282207,Cruzada Patriótica,These ads ran without a disclaimer,6150,2
107706102295108,Wire Tool,These ads ran without a disclaimer,5938,2
199897540054379,Félix Gracia,These ads ran without a disclaimer,5834,1
171767607880301,Germancito Gneiting,InnovacinSosa,5523,1
102570387827628,Juscirlene Ribeiro Advogada,These ads ran without a disclaimer,5482,1
2365654196833082,Por La Libertad y la República.,These ads ran without a disclaimer,5417,1
1575739889339329,Sperinde Advogados,These ads ran without a disclaimer,4339,1
104383935296004,Carlos Weiberlen,Silvana Beatriz Arevalos Piñarez,4325,1
1482174305394430,el pupitre de Pilu,These ads ran without a disclaimer,4156,1
103765344307716,Zenador Paraguayo,These ads ran without a disclaimer,3910,1
100347019683490,Info Claro,These ads ran without a disclaimer,3765,1
1518216038506999,CRI - Rádio Internacional da China,These ads ran without a disclaimer,3331,1
187766727949541,Deportivo Alavés,These ads ran without a disclaimer,3197,8
113067177682259,PMD - Dogs is my  world,These ads ran without a disclaimer,3041,3
112994818439099,Alejandro Martinez,These ads ran without a disclaimer,2893,1
103172549436914,Noticias del mundo todos los días,These ads ran without a disclaimer,2893,1
108061471650955,SoluTec,These ads ran without a disclaimer,2784,5
517175865060779,Rosita y un Lobo Feroz,These ads ran without a disclaimer,2757,1
109926928389181,Gabriel Nunes,These ads ran without a disclaimer,2546,10
378875359494716,NutriNews España,These ads ran without a disclaimer,2478,2
102334998422611,Dra. Oilda Ortega,Laura Rocio Estigarribia Alcaraz,2361,1
108562965017764,vaccottifer,These ads ran without a disclaimer,2246,1
169260623923829,Infórmate y decide,These ads ran without a disclaimer,1958,1
499413494191734,martinianoterragni,These ads ran without a disclaimer,1956,1
115895401463440,Entretenimiento,These ads ran without a disclaimer,1707,6
106359961728493,Aula Pyahu,These ads ran without a disclaimer,1652,1
122226337484423,Energía Inti,These ads ran without a disclaimer,1637,4
102829652024252,minds.alivepy,These ads ran without a disclaimer,1575,1
328792197533338,muv,These ads ran without a disclaimer,1521,1
106765298897445,Mineração Inteligente,These ads ran without a disclaimer,1446,1
112872221753732,Sara Perez,These ads ran without a disclaimer,1374,11
146822255731958,Fast Travel Games,These ads ran without a disclaimer,1291,1
638298683189782,Topclass Academy,These ads ran without a disclaimer,1206,1
250305668489402,Professor Kenny,These ads ran without a disclaimer,1013,7
105607552434777,Instalador Solar,These ads ran without a disclaimer,1013,1
100912541413695,Más Impulso,These ads ran without a disclaimer,983,3
747420075340256,El Agricultor Primero,These ads ran without a disclaimer,831,1
84739343457,Motor.es,These ads ran without a disclaimer,799,1
405379246524515,DHL Express,These ads ran without a disclaimer,799,2
106356544835064,arturotonhanez,These ads ran without a disclaimer,677,1
100685516644957,Fundación Foro,These ads ran without a disclaimer,619,1
565225540184937,CGTN,These ads ran without a disclaimer,507,4
104722751816273,Diplomatura en Bioarquitectura,These ads ran without a disclaimer,495,2
108563024676088,COOLT,These ads ran without a disclaimer,480,1
285530825204,Klitschko,These ads ran without a disclaimer,480,3
100852648143172,Anibal Gotelli,These ads ran without a disclaimer,419,1
100172476278127,Easy Study,These ads ran without a disclaimer,366,1
1823807254333065,Soy Más País,These ads ran without a disclaimer,290,2
179855312221800,SERNA GROUP,These ads ran without a disclaimer,181,2
106416299392381,PrimiciasYa.com,These ads ran without a disclaimer,167,1
101459974844546,Jump_conf,These ads ran without a disclaimer,115,1
114777685207518,Viva - Latinoamérica y El Caribe,These ads ran without a disclaimer,102,1
100520825048827,Movant Connection,These ads ran without a disclaimer,≤100,1
110980888642151,Twibbon April,These ads ran without a disclaimer,≤100,4
312898778847834,TERRAM PACIS,These ads ran without a disclaimer,≤100,1
608235709369018,Ana Sosa,These ads ran without a disclaimer,≤100,1
430258463820053,International School of Ministry with Pastor Chris,These ads ran without a disclaimer,≤100,1
282609205261913,Soy Rico,These ads ran without a disclaimer,≤100,1
123465590650551,Allied Health Group USA,These ads ran without a disclaimer,≤100,1
333541433377510,Plastico.com,These ads ran without a disclaimer,≤100,1
1498021203828633,Poder Geopolítico,These ads ran without a disclaimer,≤100,1
113423241733053,Group Energy Solar,These ads ran without a disclaimer,≤100,1
771462172882741,OnePath Network,These ads ran without a disclaimer,≤100,1
1702138929926817,Mongabay Latam,These ads ran without a disclaimer,≤100,6
105073207967492,CTG Perú,These ads ran without a disclaimer,≤100,2
1983382651989182,Afrancesados,These ads ran without a disclaimer,≤100,1
1857723914544494,Cristoviveenmi tv,These ads ran without a disclaimer,≤100,1
106774006022127,מסע - Masa Israel Journey,These ads ran without a disclaimer,≤100,1
102998939765184,Persian bms,These ads ran without a disclaimer,≤100,3
100960082205245,More Hackz - the 1000 page,These ads ran without a disclaimer,≤100,1
117036884684307,Manuel Garcia,These ads ran without a disclaimer,≤100,1
320764908366958,诛仙-中国第一仙侠手游,These ads ran without a disclaimer,≤100,1
79511407410,Mercedes-AMG Petronas F1 Team,These ads ran without a disclaimer,≤100,1
104593458269168,Your Daily Fun Break,These ads ran without a disclaimer,≤100,1
1589154051350606,FOZ - Friends of Zion Museum,These ads ran without a disclaimer,≤100,1
520171088019503,Liforme,These ads ran without a disclaimer,≤100,1
106573632404586,NYCrippyK,These ads ran without a disclaimer,≤100,1
101849728551147,Fun Break Central,These ads ran without a disclaimer,≤100,1
256346654515877,Mercury Marine Latin America/Caribbean,These ads ran without a disclaimer,≤100,2
109036555449915,Slenergy,These ads ran without a disclaimer,≤100,1
120710477664248,Fpl mopthefloor,These ads ran without a disclaimer,≤100,1
105039417804164,IZZY - Stream Israel,These ads ran without a disclaimer,≤100,1
100374392742057,Weregreenly- Magazine,These ads ran without a disclaimer,≤100,8
111196441899324,Casas Solares,These ads ran without a disclaimer,≤100,6
134479433307392,Votorantim Cimentos,These ads ran without a disclaimer,≤100,1
139681112726364,Boletín de la Computación,These ads ran without a disclaimer,≤100,2
820262131363591,Arabi21 - عربي21,These ads ran without a disclaimer,≤100,1
102211979093712,EdHeroes,These ads ran without a disclaimer,≤100,1
100970059574672,Bisexual.org en Español,These ads ran without a disclaimer,≤100,1
103532292462368,WIRED en español,These ads ran without a disclaimer,≤100,1
105645202272681,Migración Hoy,These ads ran without a disclaimer,≤100,1
108269868283977,Audiohistorias de Israel,These ads ran without a disclaimer,≤100,2
1661980207382407,Princess Pat Akpabio,These ads ran without a disclaimer,≤100,1
100413328754140,We Will Rank You podcast,These ads ran without a disclaimer,≤100,1
102023009327901,Global Compassion Coalition,These ads ran without a disclaimer,≤100,1
31292782350,Deutschland.de,These ads ran without a disclaimer,≤100,2
117052698001766,First Wala,These ads ran without a disclaimer,≤100,1
154680184946903,Superplastic,These ads ran without a disclaimer,≤100,1
2335613803134168,Okori Digital,These ads ran without a disclaimer,≤100,1
357444017777047,Bronson.men,These ads ran without a disclaimer,≤100,1
1573569742675365,Voltalia,These ads ran without a disclaimer,≤100,1
722256984867966,Raytheon Missiles & Defense,These ads ran without a disclaimer,≤100,1
315543515306,Jing Daily,These ads ran without a disclaimer,≤100,1
117697811288537,Super Master,These ads ran without a disclaimer,≤100,1
106521037944872,actitudhelloworld,These ads ran without a disclaimer,≤100,1
116355337718182,Moli lulu,These ads ran without a disclaimer,≤100,1
618086438391102,Taiwan in the EU and Belgium,These ads ran without a disclaimer,≤100,1
116679401363112,Kelce Jam,These ads ran without a disclaimer,≤100,1
106540078687090,Curiosity Mind,These ads ran without a disclaimer,≤100,1
208637116010079,Geely Auto,These ads ran without a disclaimer,≤100,1
100946331929105,Schola Palatina,These ads ran without a disclaimer,≤100,1
1397405843841104,Ines de la Fressange Paris,These ads ran without a disclaimer,≤100,1
2051067445198623,APLANET,These ads ran without a disclaimer,≤100,2
108625789179165,Soi Dog Foundation,These ads ran without a disclaimer,≤100,2
316496640057,7iber,These ads ran without a disclaimer,≤100,2
125540182400469,The Daily Resource,These ads ran without a disclaimer,≤100,1
161666143844859,Sandvik,These ads ran without a disclaimer,≤100,1
103902772675099,Paola Noboa,These ads ran without a disclaimer,≤100,6
109062828734912,Юридические услуги,These ads ran without a disclaimer,≤100,2
124275457632741,ElectronicSpecifier,These ads ran without a disclaimer,≤100,2
2480533842232920,POWERCHINA,These ads ran without a disclaimer,≤100,1
111542721915368,Naturalmente bella,These ads ran without a disclaimer,≤100,1
47815171686,Banyan Tree Hotels & Resorts,These ads ran without a disclaimer,≤100,1
120223804387904,dailypositivityboost,These ads ran without a disclaimer,≤100,2
1422513341405155,TAY,These ads ran without a disclaimer,≤100,1
137775936298821,HoneyTrek,These ads ran without a disclaimer,≤100,1
111132794348779,That Happened,These ads ran without a disclaimer,≤100,2
105434295876078,redjuafro.lac,These ads ran without a disclaimer,≤100,1
141271779363886,Christian Harfouche,These ads ran without a disclaimer,≤100,1
131189377574,MDPI,These ads ran without a disclaimer,≤100,2
216741958412414,Avon Worldwide,These ads ran without a disclaimer,≤100,1
1065252286883009,Makur Majeng,These ads ran without a disclaimer,≤100,1
134331253305084,ITI International Team for Implantology,These ads ran without a disclaimer,≤100,1
142329112477770,البنك الدولي,These ads ran without a disclaimer,≤100,1
105686442303512,CTGI,These ads ran without a disclaimer,≤100,1
101179095098420,Zone Optimum Health,These ads ran without a disclaimer,≤100,1
113558805046270,Tanea Medeiros,These ads ran without a disclaimer,≤100,1
1473321922884514,Chińskie Radio Międzynarodowe,These ads ran without a disclaimer,≤100,2
546533708879734,TECH TREND PRO,These ads ran without a disclaimer,≤100,1
429957570419097,Professor Israel,These ads ran without a disclaimer,≤100,1
188872144758,CCTV,These ads ran without a disclaimer,≤100,1
105962808801596,IZZY - Stream Israel,These ads ran without a disclaimer,≤100,3
1673669186277733,Freeda,These ads ran without a disclaimer,≤100,1
130136833750497,IELTS Official,These ads ran without a disclaimer,≤100,1
112753131667100,Angie Mentoring,These ads ran without a disclaimer,≤100,1
418775708189870,Social Movement Technologies,These ads ran without a disclaimer,≤100,1
102415047928145,Shanghai Electric,These ads ran without a disclaimer,≤100,4
220898724599599,Ação da Cidadania,These ads ran without a disclaimer,≤100,2
115575820139019,Af Fhyf,These ads ran without a disclaimer,≤100,1
117039841320523,Big Pink Youth Dialogue,These ads ran without a disclaimer,≤100,1
354397697217,IEEE Xplore,These ads ran without a disclaimer,≤100,1
103101872615379,AKK03,These ads ran without a disclaimer,≤100,1
110132152354600,CADAL,These ads ran without a disclaimer,≤100,2
119449384850588,Viacredi Alto Vale - Ailos,These ads ran without a disclaimer,≤100,1
114589821232581,Clean Energist,These ads ran without a disclaimer,≤100,1
224597158386607,Rosa Luxemburg Foundation,These ads ran without a disclaimer,≤100,3
208338536239798,This Is Beijing,These ads ran without a disclaimer,≤100,1
207268042645317,Macquarie Group,These ads ran without a disclaimer,≤100,1
104099512361482,Funnies Now - Magazine,These ads ran without a disclaimer,≤100,1
415660445909640,Mónica Guerrero,These ads ran without a disclaimer,≤100,1
111232968542053,Manual del Instalador Solar,These ads ran without a disclaimer,≤100,1
102962402632539,Jaime Parejo,These ads ran without a disclaimer,≤100,1
115138161487991,Surf Proxy,These ads ran without a disclaimer,≤100,1
1883003128429295,Queer Majority,These ads ran without a disclaimer,≤100,1
137223326998592,Ashleyjtoddblog,These ads ran without a disclaimer,≤100,1
155438574470276,DW українською,These ads ran without a disclaimer,≤100,1
299227550122220,Radio Cina Internazionale,These ads ran without a disclaimer,≤100,2
476179919621255,Misbar - مسبار,These ads ran without a disclaimer,≤100,1
105745092069271,psiraimundomaracaipe,These ads ran without a disclaimer,≤100,1
240252446158200,PainCast,These ads ran without a disclaimer,≤100,1
984203991753488,Research Outreach,These ads ran without a disclaimer,≤100,1
95775573753,Frontiers,These ads ran without a disclaimer,≤100,2
101289218907718,Web News,These ads ran without a disclaimer,≤100,1
112757083778788,"Economic Daily, China",These ads ran without a disclaimer,≤100,1
103659765532260,華夏focus,These ads ran without a disclaimer,≤100,2
102262146179303,Group Grass,These ads ran without a disclaimer,≤100,1
548577435509026,d&b audiotechnik,These ads ran without a disclaimer,≤100,1
102491502776287,Nancy Proxy,These ads ran without a disclaimer,≤100,1
983135718420987,Visit Jiangsu,These ads ran without a disclaimer,≤100,1
105311938353424,Trading Legend รวยรวยรวย - 37Games,These ads ran without a disclaimer,≤100,2
124109327256894,Dra. Ângela Pistão,These ads ran without a disclaimer,≤100,4
150830641743673,Tomplay,These ads ran without a disclaimer,≤100,1
17043549797,MIT Technology Review,These ads ran without a disclaimer,≤100,5
102280836150692,Aprendeyemprendeonline,These ads ran without a disclaimer,≤100,1
500259383489171,Guidable,These ads ran without a disclaimer,≤100,1
1220664628029647,Vets United programme,These ads ran without a disclaimer,≤100,1
1619251248368058,Falso Budismo: Lamaismo Tibetano,These ads ran without a disclaimer,≤100,1
122125810793113,Gam Speeder,These ads ran without a disclaimer,≤100,1
172348652806226,DEKRA,These ads ran without a disclaimer,≤100,1
343786409509707,The East Gate,These ads ran without a disclaimer,≤100,2
152914224736727,Banco Mundial,These ads ran without a disclaimer,≤100,4
918318338180165,CHINT GROUP,These ads ran without a disclaimer,≤100,1
560697324034897,Método Arcón,These ads ran without a disclaimer,≤100,1
101054365776547,Charming Changzhou,These ads ran without a disclaimer,≤100,1
191236380952424,Patricia Chabot Producciones,These ads ran without a disclaimer,≤100,1
121350964566751,DHL Motorsports,These ads ran without a disclaimer,≤100,1
114184975000819,Unexplained Beasts,These ads ran without a disclaimer,≤100,1