Page ID,Page name,Disclaimer,Amount spent (RON),Number of ads in Library
1058116737612843,USR,Uniunea Salvați România,306462,72
178362315106,European Parliament,European Parliament,120370,69
990747367737692,Cătălin Drulă,Uniunea Salvați România,87845,31
275621429636078,Fără Penali în Funcții Publice,Fără Penali în Funcții Publice,42034,16
321890494859228,Vlad Gheorghe,Vlad Gheorghe,39846,24
163943696987223,Ziarul Puterea,Ziarul Puterea,38885,352
122074554119,EU Social,EU Social,32362,7
1395939193764858,Marcel Ciolacu,Partidul Social Democrat,28517,52
108295090637741,ASAP România,Fundatia The Institute,19474,42
291177524360702,Partidul Social Democrat,Partidul Social Democrat,16657,30
1559885467641191,Râul Alb,Râul Alb,13597,39
1504323906337545,Litere.net,litere.net,13205,9
114319753592403,AFACERI.news,Trend Communication,11775,64
2546711162025064,Politice.net,politice.net,11243,6
686190454826244,Declic,Declic,11192,226
112664490103704,Salvăm România,Salvăm România,10705,7
100187575506085,Bogdan Balaniscu,Partidul Social Democrat,10499,40
243027859216579,Alfred Simonis,Partidul Social Democrat,9374,16
697451833786949,Mihai Polițeanu,Mihai Polițeanu,9030,44
731035500293728,Siegfried Muresan,Siegfried Muresan,8724,2
149371012371397,Newsweek Romania,Newsweek Romania,8321,25
181375448581167,Partidul Naţional Liberal,Partidul National Liberal,8107,27
21976174279,International Federation of Red Cross and Red Crescent Societies,These ads ran without a disclaimer,7830,3
207741001672,Speranta pentru Romania,Speranta pentru Romania,7473,6
108801900624850,Cojocaru Petru Bogdan,Partidul Social Democrat,7352,39
102601499822802,RMDSZ,RMDSZ,7009,47
176989973158138,Guvernare.net,Guvernare.net,6193,6
329619180721358,Cosette Chichirău,Cosette Chichirău,6135,8
123526378261795,Stiri Locale,Stiri Locale,5948,8
1577877239102295,Nicolae Ionel Ciucă,Partidul National Liberal,5840,23
971907786352729,USR Cluj,USR Cluj,5763,13
1157480384268430,Partidul Umanist Social Liberal PUSL Sediul Central,Partidul Umanist Social Liberal,5699,26
102743169253473,Reciclăm în România,Reciclăm în România,5099,65
574372066308729,Basism,Grupul de Investigatii Politice,5000,1
2021287728125919,Stiri de Azi,Stiri de Azi,4935,3
117682741602835,Online Report,Online Report,4920,3
144439666313596,Știri 365,Știri 365,4910,2
612912695435095,Factual,Factual,4221,7
101254968456255,Călin Gheorghe Maties-senator,Partidul Social Democrat,4056,8
1656475137918717,USR Sector 6,Uniunea Salvati Romania Filiala Sector 6,3770,9
177992992396061,SenioriNET,SenioriNET,3505,12
114485501263050,George Lazăr,PNL Neamț,3500,5
147547541961576,Council of the European Union,Council of the European Union,3499,10
1156150484398630,MozaiQ,MozaiQ,3469,1
113903080356129,Alin Mituța,Alin Mituța,3444,2
105478525821976,Gheorghe Cârciu,Partidul Social Democrat,3300,3
457768311042169,Consiglieri,These ads ran without a disclaimer,3274,1
108131401342424,Adrian Vigheciu,Adrian Vigheciu,3216,8
177357623816,Ziare.com,Ziare.com,3202,2
360828814115641,Asociatia Slujire Crestina,Asociatia Slujire Crestina,3024,6
165467823513147,Alin Tișe,Alin Tișe,3014,16
110714784883015,Bogdan Dumea,Partidul Social Democrat,3000,10
145716295552939,Lucian Bode,Partidul Național Liberal,3000,1
988607871174850,Grupul de Investigatii Politice,Grupul de Investigatii Politice,3000,1
113873916863079,Mathias Corvinus Collegium - Erdély,Mathias Corvinus Collegium Egyesület,2965,42
260365460647855,Mircea Geoana,Mircea Geoana,2953,24
116657837994402,Partidul Câmpina Curată,Partidul Câmpina Curată,2914,32
102626229459814,Spunem NU pasajului subteran,Partidul Câmpina Curată,2893,26
181221645364365,Carmen Avram,Carmen Avram,2861,15
509548582409324,Ghidul Primãriilor,Millenium Management Sistem SRL,2689,22
490181697757865,Antal Lóránt,Birou Senatorial Antal Lóránt Szenátori Iroda,2613,25
110583568433497,Partidul Umanist Social Liberal PUSL Filiala Galați,Digital Fairy Studio SRL,2600,25
108131401342424,Adrian Vigheciu,Partidul Social Democrat,2595,8
1769713886444816,Râsu Plânsu,Râsu Plânsu,2594,3
318417928527284,Lucian N. Romascanu,Partidul Social Democrat,2590,6
139292873479110,Florin Oancea,Florin Oancea,2576,12
337159212964962,Ziua de Cluj,Ziua de Cluj,2550,12
182546041796641,Costel Alexe,Costel Alexe,2453,10
205001282852200,Milvus Group,Asociatia GRUPUL MILVUS,2438,63
106318718894637,Infrastructură 5,Infrastructură 5,2400,1
109097618335138,Eduard Mititelu,Eduard Mititelu,2366,7
364156627669948,Ștefan Pălărie,Ștefan Pălărie,2300,5
225783874101141,Institutul pentru Politici Sociale,Institutul pentru Politici Sociale,2298,35
1145522045624751,Filip Havarneanu,Filip Havarneanu,2273,3
1027173667393990,Lucian Daniel Stanciu Viziteu,Lucian Daniel Stanciu Viziteu,2241,9
113795383753850,Viorel Băltărețu,Cabinet Parlamentar Viorel Băltărețu USRPLUS Cluj,2200,7
163198567038597,Fundatia Leaders,Fundatia Leaders,2107,25
1803548619924368,Andrei Gheorghiu,USR Vâlcea,2100,5
101167822409042,Alexandru Gyorgy,Alexandru Gyorgy,2051,7
107029625474765,Nicușor Halici,PSD Vrancea,2040,6
2443020582586584,Romania Eficienta,Romania Eficienta,2004,53
103445844473825,Alianța pentru Unirea Românilor - AUR,Partidul Politic ALIANȚA PENTRU UNIREA ROMÂNILOR,1995,2
1514760912172050,Marius Bodea,Marius Bodea,1963,3
395624153809868,Fundatia Renasterea,Sociallite Media Solutions,1920,22
1602563209957356,PNL Bacău,PNL Bacău,1918,2
444661942362092,USR Sector 4,USR Sector 4,1915,6
200813406761691,Corina Cretu,Corina Cretu,1900,5
620083298402659,Bogdan Trif,Bogdan Trif,1900,8
104369154745548,Diana Stoica,Diana Stoica,1893,2
200504554237674,USR Teleorman,USR Teleorman,1890,6
102106432515274,Partidul Patriotilor,Partidul Patriotilor,1887,7
130991630288395,Ask Team Clean RO,These ads ran without a disclaimer,1799,1
106543571883873,Forța Dreptei - București,Forța Dreptei - București,1798,7
340365952736683,Alin Nica,Alin Nica,1756,10
341037705981172,Humanitas,Humanitas,1744,11
747983061916032,Átlátszó Erdély,Átlátszó Erdély,1739,9
348610102203573,Radu Miruţă,Radu Miruţă,1735,16
107066808189586,Panorama.ro,NEWBIZ ONLINE PUBLISHING S.R.L.,1691,5
104214448943442,Adrian Niță,Nita Adrian,1674,9
375782699694430,USR Ialomița,USR Ialomița,1659,7
186612088034700,Facias - Fundatia pentru Apararea Cetatenilor Impotriva Abuzurilor Statului,FACIAS,1646,28
105634411790211,Coaliția pentru Egalitate de Gen,Coaliția pentru Egalitate de Gen,1569,7
101340741758468,Radu Pescar,Radu Pescar,1559,16
113009310432947,Ilie Cheșa,Ilie Cheșa,1533,22
1133289623473565,Lucian Patrascu,Partidul Social Democrat,1500,4
109445158308624,De fapt,DeFapt.ro,1472,8
104484254797326,Laura Vicol,Deputat Laura Vicol,1466,6
102025778125741,Robert Cazanciuc,Partidul Social Democrat,1464,4
112130176975380,Radu Ghidău,Radu Ghidău,1453,5
109556372802910,USR Dolj,USR Dolj,1415,7
1167483569966107,Primăria Municipiului Satu Mare / Szatmárnémeti,Primăria Municipiului Satu Mare / Szatmárnémeti,1406,6
180808795707557,Soldan George,Partidul Social Democrat,1400,5
557284874779877,Mihai Coteț,Mihai Cotet,1400,4
104217171285776,Asociația Industriei Lemnului - Prolemn,Asociația Industriei Lemnului - Prolemn,1374,4
1161590740517881,Tomis News,Tomis News,1373,31
175293925828191,Kelemen Hunor,RMDSZ,1366,12
177708185581280,Erdélyi Magyar Szövetség,Erdélyi Magyar Szövetség,1361,19
100211372942318,România=GEȚIA,România=GEȚIA,1353,3
675042232534141,Vincze Loránt,Vincze Loránt,1352,19
110980981783633,Modernizăm România,Partidul National Liberal,1329,3
109231571984405,Accelera,These ads ran without a disclaimer,1323,1
111190480252428,Radu Molnar,Radu Molnar,1303,23
523106417867452,Mircea Fechet,Mircea Fechet,1294,5
356582831057941,Cristian Matei,Cristian Matei,1270,10
1723480164579572,USR Brașov,USR Brașov,1268,8
183473261723511,Ziar Piatra Neamt,Ziar Piatra Neamt,1245,13
104143560936377,Irineu Darău,Birou Parlamentar Ambrozie-Irineu Darău,1227,10
107898832590939,European Commission,European Commission,1224,2
1469610256621123,PNL Dambovita,PNL Dambovita,1210,7
494469087244449,Eugen Tomac,Eugen Tomac,1159,3
321896004518929,Ioan Mang,Ioan Mang,1148,5
767582706713570,Allen Coliban,USR Brașov,1136,4
1560147330888040,Winkler Gyula,Winkler Gyula,1134,18
104519198394311,Rareș Hopincă,Rares Hopinca,1096,4
101971268361738,Andrei Miftode,Cabinet Parlamentar Marius Andrei Miftode,1085,8
101763692272709,Avocat Ciuchi Elena-Corina,Cabinet de Avocat CIUCHI Elena-Corina,1082,11
1214971831975446,Upgrade 100,Upgrade 100,1065,15
220579784732993,Daniel Buda,Daniel Buda,1049,25
1738339926491503,Silviu Dehelean,Silviu Dehelean,1033,3
514264362028436,Stefan Musoiu,Stefan Musoiu,1018,7
339810463063059,Conflict Of Nations : World War 3,These ads ran without a disclaimer,1017,4
708767705922205,Eurotrans Alapítvány,Eurotrans Alapítvány,1012,54
101462959574536,Agrocentrala,Agrocentrala,1008,29
1449284915381234,Ionel Bogdan,PNL Maramureş,1001,15
1556903897946498,USR Caraș-Severin,USR Caraș-Severin,1000,1
105522854133423,Radu Panait,Radu Panait,1000,1
1876727935882404,Bogdan Bola,Bogdan Bola,999,11
102811079157174,USR Tineret Gorj,USR Tineret Gorj,997,1
111568014776093,Stefan Cojanu,USR Ilfov,996,9
789998757706140,PNL Brăila,Partidul National Liberal Braila,987,7
722353611532676,Marian Arhire,USR Brașov,969,5
109849657256655,60m.RO,60M.RO,963,23
106384652445913,MRS - Partidul Mișcarea România Suverană Hunedoara,MRS Hunedoara,951,7
1658924257659048,USR Sector 3,Partidul Uniunea Salvați România - Filiala Sector 3,948,5
105999601301943,Ana Cătăuță,Ana Catauta,939,4
138896782840976,Biroul Parlamentului European în România,Biroul Parlamentului European în România,930,9
102718835134723,Dumitru Rujan,Dumitru Rujan,909,2
105720737973322,Cristi Berea,Cristi Berea,908,3
103749027864591,Florentina Luca Moise,Florentina Moise,904,13
1408452646080627,Marius Screciu,Screciu Marius,900,4
1408452646080627,Marius Screciu,Marius Screciu,900,3
1750327845246533,USR Maramureș,USR Maramureș,899,5
1164341813627057,Maria Gabriela Horga,Maria Gabriela Horga,897,24
111541767412870,Adrian Hatos,Adrian Hatos,894,3
109219267650851,Patriciu Achimaș-Cadariu,Patriciu Achimaș-Cadariu,886,3
108304090952938,Mihai Weber,Mihai Weber,880,4
247381131986109,Ensys,These ads ran without a disclaimer,879,1
111494220589160,spotmedia.ro,spotmedia.ro,873,1
109983011774065,Proiectul Romania 2030,Sociallite Media Solutions,867,2
360184320712594,Raluca Turcan,Partidul Naţional Liberal,857,19
107126744527532,Farcaș Mihai-Dan,FARCAS MIHAI DAN,805,7
872508899534866,Gelu Panfil,Gelu Panfil,800,3
456952907844400,Kereskényi Gábor,Kereskényi Gábor,796,5
113285397117325,Brian Cristian,Brian Cristian,772,3
106098884636145,ADI Deșeuri Bistrița-Năsăud,ADI Deseuri Bistrita-Nasaud,770,7
508572592666785,Alin Drăgulin,Alin Drăgulin,762,25
153754291326316,Calea Europeană,European Media Connections,760,10
600025356762034,Carina Pflege Locuri de munca Germania,Olimpia Schugar,755,2
428654640523065,Mircea Rosca,Mircea Rosca,754,6
137651470305528,Federația Patronală Petrol și Gaze,Federatia Patronală Petrol și Gaze,750,27
698760586929790,USR Constanța,USR Constanța,750,8
100348189494015,Robert Vitoș,Robert Vitoș,749,7
1871260176434584,USR Ilfov,USR Ilfov,747,3
344517529430253,Senatul Științific,Senatul Stiintific,741,8
412140715514446,Florin-Alexandru Alexe,Florin-Alexandru Alexe,739,2
1190871690932388,New Star Online TV,NewStarOnlineTV,736,43
527351247377965,European Committee of the Regions,European Committee of the Regions,724,8
129995860397891,CursDeGuvernare.ro,Varianta Media,713,5
552203444833617,e.on,These ads ran without a disclaimer,711,13
114460923709287,4media.INFO,4media.INFO,706,13
153018728044101,SOS Satele Copiilor Romania,These ads ran without a disclaimer,701,3
364996840328403,Asociația Liga Albanezilor din România,ALAR,700,4
233460426760688,Daniel Harpa,Daniel Harpa,700,2
1047658422027323,Dan Ivan,Dan Ivan,700,4
110388114865437,PNL Micești,PNL Arges,700,1
148960861863819,Mircia Gutău,Mircia Gutău,700,2
1385405838141456,USR Prahova,USR Prahova,694,1
100174096112403,Presa Nemțeană,Presa Nemțeană,690,3
163950740830769,Gaz De Romania,Gaz De Romania,684,17
105131372029305,Forța Dreptei - Ilfov,Romanii Trebuie Sa Stie,682,17
160389004118249,Iulian Dumitrescu,Iulian Dumitrescu,672,2
102157602643370,Fortune Olette,These ads ran without a disclaimer,670,2
821269587938298,Alina Gorghiu,Alina Gorghiu,663,6
261321050611325,Funky Citizens,Funky Citizens,653,4
103608188903509,Cosmin Petrescu,PNL Arges,650,2
1164341813627057,Maria Gabriela Horga,PNL Giurgiu,643,12
332232000196436,ARCA - Romanian Forum for Refugees and Migrants,ARCA Forumul Român pentru Refugiați și Migranți,621,2
104667664365097,Gabriel Avramescu,Gabriel Avramescu,619,5
1601334153417885,RMDSZ Kolozs Megye,RMDSZ Kolozs Megye,617,9
1305418182809740,Csoma Botond,RMDSZ Kolozs Megye,615,10
827831393930594,Alin Ignat,Alin Ignat,614,5
1587678041519354,PNL Neamt,PNL Neamț,604,4
102991845063279,Criticii.RO,CRITICII.RO,604,11
102410783138358,Anuntul Telefonic,Anuntul Telefonic SRL,600,2
100855711503394,Mihai Tonsciuc,Mihai Tonsciuc,600,6
1600886623504873,PressOne,Press One Media SRL,600,2
1498149113813076,Florin Cîţu,Florin Cîţu,600,6
293443534092169,Victor Negrescu,Victor Negrescu,600,4
117332118004079,Alianța Părinților Sălaj,IM PRIME VISUAL SRL,600,1
1653699758248627,Ion ȘTEFAN,Ion ȘTEFAN,600,3
101170469166841,Florian Sirca,Florian Sirca,594,8
103971266033940,Mihai Enache,Mihai Enache,590,3
132389806830877,Peace Action Training and Research Institute of Romania (PATRIR),Peace Action Training and Research Institute of Romania (PATRIR),578,3
100491781650498,Premierul Nostru,Premierul Nostru,575,2
110665943772240,Virgil Pirvulescu,Virgil Pîrvulescu,570,1
205092989831102,Senator Maricel Popa,Maricel Popa,568,12
103446918540751,Silviu Iordache,Partidul Uniunea Salvați România - Buzău,567,2
1653726584879481,Mihai Fifor,Fifor Mihai,567,7
104143560936377,Irineu Darău,Irineu Darau,565,1
112776430629875,Constanta Tv,Emil Mihail Tatu,555,5
118847551510788,EMaramures,eMaramures,555,4
108124730689140,Raul Olajos,Raul Olajos,552,4
111994702189326,Săptămâna Financiară,Săptămâna Financiară,550,3
102667432229439,HENRO - Asociatia Producatorilor de Energie Electrica,These ads ran without a disclaimer,543,2
136440113400763,Bogdan Rodeanu,Bogdan Rodeanu,543,9
115034829895977,Reporter de Iași,Reporter de Iasi,537,28
285264001985908,B-Cure Laser,These ads ran without a disclaimer,535,17
103699915626820,NyárON Szereda,NyárON Szereda,530,9
275718032506812,Oana Bulai,Bulai Oana Gianina,529,15
281341562263123,Cristina Prună,Cristina-Madalina Pruna,523,3
435614816576664,Claudiu Maior,Claudiu Maior,522,5
332232000196436,ARCA - Romanian Forum for Refugees and Migrants,ARCA - Romanian Forum for Refugees and Migrants,519,3
104740995380818,Forța Dreptei Iași,Romanii trebuie sa stie,510,17
1592660281028385,USR Bihor,USR Bihor,507,1
203522683752565,Stelian Bujduveanu,Stelian Bujduveanu,506,5
215328865181171,Borboly Csaba,Borboly Csaba,506,8
494469087244449,Eugen Tomac,Partidul Miscarea Populara,500,1
1195604040605186,USR Harghita,Partidul Uniunea Salvati Romania-Filiala Harghita,500,5
279454772645662,Nicu Ștefănuță,Nicu Ștefănuță,500,1
804299403024040,Iulian Bulai,USR Neamt,500,1
101125638954378,Susținătorii AUR,SustinatoriiAUR.RO,500,1
883243308450205,Costin Răsăuţeanu,Costin Răsăuţeanu,500,2
108567267960950,Gabriel Lupulescu,Gabriel Lupulescu,500,2
291132089193,Greenpeace Romania,Greenpeace Romania,492,8
110479207242174,Dan Alexandru Tică,Dan Alexandru Tică,488,6
103163884940349,Larisa Blanari,Marketing @Cevaltceva,481,1
106658920962277,Cotinescu Aurelian,Cotinescu Aurelian,480,8
939093039450192,PS News,PS News,480,6
116634326439880,Mindcraft Stories,Mindcraft Stories,477,11
279454772645662,Nicu Ștefănuță,These ads ran without a disclaimer,477,2
509479962851716,Alexandru Kocsis,Romanii trebuie sa stie,475,23
1029958020423567,Agro-Est Muntenia,Agro-Est,475,3
79195664287,Bucuresti Mall Vitan,Bucuresti Mall Vitan,472,4
196110100428834,Kolozs Megyei Ifjúsági Fórum - Kifor,RMDSZ Kolozs Megye,470,5
105478525821976,Gheorghe Cârciu,These ads ran without a disclaimer,468,1
100658152065911,Kelemen Attila,Kelemen Attila RMDSZ,468,5
101330708444591,Lazăr Ion Marian,Lazăr Ion Marian,464,8
160699447395598,Saptamana in Oltenia,Saptamana in Oltenia,450,3
418397358314460,Silviu Mănăstire,Silviu Mănăstire,450,9
1826606554233406,Narcis Constantin,Narcis Constantin,450,2
338465666278028,Cristian Niculescu Țâgârlaș,PNL Maramureş,450,7
207255636351408,Dan Barna,Dan Barna,450,7
110137077322546,Kovács Mihály Levente,Kovács Mihály Levente,449,3
396497857071198,Ziar Targu Neamt,Media PR Grup,442,5
1128229287275038,Silvia Dinică,Silvia Dinică,439,4
772662992868343,PNL Arges,PNL Arges,439,2
130698233727400,Descoperă Eco-România,Descoperă Eco-România,435,8
110907250415580,Cristian Simoiu,Cristian Simoiu,429,14
174434106304018,USR Galați,USR Galați,425,3
873737539404529,USR Timiș,USR Timiș,424,3
101285816081220,Ilias Papageorgiadis,Ilias Papageorgiadis,424,6
106958054809964,Radu Perianu,Radu Perianu,416,4
122480165084642,Curierul Românesc,Curierul Românesc,410,9
103485715128042,Gazetarii.RO,Gazetarii.RO,410,7
919232861444360,European Youth Event,These ads ran without a disclaimer,410,2
185088338177066,PNL IASI,PNL IASI,408,3
111273528544907,Alianța Național Creștină,Alianța Național Creștină,404,1
332064066854462,Monitorul de Cluj,Monitorul de Cluj SRL,400,1
987000488084806,USR Argeș,USR Argeș,400,1
110661800329158,Valentin Ivancea,Valentin Ivancea,400,2
439359429854762,USR Dobroești,USR Ilfov,400,5
101391671462136,Valentin Moraru,Valentin Moraru,399,8
106413034496140,Gavra Bogdănel Viorel - vocea cetățenilor,Gavra Bogdănel Viorel - vocea cetățenilor,398,10
1179862085498279,Panțîru Mihai - USR Berzunți,Panțîru Mihai - USR Berzunți,395,7
108654690750522,Claudiu Mureșan,Uniunea Salvați România - USR,387,12
111683464064929,Sergiu Mihalcea,Sergiu Mihalcea,383,4
100904822517086,Non-trivial,These ads ran without a disclaimer,382,15
174794259264098,FDP - Protagoniști în educație,Asociația FDP - Protagoniști în Educație,381,10
486358554821325,Sergiu Bîlcea,Sergiu Bîlcea,380,4
243961986020807,Turos Lóránd,Turos Lóránd,377,6
438055679575977,TV1 Satu Mare,TV1 Satu Mare,372,2
103164392708198,Alexandru Neagu,Alexandru Neagu,371,8
162127852613101,Paul Ene,USR Sector 4,356,1
113059893868435,Adrian Tudor - Primar Târgu Jiu,Adrian Tudor - Primar Târgu Jiu,351,2
1051537758265686,USR Neamț,USR Neamt,350,1
102463361382936,Dorel Mituletu,Oltenia Star,350,1
103971266033940,Mihai Enache,These ads ran without a disclaimer,350,1
103133251433425,Adrian Nicolae David,Adrian Nicolae David,350,1
1046576302107963,Ciprian Serban,Ciprian Serban,349,4
106282087882731,Dinu Gheorghe,Dinu Gheorghe,342,4
104417752138292,Claudiu Târziu,Claudiu Târziu,342,4
104477911460614,Adrian Giurgiu,Adrian Giurgiu,342,3
101773278158392,Drobeta Turnu Severin - Știri,Drobeta Turnu Severin - Știri,340,9
106809077982489,"Fundatia ""Perfect Civic""",Fundația „Perfect Civic”,339,1
105851148132971,Adrian Axinia,Adrian Axinia,338,18
106075378244914,Tomis Tv,Tomis Tv,334,13
200480966638039,Supremacy 1914,These ads ran without a disclaimer,333,2
1634415100191327,Oana Marciana Özmen,Oana Marciana Özmen,332,6
189728367297,WWF Romania,WWF Romania,332,2
101577215586429,Rafael Nichita,Rafael Nichita,318,3
100181882762169,Platforma de mediu pentru București,Fundația Comunitară București,315,4
799949990211564,Ioana Ramona Bruynseels,Ioana Ramona Bruynseels,302,7
2064288360250441,Andres Speditions,ANDRES SPEDITIONS SRL,300,1
114533060465357,Alexandru Robert Zob,USR PLUS Satu Mare,300,1
689386518104305,Radu Mihaiu,Uniunea Salvați România - Sector 2,300,1
111105537419564,Oana Murariu,Oana Murariu,300,2
311276575895950,Mihai Ritivoiu,Mihai Ritivoiu,300,1
979547832069760,PNL Galati,PNL Galati,300,2
155660124610237,Centrul de Studii Europene SNSPA,Centrul de Studii Europene SNSPA,300,1
208847039653490,Marcel Laurentiu Romanescu,Marcel Laurentiu Romanescu,300,3
106177581286223,Vlad Mircea Pufu,PNL Buzău,300,2
106256121790763,USR pentru Educație,USR,292,2
901760756635357,USR Otopeni,USR Ilfov,291,1
668129379887378,Dan Motreanu,Dan Motreanu,288,14
101380722809080,Fundația Dana Voiculescu pentru solidaritate,FDVS,284,6
526553594496566,Ramona Strugariu,Ramona Strugariu,282,3
113299893923817,USR Popești-Leordeni,Partidul Uniunea Salvati Romania,282,2
201920416986321,EM360 Studio,EM360 cu Adi Maniutiu,276,11
407413792695356,Peter Costea,Alianța Renașterea Națională,275,4
100730011789747,Minculeasa Claudiu,Claudiu Nicolae Minculeasa,273,7
101161965173287,Ropres.RO,Ropres.ro,273,9
107669378478704,Zăgrean Ioan,Zăgrean Ioan,270,9
518884591591983,Alianța pentru Unirea Românilor Buzău,SustinatoriiAUR.RO,269,7
581911828514783,Partidul Mișcarea Populară,Partidul Mișcarea Populară,269,5
103720355096432,ProPublica.RO,ProPublica.RO,268,4
1832218497019318,X Party & Networking,Intelglobalis,268,6
107017050667250,Cătălin Timofciuc,Cătălin Timofciuc,266,7
188113901227053,Maszol.ro,Maszol.ro,262,19
333606539787,UNICEF Romania,UNICEF Romania,260,4
1933828876850844,Sondaje România,Sondaje.net,258,1
503493536520335,Corneliu Stefan,Corneliu Stefan,252,1
101521905891035,Lucian Alba,Lucian Alba,252,4
1028428697211383,USR Sibiu,USR Sibiu,250,1
1569314583329364,Vergil Chițac,Vergil Chițac,248,1
308475693108961,USR Sălaj,USR Sălaj,245,2
1706904109529128,Servsal Argeș,Servsal Argeș,243,4
219945448554768,Ministerul Investitiilor si Proiectelor Europene,Ministerul Investitiilor si Proiectelor Europene,240,1
101422251500208,Calin Groza,Calin Groza,240,3
908169412659988,Bogdan Grecia,Bogdan Grecia,239,3
107414614506121,Narcis Mircescu,USR,239,3
104453631958322,PNL Ramnicu Valcea,PNL Ramnicu Valcea,237,5
104963290889633,Robert Iosub,Media PR Grup,236,1
101680849460720,Memorial Romania,These ads ran without a disclaimer,235,2
363229087342819,Marosvásárhelyiek,Marosvásárhelyiek,231,3
106168611021968,Alexandra Oană,Alexandra Oană,231,7
428464880426,Wall-Street.ro,Wall Street,230,4
513441665508224,USR Vâlcea,USR Valcea,230,3
103732705939837,USR Telega,USR Prahova,225,1
554865607867049,Visinel Balan,Vocea Copiilor Abandonati,223,8
341838585895260,Sindicatul IT Timisoara,These ads ran without a disclaimer,223,1
105060961213032,Victor Ilie,Victor Ilie,220,3
1633054980268917,Daniel Ciungu,Daniel Ciungu,218,3
428941830493010,Bankwatch Romania,Bankwatch Romania,210,1
953390258052307,Ziar Harghita,Media PR Grup,202,2
114237203329659,Lucian Sova,Lucian Sova,200,2
871128232947897,PNL Stefanesti AG,PNL Arges,200,2
427656597297153,Gabriela Firea,Gabriela Firea,200,2
112603300546284,Camelia Bertea,USR Brașov,200,1
285094182016333,Marius Pavel,Marius Pavel,200,1
102130021420312,Radu Trufan,USR Maramures,200,1
201835610228573,PNL Câmpulung,PNL Arges,200,1
109074861968014,Consilieri Municipali USR Zalău,USR Salaj,200,1
228801147150130,Ziarul de Vrancea,ADX Digital Agency srl,200,1
138013066338332,Asociația Umanistă Română,Asociatia Umanista Romana,200,2
110508400795493,Teodor Lazăr,Teodor Lazăr,200,2
254771308032377,Cosmin Andrei,Cosmin Andrei,198,2
100872245631464,AEM Holding,AEM Holding,196,8
103640708229788,Laurențiu Marin,Laurențiu Marin,195,7
174291436685142,Gabriel Valer Zetea,Gabriel Valer Zetea,195,10
73384376170,Green Report,Green Report,195,1
112460626989588,Antal Géza,Antal Géza,194,6
363778767496805,USR Sânpetru,USR Brașov,193,1
110771637893787,Florin Drăgulin,Partidul Uniunea Salvați România - Buzău,189,1
1780528075550888,USR Vrancea,Uniunea Salvați România - USR,189,1
106315865565038,Fleming Kris,These ads ran without a disclaimer,189,1
1409458915968999,Daniela   Onita-Ivascu,Tagspot,187,7
104208115573082,OCDL - Oficiul Creștin pentru Drepturi și Libertăți,These ads ran without a disclaimer,183,2
1035965773083960,Chelaru Florin,Chelaru Florin,180,4
107048211136339,Magdalena Trofin,Magdalena Trofin,180,3
102698141787000,Cristian-Daniel Ivănuță,CRISTIAN-DANIEL IVĂNUȚĂ,179,1
113795383753850,Viorel Băltărețu,Birou Parlamentar Viorel Băltărețu USR,177,3
370816919755641,Bogdan Huţucă,Partidul National Liberal- Filiala Constanta,174,3
101995405024434,Denisa Neagu,Denisa Neagu,171,3
502286776502999,Ziarul Timpul,Ziarul Timpul,170,16
205720146226089,Ziar Bicaz,Media PR Grup,170,1
763242310476823,Colegiul Tehnic al Diriginţilor de Şantier,Colegiul Tehnic al Diriginţilor de Şantier,166,1
340923316000910,Ziar Roman,Media PR Grup,166,3
109485238372885,Economistii.RO,Economistii.RO,166,3
101801151737136,Radu Moisin,HYPE VISION,163,1
100109995111475,Denis Mihai Covaci,RW Media,162,2
1802656310012700,Constantin Şovăială,Constantin Şovăială,159,12
110775848441310,Podul,Podul.ro,159,4
696290697197961,Nicu Fălcoi,Nicu Fălcoi,159,7
450693115669004,Csomortányi István,Erdélyi Magyar Néppárt,157,2
491846097539946,RADU CĂLIN,RADU CĂLIN,156,3
647907398718329,USR Turda,USR PLUS Cluj,152,2
374979375984476,Cetățeanul.net,Cetățeanul.net,152,2
1140563426028729,PNL Pitești,PNL Pitești,150,1
104867635061538,Ramona Porumb,Ramona Porumb,150,1
112496975054462,Dragos Predescu,Dragos Predescu,150,2
101643545586108,Alianța Pentru Patrie,Alianța Pentru Patrie,150,2
102791064640802,Ionuț Sorin Banciu,MAD Intelligence,150,2
1992712767649895,Adrian Miuțescu,Adrian Miuțescu,149,7
108494838851355,Comunitatea liberală sector 3,Partidul National Liberal Filiala Sector 3,148,1
1935179676747488,Audio Alfa,Audio Alfa,147,6
103294104428366,Cezar Dragoescu,Cezar Dragoescu,147,2
284192689178044,Cu Apele Curate,Mai Mult Verde,145,7
201005150346629,Marian Crușoveanu,Partidul National Liberal Filiala Constanta,145,3
1847975788757673,PNL Curtea de Arges,PNL Arges,144,1
103328664605981,Asociația Nevăzătorilor din România - Filiala Brașov,Asociația Nevăzătorilor din România - Filiala Brașov,143,1
105371064626304,Romeo Dunca,PNL Caras Severin,143,4
103483408125726,Cosmin Gîdea,Oltenia STAR,140,1
101094059251690,campineanul.ro,Campineanul.ro,140,2
101699386202816,Asociația Solidaritate și Egalitate,Tudor Communication,138,3
111463417179582,Alianța Renașterea Națională,Alianța Renașterea Națională,138,3
104550061381109,Political.RO,Political.RO,137,2
103286128708594,Cristian Mură,Cristian Mură,136,6
1651525028466405,Microsoft Romania,These ads ran without a disclaimer,134,1
282104112246692,Forum Apulum,These ads ran without a disclaimer,132,2
288706567858884,Alcedo,These ads ran without a disclaimer,131,2
111557897298537,Ciprian Alexandru,USR Giurgiu,130,1
100405011855388,Oana Cambera,Cabinet Deputat Oana Cambera,128,1
150909498384134,Varga Glad,Varga Glad,126,2
104927287719165,Dorian Curcanu,Dorian Curcanu,126,2
225855028197743,Stiri Din Surse Buzau,Stiri Din Surse Buzau,125,3
211931302217969,Organizația Umanitară CONCORDIA,Organizația Umanitară CONCORDIA,125,1
109835181204024,Muzeul Amintirilor din Comunism,These ads ran without a disclaimer,123,1
705733042862650,USR Bacău,USR Bacău,121,1
297642743698707,RMDSZ Kolozsvári Szervezet,RMDSZ Kolozs Megye,120,1
581389548564155,Asociația Necuvinte,Asociația Necuvinte,120,2
502514186907494,Apa Noastră,Apa Noastră,120,6
1879863498923234,Transilvania365,Transilvania365,120,6
139950422722584,Presa Locală Cluj,Napobit SRL (online media company),119,11
135251643824697,Asociația Pescarilor Sportivi Brăila - Galați,These ads ran without a disclaimer,117,1
1491544234239734,Forța Dreptei,Forta-Dreptei,115,7
749631902081381,USR Comănești,USR Comănești,115,2
155195491318605,eoficial.ro,Eoficial.ro,114,1
108509428219475,ThePressOffice.ro,The Press Office,112,1
106977887628728,Alianța pentru Unirea Romanilor Ialomița,SustinatoriiAUR,110,2
100464645215910,Florin Cocargeanu,Florin Cocargeanu,110,3
101587722591263,Corneliu Muresan,Corneliu Muresan,110,3
516576808811320,Bogdan Simcea,Bogdan Simcea,109,7
238823196246393,Andrei Popescu,Andrei Popescu,109,4
100935048994575,Business Watch,Business watch,107,2
113510423782476,Diana Baciuna,Diana Baciuna,107,3
114251270211131,Inași Ionuț-Denis,Inași Ionuț-Denis,107,3
108198834362110,Eugen Cucu - Consilier Local Sanpetru,Eugen Cucu - Consilier Local Sanpetru,104,5
945290092249958,Marius Horia Țuțuianu,Marius Horia Țuțuianu,102,2
463917500346335,PSD NEAMT,Media PR Grup,101,1
166649027305554,USR Sighetu Marmației,USR Maramureș,101,1
105771984737849,Constantin-Bogdan Popa,Constantin-Bogdan Popa,≤100,3
1480652828829030,Cristi Manolache,Partidul Ecologist Român -Filiala Județeană Bacău,≤100,1
103074994837661,Costin Iulian,Iulian Costin,≤100,1
260419237866,World Vision Romania,World Vision Romania,≤100,2
108789220750381,Europa Press RO,Europa Press RO,≤100,1
425029131302304,PNL Albota Arges,PNL Albota Arges,≤100,1
102845501378487,Zona Metropolitană Cluj,These ads ran without a disclaimer,≤100,1
101938368284859,Rácz Béla-Gergely,RMDSZ Kolozs Megye,≤100,1
1632292020360257,PNL Călinești Argeș,PNL Arges,≤100,1
2224971681067729,USR Tineret Timiș,USR Timiș,≤100,1
107294142262018,Volt Alba,VOLT ROMÂNIA,≤100,1
283727512100172,USR Mangalia,Uniunea Salvați România filiala Constanța,≤100,1
111221864566989,RMDSZ Máramaros Megyei Szervezet,Máramaros RMDSZ,≤100,1
110857777744699,Andrei Cazacu,Andrei Cazacu,≤100,1
1165695813506096,PNL Tigveni,PNL Arges,≤100,1
100265930018058,"Centrul Cultural ""G.M. Zamfirescu""","Centrul Cultural ""G.M. Zamfirescu""",≤100,1
315741605195163,Asociația ANAIS,Asociatia ANAIS,≤100,1
2058611537738487,USR Dej,USR Cluj,≤100,1
490297611136991,RMDSZ Nagybánya,RMDSZ Nagybanya,≤100,1
289324877762564,Expert Forum (EFOR),Expert Forum (EFOR),≤100,1
528408150903547,Stelian Ion,Stelian Ion,≤100,1
100843568397388,Tasnádi István Szilárd,RMDSZ Kolozs Megye,≤100,1
110714784883015,Bogdan Dumea,Bogdan Dumea,≤100,1
979274598853221,USR Gorj,Uniunea Salvați România,≤100,1
111523234688179,Vocea - Botosani,Vocea Botosani,≤100,1
192365285011395,Si eu reusesc,A.L.E.G.,≤100,2
102171222557906,PSD Sântandrei,PSD Sântandrei,≤100,1
117322552293013,Volt România,Volt România,≤100,1
582876612392374,Hotel Ceres Pucioasa,Hotel Ceres Pucioasa,≤100,1
107151464552754,Cristina Vecerdi,Cristina Vecerdi,≤100,2
109402311584543,Forța Dreptei Sibiu,Forța Dreptei Sibiu,≤100,4
108354630810359,Robert Alecu,Robert Alecu,≤100,1
209399519151264,Liviu Brătescu,Senator Liviu Brătescu,≤100,1
357851724578369,Asociația Forestierilor din România - ASFOR,Asociatia Forestierilor din Romania - ASFOR,≤100,1
101363907989983,Primăria Bodești,Media PR Grup,≤100,1
132203273503549,TeraSteel,These ads ran without a disclaimer,≤100,2
594728427228013,PSD Campina,PSD Prahova,≤100,3
474481680018003,Bogdan Toader,PSD Prahova,≤100,3
115806864737445,Bogdan Mihăiescu,Bogdan Mihăiescu,≤100,3
132253820510443,Cristi Valentin Misăilă,Cristi Valentin Misăilă,≤100,1
370688046600465,Liviu Macovei,Liviu Macovei,≤100,1
106405615327080,Gabriel Plăiașu,Gabriel Plăiașu,≤100,2
123004387710718,Societatea de Educatie Contraceptiva si Sexuala - SECS,Societatea de Educație Contraceptivă și Sexuală,≤100,14
108818130851166,Andrei Lupu,Andrei-Răzvan Lupu,≤100,1
144614315599146,Ziarul de Investigații,Ziarul de Investigații,≤100,6
213568095326901,Vasile Cristian Achiței,Vasile Cristian Achiței,≤100,2
104515455871123,Lockout Stereotypes,These ads ran without a disclaimer,≤100,2
738859586195443,Comuna Crăcăoani,Media PR Grup,≤100,6
103670208787697,EUcivitas,These ads ran without a disclaimer,≤100,1
110540893680292,Rad Media,RAD MEDIA AGENCY SRL,≤100,1
106161408045919,Acțiunea.RO,ACTIUNEA.RO,≤100,2
106710377634053,Andrei Patru,Andrei Patru,≤100,2
556266534498748,DS Smith,These ads ran without a disclaimer,≤100,1
182438747492,Mai Mult Verde,Mai Mult Verde,≤100,3
104892175315224,MRS - Partidul Mișcarea România Suverană Botoşani,MRS - Partidul Mișcarea România Suverană Botoşani,≤100,5
106331474473738,Esport Mobile,These ads ran without a disclaimer,≤100,1
111281564109712,Zakariás Zoltán,Erdélyi Magyar Szövetség,≤100,1
110965324016319,Țifui Florin George,Țifui Florin George,≤100,2
309748249443745,Oláh Emese,RMDSZ Kolozs Megye,≤100,2
1458276387779220,Forța Dreptei Vâlcea,Forța Dreptei Vâlcea,≤100,1
1846196185665307,Eurostat,These ads ran without a disclaimer,≤100,2
110262033929540,Alexandar Parc,Ferma Alexandar Parc,≤100,1
341681143137627,Bíró Barna Botond,Bíró Barna Botond,≤100,3
1079291835441187,RepublikaNews.ro,These ads ran without a disclaimer,≤100,4
125269690489238,MRS - Partidul Mișcarea România Suverană,MRS - Partidul Mișcarea România Suverană,≤100,1
100642451664106,Adrian Madar,Adrian Madar,≤100,3
1456367624654247,PNL SĂLAJ,World Wide BizCom,≤100,1
310372402769384,"Trans.INFO - transport, trucking and logistics news",These ads ran without a disclaimer,≤100,1
1695902094040229,Mihai Botez,Mihai Botez,≤100,1
1415945795129207,Roxana Mînzatu,Roxana Mînzatu,≤100,2
111161487199103,MediaPrezent,MediaPrezent,≤100,2
1750532471660574,Argeşul Online,Argeşul Online,≤100,2
101983854866860,DigiPres,DIGIPRES.RO,≤100,4
442721279504718,Elena Grosu,Elena Grosu,≤100,3
101268559478236,Gomoi Cristian Marian,These ads ran without a disclaimer,≤100,3
473158102774676,HELLA,These ads ran without a disclaimer,≤100,1
342554739152466,Lucian Dindirică,Lucian Dindirică,≤100,4
111537728362203,Biciușcă George,Biciușcă George,≤100,1
100821965221766,Sfatul Țării,Sfatul Țării,≤100,1
1406450186275233,Péter Ferenc,Péter Ferenc,≤100,1
623391021427907,Grupul Parlamentar PSD Camera Deputatilor,Grupul Parlamentar PSD Camera Deputatilor,≤100,3
672131309580307,Temes Megyei RMDSZ,trendmakers,≤100,2
341037705981172,Humanitas,These ads ran without a disclaimer,≤100,1
1348582425200500,Direct MM,These ads ran without a disclaimer,≤100,1
441247076607605,Neamunit România,Neamunit România,≤100,1
1724781964475116,Lavinia Cosma,Lavinia Cosma,≤100,6
101848625424539,Cristian Ciuta,Cristian Ciuta,≤100,1
110037751658256,Liga pentru Deșteptarea României,Liga pentru Deșteptarea României,≤100,1
431467304025393,360medical.ro,360medical.ro,≤100,3
105155819547159,IQads,These ads ran without a disclaimer,≤100,8
1533260410268341,Primaria Poiana Teiului,Media PR Grup,≤100,1
107371358270680,Plastic Call,These ads ran without a disclaimer,≤100,1
110173088496726,Citizens Climate Bucharest,Citizens Climate Bucharest,≤100,1
224366560961711,Antena 3 Constanta,These ads ran without a disclaimer,≤100,1
779335275738093,Podul,Podul,≤100,6
675042232534141,Vincze Loránt,These ads ran without a disclaimer,≤100,2
219380908168160,Mircea Hava,Mircea Hava,≤100,3
108735225467685,Golden Dawn,These ads ran without a disclaimer,≤100,1
187935071639,RFI Romania,These ads ran without a disclaimer,≤100,1
279506398903505,PNL Sector 1,PNL Sector 1,≤100,2
932511363436611,Cristian Dima,Cristian Dima,≤100,4
105245552497463,O altă perspectivă - Pocu/1080/3/16/157199,These ads ran without a disclaimer,≤100,1
100721382856284,Clinic Ocularia,These ads ran without a disclaimer,≤100,2
100449101898995,Azi pentru Maine,These ads ran without a disclaimer,≤100,2
108993054194031,Andrei Postică,Andrei Postică,≤100,1
232486986822622,Cseke Attila,RMDSZ Bihar,≤100,1
108801900624850,Cojocaru Petru Bogdan,Cojocaru Petru Bogdan,≤100,1
466827930500863,Costel Dunava,Costel Dunava,≤100,1
1078410485624321,Replica - INFO HD,Replica - INFO HD,≤100,1
102220615037058,Hajdu Gábor,Hajdu Gábor,≤100,2
336798217053251,USR Târgu Ocna,USR Bacău,≤100,1
104601592439011,REALity - Ingatlanok szakértelemmel.,These ads ran without a disclaimer,≤100,1
590603371013911,Călin Dobra,Călin Dobra,≤100,1
2149679741913688,USR Slatina,These ads ran without a disclaimer,≤100,1
618984848617430,Ioan Popa,Ioan Popa,≤100,1
1853883391581340,Gazeta de Buhusi,Gazeta de Buhusi,≤100,1
111254638076967,Forța Dreptei Dâmbovița,Forța Dreptei Dâmbovița,≤100,1
112332998808842,Cristian Bușoi,Cristian Bușoi,≤100,1
637044369743453,Tax Magazine,These ads ran without a disclaimer,≤100,1
111803517810714,Gigi Nicola,Gigi Nicola,≤100,1
100730011789747,Minculeasa Claudiu,Minculeasa Claudiu,≤100,2
103783921339409,Ionuț-Bogdan Cărăușu,Ionuț-Bogdan Cărăușu,≤100,1
245094455536925,FOUR PAWS,These ads ran without a disclaimer,≤100,2
253324688030581,Municipiul Alba Iulia,Municipiul Alba Iulia,≤100,1
104314345445669,Forța Dreptei - Sector 4,These ads ran without a disclaimer,≤100,1
207741001672,Speranta pentru Romania,These ads ran without a disclaimer,≤100,1
103511534892298,Lucian Mara • USR,Lucian Mara • USR,≤100,2
1107397012689947,Liviu Mazilu,Claudiu Nicolae Minculeasa,≤100,3
101094059251690,campineanul.ro,These ads ran without a disclaimer,≤100,1
107134341801432,"New European Bauhaus: beautiful, sustainable, together",These ads ran without a disclaimer,≤100,1
100642451664106,Adrian Madar,These ads ran without a disclaimer,≤100,2
2148832928702924,Media10,Media10,≤100,1
106146792303158,StireaVerde.ro,StireaVerde.ro,≤100,4
1274760009338125,Asociatia Lions Club Sportiv Mereu Impreuna Pentru Oameni,These ads ran without a disclaimer,≤100,1
1546565949004924,Moga Bogdan-Claudiu,Moga Bogdan-Claudiu,≤100,3
110573787157936,Focuspress,These ads ran without a disclaimer,≤100,1
150909498384134,Varga Glad,These ads ran without a disclaimer,≤100,1
104303254861007,Petre Enciu,Petre Enciu,≤100,1
1832218497019318,X Party & Networking,These ads ran without a disclaimer,≤100,2
139654236100628,يونيسف – اليمن UNICEF Yemen,These ads ran without a disclaimer,≤100,2
401741783276003,Marius Pașcan,Marius Pașcan,≤100,3
1847975788757673,PNL Curtea de Arges,These ads ran without a disclaimer,≤100,1
102399301370536,Andrei Crap,Andrei Crap,≤100,1
101050491593899,Mihai Birsan,These ads ran without a disclaimer,≤100,1
108445424173893,Carmen Elena Nastasă,Carmen Elena Nastasă,≤100,1
106487191290704,Constanta 100% - CT100.ro,Constanta 100%,≤100,2
670786806650339,Cătălin Sălăgean,Cătălin Sălăgean,≤100,1
1480241218942236,RMDSZ Szászfenes,RMDSZ Kolozs megye,≤100,1
1381632865277955,Teodora Desagă,Teodora Desagă,≤100,1
117699898246474,Centrul Roman de Politici Europene - CRPE,Centrul Roman de Politici Europene - CRPE,≤100,2
227578001357165,Ionel Dancă,Romanii trebuie sa stie,≤100,3
539397199419143,WASP Working Art Space and Production,These ads ran without a disclaimer,≤100,1
1338253849624201,Severin,Severin,≤100,2
117322552293013,Volt România,These ads ran without a disclaimer,≤100,1
123283157709774,eJobs Romania,These ads ran without a disclaimer,≤100,1
1690234811282383,Romatom Oficial,These ads ran without a disclaimer,≤100,1
105246485869504,Partidul Patriotilor Prahova,These ads ran without a disclaimer,≤100,13
1656590977890066,IDEO U,These ads ran without a disclaimer,≤100,1
205808149439773,Revista Ferma,These ads ran without a disclaimer,≤100,1
332232000196436,ARCA - Romanian Forum for Refugees and Migrants,These ads ran without a disclaimer,≤100,1
1448147152084125,Birou de traduceri și asigurări Sense,These ads ran without a disclaimer,≤100,1
131027970242795,Capital România,Capital România,≤100,1
1801899166702042,PNL Brașov,PNL Brașov,≤100,1
106210688186070,TemaZilei.RO,TemaZilei.RO,≤100,1
108136088495915,Vállalkozz Okosan,Vállalkozz Okosan,≤100,1
108338331744300,Ionel PETRE,Star Systems Packing,≤100,1
108148150675423,Irinel Cîrstea,Irinel Cîrstea,≤100,1
204648893268835,Moga Liliana,Moga Liliana,≤100,3
100903832754127,Dorin Cornia,Dorin Cornia,≤100,3
109455823104907,Corola,These ads ran without a disclaimer,≤100,2
765866386776302,Hunedoara Libera.ro,These ads ran without a disclaimer,≤100,2
105115482259225,Barabási Antal Szabolcs,Barabási Antal Szabolcs,≤100,2
102224898933734,MindDig,These ads ran without a disclaimer,≤100,4
108067045560894,Greenline Energy România,These ads ran without a disclaimer,≤100,1
103381026033051,ACA Market,These ads ran without a disclaimer,≤100,1
303587760256126,Reacționarii,These ads ran without a disclaimer,≤100,2
232648310108207,Observator,These ads ran without a disclaimer,≤100,1
932511363436611,Cristian Dima,These ads ran without a disclaimer,≤100,1
108691635330525,Senator Evdochia Aelenei,Senator Evdochia Aelenei,≤100,3
293933050636354,"Universitatea de Vest ""Vasile Goldis"" din Arad",These ads ran without a disclaimer,≤100,1
104332584834447,Mara Schär,These ads ran without a disclaimer,≤100,1
1376982875659603,Aciocarlanoae Andrei,These ads ran without a disclaimer,≤100,1
1153758948042333,Cârcu Ioan Caius,Cârcu Ioan Caius,≤100,1
126161288094299,Székelyudvarhelyi Magánvállalkozók Szövetsége,SZMVSZ,≤100,1
389883831183141,PNL Vâlcea,PNL Vâlcea,≤100,1
102345291691767,Nicușor Cionoiu,Nicușor Cionoiu,≤100,1
658514760921774,Pîrvu Sorin Adrian,Pîrvu Sorin Adrian,≤100,1
102414657846952,Mihai Mihailescu,Mihai Mihailescu,≤100,1
1487319541548619,PNL Satu Mare,These ads ran without a disclaimer,≤100,1
559977200816313,MH TIMES,MH TIMES,≤100,1
2335902076680451,AGXecutive,AGXECUTIVE,≤100,2
114611306735534,MH News,MH News,≤100,1
914770891918992,Cecilia Caragea,These ads ran without a disclaimer,≤100,1
185997004328,Catena - Farmacia Inimii,These ads ran without a disclaimer,≤100,1
560630824117761,Medgyesi MADISZ,These ads ran without a disclaimer,≤100,1
169799183827141,Verdom Automation,These ads ran without a disclaimer,≤100,2
101015292701508,Gabriel Gheorghe Tudor,These ads ran without a disclaimer,≤100,1
100500829567701,Partidul România Mare - Filiala Județeană Dâmbovița,These ads ran without a disclaimer,≤100,1
116425621364691,Dragoș Nicolae Francu,These ads ran without a disclaimer,≤100,2
474756162615729,Water Witch Workboats,These ads ran without a disclaimer,≤100,1
111702393770588,Șchiopu Constantin-Adrian,Șchiopu Constantin-Adrian,≤100,1
332549564826099,Actualitatea Musceleană,Actualitatea Musceleană,≤100,2
110786843993342,Cristian Paul Ichim,Cristian Paul Ichim,≤100,2
779335275738093,Podul,Podul.ro,≤100,1
106877388668096,HTC - House of Transylvanian Cards,These ads ran without a disclaimer,≤100,1
110565513987171,Lazăr Faur,Lazar Faur,≤100,1
294553970688152,Tetra Pak Romania,These ads ran without a disclaimer,≤100,2
102640775963913,REPER Osica de Sus,These ads ran without a disclaimer,≤100,1
147497942087478,Mândri Aradeni,These ads ran without a disclaimer,≤100,1
160368511216287,FrieslandCampina Careers,These ads ran without a disclaimer,≤100,3
116091608143232,Partidul Uniunea Națiunii Române - Reghin,These ads ran without a disclaimer,≤100,3
100169172537158,Forța Dreptei - Prahova,Forța Dreptei - Prahova,≤100,1
119395724467123,Anca Bordușanu,These ads ran without a disclaimer,≤100,1
1691348914457144,Bucharest Tech Week,These ads ran without a disclaimer,≤100,1
102676548118222,Mehedinți,Mehedinți,≤100,1
1894674800849023,UBM Feed Romania,These ads ran without a disclaimer,≤100,1
102995991496693,Blitz România,These ads ran without a disclaimer,≤100,2
100565565854960,Cancerul Justiției Românești - Judecătoria Groazei Iași,Cancerul Justiției Românești - Judecătoria Groazei Iași,≤100,1
130698810374423,Club Mioc George,These ads ran without a disclaimer,≤100,1
105326349197671,Dumitru Pantazi Oficial,These ads ran without a disclaimer,≤100,1
116985097996477,Zetu Harrys,These ads ran without a disclaimer,≤100,1
102381955983563,Bianca Mircea - Cabinet de Avocat,These ads ran without a disclaimer,≤100,1
105107715699766,Comisariatul Județean pentru Protecția Consumatorilor Dolj,These ads ran without a disclaimer,≤100,1
101182098048192,Aerlive.ro,These ads ran without a disclaimer,≤100,2
1852915291393497,nPloy,These ads ran without a disclaimer,≤100,4
113388621278432,Freedom for Norway,These ads ran without a disclaimer,≤100,1
1174512932579230,Szilágyi Róbert István,Szilágyi Róbert István,≤100,1
274846992618541,Kaufland Romania,These ads ran without a disclaimer,≤100,1
104001961841165,Tati și Sofia - interesul superior al copilului după divorț,These ads ran without a disclaimer,≤100,1
106010387931066,Dumitru Viorel Focșa,Dumitru Viorel Focșa,≤100,1
101265661438597,Varga Adorján,These ads ran without a disclaimer,≤100,2
19746387261,Humane Society International,These ads ran without a disclaimer,≤100,3
240025582766345,Napoca Live,These ads ran without a disclaimer,≤100,1
101578415382513,RMDSZ Gyergyószárhegy,RMDSZ Gyergyószárhegy,≤100,1
1422516211298091,Total Impact,These ads ran without a disclaimer,≤100,1
1746545138976406,Dan Ghiurco,Dan Ghiurco,≤100,3
104405159011073,Sheba Tel HaShomer Global Division,These ads ran without a disclaimer,≤100,1
110448498160151,Ion Stefanovici,News Moldova,≤100,1
102057089480077,Chronos Racing Team,These ads ran without a disclaimer,≤100,1
116874968062644,"Bună Ziua, Arad.",These ads ran without a disclaimer,≤100,1
124535200548025,Aurel Lazăr Jr.,Aurel Lazăr Jr.,≤100,2
121357538490187,Tineri Europeni / Young Europeans Romania,Junimea Europeană Federalistă,≤100,1
784605865010605,Eugen Nae Consilier Judetean,Eugen Nae Consilier Judetean,≤100,1
290722318044800,Yellows,These ads ran without a disclaimer,≤100,1
302066893776500,ABBRomania,These ads ran without a disclaimer,≤100,1
102500518635499,ENTR en,These ads ran without a disclaimer,≤100,1
100374392742057,Weregreenly- Magazine,These ads ran without a disclaimer,≤100,39
107705890769743,Indecis,These ads ran without a disclaimer,≤100,1
104669795412429,Politic Media,Politic Media,≤100,1
108625789179165,Soi Dog Foundation,These ads ran without a disclaimer,≤100,2
109375075062801,GD Tax and Financial Consulting,These ads ran without a disclaimer,≤100,1
228325774024636,Beta - bienala timişoreană de arhitectură,These ads ran without a disclaimer,≤100,1
343985289762259,Historic,These ads ran without a disclaimer,≤100,1
102259404729098,Girls First Finance,These ads ran without a disclaimer,≤100,1
10261403667,Europeana.eu,These ads ran without a disclaimer,≤100,1
102524799835429,Digitalk Conference,These ads ran without a disclaimer,≤100,1
1752873864954644,Robert Sighiartau,Robert Sighiartau,≤100,1
109929651948569,Oana Odagiu,These ads ran without a disclaimer,≤100,1
979128092114200,Every Can Counts,These ads ran without a disclaimer,≤100,1
1561982447361791,Non's táskái,These ads ran without a disclaimer,≤100,1
114052603708296,Hai La Drum,These ads ran without a disclaimer,≤100,1
247194805295271,Helen Doron Global,These ads ran without a disclaimer,≤100,1
135877696485772,Marie Skłodowska-Curie Actions,These ads ran without a disclaimer,≤100,1
117539767899171,Ana Maria Coman,These ads ran without a disclaimer,≤100,1
1410097165964589,Primaria Resita,These ads ran without a disclaimer,≤100,1
102824072298578,Enjoy Real Life 8,These ads ran without a disclaimer,≤100,1
111537728362203,Biciușcă George,These ads ran without a disclaimer,≤100,1
114297404923983,ER-SolarSun,These ads ran without a disclaimer,≤100,1
380216272093040,GESI - IMOB Onesti,These ads ran without a disclaimer,≤100,1
400605554001626,Eduard Alexandru Cîrceag,Eduard Alexandru Cîrceag,≤100,1
101447431312125,Younity România,These ads ran without a disclaimer,≤100,1
196189887094436,Reset DOC Dialogues on Civilizations,These ads ran without a disclaimer,≤100,1
1299282843440783,OTP Bank Romania,These ads ran without a disclaimer,≤100,2
101340741758468,Radu Pescar,These ads ran without a disclaimer,≤100,2
105386712313441,serpente.femina,These ads ran without a disclaimer,≤100,1
103772184933,Strategy International,These ads ran without a disclaimer,≤100,2
947704582025685,Daze,These ads ran without a disclaimer,≤100,1
479285342097950,AeroTime,These ads ran without a disclaimer,≤100,1
111967013731903,Goldwind,These ads ran without a disclaimer,≤100,2
114186743283123,Australia Express,These ads ran without a disclaimer,≤100,1
643621062330239,Bülent ÖZCAN,These ads ran without a disclaimer,≤100,2
13204463437,"UNHCR, the UN Refugee Agency",These ads ran without a disclaimer,≤100,1
447828135241448,Mente Poderosa,These ads ran without a disclaimer,≤100,1
495396537153337,Crestemidei,These ads ran without a disclaimer,≤100,1
104214185642689,Burjeel Holdings,These ads ran without a disclaimer,≤100,1
101261252726516,Michael Kalika's Photography,These ads ran without a disclaimer,≤100,1
1781404358774264,Sulincean Marius Page,These ads ran without a disclaimer,≤100,1
106648655054049,Skillab,These ads ran without a disclaimer,≤100,1
114221411288902,Skillab.ro,These ads ran without a disclaimer,≤100,2
1200997296577379,Orbán Balázs Akadémia,These ads ran without a disclaimer,≤100,1
844386315584131,Volvo Construction Equipment,These ads ran without a disclaimer,≤100,1
116308369063243,Kambria,These ads ran without a disclaimer,≤100,1
1935179676747488,Audio Alfa,These ads ran without a disclaimer,≤100,6
105326115386676,The New Voice of Ukraine,These ads ran without a disclaimer,≤100,1
102668075081968,"Фонд премии ""Генезис""",These ads ran without a disclaimer,≤100,3
335133504491441,Polish-Cosmetica Auto Secuieni,These ads ran without a disclaimer,≤100,1
275718032506812,Oana Bulai,These ads ran without a disclaimer,≤100,1
348442895223932,"Targul National Imobiliar-TNI, 19-21 MAI 2023, Palatul Parlamentului",These ads ran without a disclaimer,≤100,1
223085324391268,ADC Memorial,These ads ran without a disclaimer,≤100,1
236342810167716,GMMC,These ads ran without a disclaimer,≤100,1
402788693862356,Alternativa de Bun-Simț,These ads ran without a disclaimer,≤100,1
115697981443812,Iulian Vițel,These ads ran without a disclaimer,≤100,1
114843431594687,Clubul Profesorilor,These ads ran without a disclaimer,≤100,1
234137170592788,DCBusiness,These ads ran without a disclaimer,≤100,1
100829705022922,Andreea Pîrlea-Autor,These ads ran without a disclaimer,≤100,1
120098137728313,Mariet Quitain Pasia,These ads ran without a disclaimer,≤100,1
347265340270,Architecture Competitions,These ads ran without a disclaimer,≤100,1
1174512932579230,Szilágyi Róbert István,These ads ran without a disclaimer,≤100,1
108091988358295,Travels All Abroad,These ads ran without a disclaimer,≤100,6
119405895873,Huawei,These ads ran without a disclaimer,≤100,1
101298739026938,Zetea Silviu - Președinte,These ads ran without a disclaimer,≤100,1
113622708703535,Cristian China Birta,These ads ran without a disclaimer,≤100,1
122271394189456,SmartSizl,These ads ran without a disclaimer,≤100,1
111865698490743,JOB Marmația,These ads ran without a disclaimer,≤100,1
202099276507678,24.hu,These ads ran without a disclaimer,≤100,17
512067222145170,Dominic Marcu,These ads ran without a disclaimer,≤100,1
108203942266885,Citestepenet.com,These ads ran without a disclaimer,≤100,1
392401507964099,Blue Store,These ads ran without a disclaimer,≤100,4
1183996195056831,Sentient,These ads ran without a disclaimer,≤100,1
1249630708423717,MUNER Motorvehicle University of Emilia-Romagna,These ads ran without a disclaimer,≤100,1
102028619234772,CoBuild,These ads ran without a disclaimer,≤100,1
101849728551147,Fun Break Central,These ads ran without a disclaimer,≤100,8
1397405843841104,Ines de la Fressange Paris,These ads ran without a disclaimer,≤100,1
103447376107003,Life Care,These ads ran without a disclaimer,≤100,1
131189377574,MDPI,These ads ran without a disclaimer,≤100,4
107647258831836,Weregreenly- Magazine Page 3,These ads ran without a disclaimer,≤100,5
124535200548025,Aurel Lazăr Jr.,These ads ran without a disclaimer,≤100,1
174495013772,nlc.hu,These ads ran without a disclaimer,≤100,2
103383915623247,Mișcarea pentru Democrație Directă,Mișcarea pentru Democrație Directă,≤100,1
1930703783625250,Sorin Vrajitoru,These ads ran without a disclaimer,≤100,1
108105240635281,Biserica Protestantă din Iași,These ads ran without a disclaimer,≤100,1
367649046908008,Growatt New Energy,These ads ran without a disclaimer,≤100,1
357444017777047,Bronson.men,These ads ran without a disclaimer,≤100,1
149077228440738,CEEweb for Biodiversity,These ads ran without a disclaimer,≤100,1
228249294595194,Calea prosperității,These ads ran without a disclaimer,≤100,1
113006248459136,EduActiv - Nevoi din lumea copiilor,EduActiv - Nevoi din lumea copiilor,≤100,2
576164005783400,LIGS University,These ads ran without a disclaimer,≤100,2
272197376223717,"Academia Internacional de Música ""Aquiles Delle Vigne""",These ads ran without a disclaimer,≤100,1
102712724898311,Eduard Ciulei,These ads ran without a disclaimer,≤100,1
1871211123134164,Rusticbutique,These ads ran without a disclaimer,≤100,1
100133305185624,Şerban Todorică-Constantin,These ads ran without a disclaimer,≤100,1
109725215092123,RFI Українською,These ads ran without a disclaimer,≤100,1
957305967719678,Sergiu DAVID,These ads ran without a disclaimer,≤100,1
33949959457,Passport Magazine,These ads ran without a disclaimer,≤100,1
177282625936792,Atanasiu Onuț Valeriu,These ads ran without a disclaimer,≤100,1
116634326439880,Mindcraft Stories,These ads ran without a disclaimer,≤100,1
556475357727793,World Organisation for Animal Health,These ads ran without a disclaimer,≤100,1
116934494636757,Nifty News,These ads ran without a disclaimer,≤100,4
109157008010513,Alveda,These ads ran without a disclaimer,≤100,2
106882027720933,Ugreen_Us,These ads ran without a disclaimer,≤100,1
102998939765184,Persian bms,These ads ran without a disclaimer,≤100,3
112864228133921,Funnies Now - Stories,These ads ran without a disclaimer,≤100,2
102252525898596,Lương Y Phạm Văn Thanh,These ads ran without a disclaimer,≤100,1
666232606777055,VELUX,These ads ran without a disclaimer,≤100,1
114491254887383,Hilarious Hub,These ads ran without a disclaimer,≤100,3
157586528019668,Nigel Ng,These ads ran without a disclaimer,≤100,1
108148958352704,Travelers Spot,These ads ran without a disclaimer,≤100,8
112077024899370,Comics Stadium,These ads ran without a disclaimer,≤100,3
204564332928305,National Geographic Magazin Magyarország,These ads ran without a disclaimer,≤100,6
103783921339409,Ionuț-Bogdan Cărăușu,These ads ran without a disclaimer,≤100,1
1777952132237071,Slované v obrazech a poezii / Slavs in pictures and poetry,These ads ran without a disclaimer,≤100,1
102991004591819,Razvan Filipescu,Razvan Filipescu,≤100,1
100912541413695,Más Impulso,These ads ran without a disclaimer,≤100,3
109564128737732,Cosmin Corâțu,These ads ran without a disclaimer,≤100,1
101291678604071,Conferințele România Construiește,These ads ran without a disclaimer,≤100,1
100932707927740,Stron,These ads ran without a disclaimer,≤100,1
1457915704536726,Advokatfirmaet Magnus Legal,These ads ran without a disclaimer,≤100,1
108589454301244,Lorand Toth,These ads ran without a disclaimer,≤100,1
156384024387787,Nők Lapja,These ads ran without a disclaimer,≤100,1
101668682611759,Благодійний фонд A36,These ads ran without a disclaimer,≤100,1
351051478269431,Sokszínű Vidék,These ads ran without a disclaimer,≤100,3
156163224404147,Sport365.hu,These ads ran without a disclaimer,≤100,1
105494315161744,talkdiplomacy,These ads ran without a disclaimer,≤100,1
45413563867,The Free and Equal Elections Foundation,These ads ran without a disclaimer,≤100,2
110818941452003,Morehackz Stories,These ads ran without a disclaimer,≤100,6
130136833750497,IELTS Official,These ads ran without a disclaimer,≤100,1
142423195795018,AccessMBA,These ads ran without a disclaimer,≤100,1
150830641743673,Tomplay,These ads ran without a disclaimer,≤100,3
106991768326883,Futbolete - Magazine,These ads ran without a disclaimer,≤100,3
270052016419167,Pauline Nordin,These ads ran without a disclaimer,≤100,3
451105858234401,AUF - Europe Occidentale,These ads ran without a disclaimer,≤100,1
267353906619818,Mr. Gugu & Miss Go,These ads ran without a disclaimer,≤100,2
111727494842051,Maria Silva,These ads ran without a disclaimer,≤100,1
826236487386897,امتلاك العقارية - Imtilak Real Estate,These ads ran without a disclaimer,≤100,1
104819872149191,United4Ukraine,These ads ran without a disclaimer,≤100,1
19740928752,World Animal Protection,These ads ran without a disclaimer,≤100,3
110706815111019,Phillips Shonta,These ads ran without a disclaimer,≤100,1
101388509327100,Extra famous,These ads ran without a disclaimer,≤100,1
102543172267906,Celebrity Protection,These ads ran without a disclaimer,≤100,1
110099331940978,More Hackz - MediaSmarter,These ads ran without a disclaimer,≤100,1
872194049600781,Joorala,These ads ran without a disclaimer,≤100,1
102300279228311,MadeinChina,These ads ran without a disclaimer,≤100,1
333293986861604,Jean Richard MusiK,These ads ran without a disclaimer,≤100,1
112220134851421,Under the Sisterhood,These ads ran without a disclaimer,≤100,4
178117386051353,SunContract,These ads ran without a disclaimer,≤100,1
107006272360468,Workers Agency,These ads ran without a disclaimer,≤100,1
95775573753,Frontiers,These ads ran without a disclaimer,≤100,1
103659765532260,華夏focus,These ads ran without a disclaimer,≤100,1
130221623851701,Mudassar Jackson,These ads ran without a disclaimer,≤100,1
217065798665069,Bob's Hideout,These ads ran without a disclaimer,≤100,1
102821692318383,House of Travel,These ads ran without a disclaimer,≤100,1
102023009327901,Global Compassion Coalition,These ads ran without a disclaimer,≤100,3
126205140373896,Valentine Dei,These ads ran without a disclaimer,≤100,1
109036555449915,Slenergy,These ads ran without a disclaimer,≤100,1
325416797579907,The Study Abroad Portal,These ads ran without a disclaimer,≤100,1
100413328754140,We Will Rank You podcast,These ads ran without a disclaimer,≤100,1
1990880717882519,The China Current,These ads ran without a disclaimer,≤100,1
106033232405215,Virginia Patrizi,These ads ran without a disclaimer,≤100,1
102579455955332,Jerview,These ads ran without a disclaimer,≤100,2
121638447515460,Marcelo Almeida,These ads ran without a disclaimer,≤100,1
47815171686,Banyan Tree Hotels & Resorts,These ads ran without a disclaimer,≤100,1
545875115498387,Anexas Consultancy,These ads ran without a disclaimer,≤100,1
104099512361482,Funnies Now - Magazine,These ads ran without a disclaimer,≤100,14
155438574470276,DW українською,These ads ran without a disclaimer,≤100,2
112071155023896,Harper's Bazaar France,These ads ran without a disclaimer,≤100,1
343786409509707,The East Gate,These ads ran without a disclaimer,≤100,1
1883003128429295,Queer Majority,These ads ran without a disclaimer,≤100,3
105836542530091,Break The Silence against ABUSE,These ads ran without a disclaimer,≤100,2
102800215034719,Lux & Lush - Culture,These ads ran without a disclaimer,≤100,1
102723762108199,Tsikdem Communication,These ads ran without a disclaimer,≤100,1
121031430930858,L. Juan Miller - Senior Developer,These ads ran without a disclaimer,≤100,1
565225540184937,CGTN,These ads ran without a disclaimer,≤100,7
14957887077,Freedom House,These ads ran without a disclaimer,≤100,1
109926928389181,Gabriel Nunes,These ads ran without a disclaimer,≤100,4
116355337718182,Moli lulu,These ads ran without a disclaimer,≤100,4
100162738241949,Xu Zeyu,These ads ran without a disclaimer,≤100,1
435272526866135,North American Kurdish Alliance - NAKA,These ads ran without a disclaimer,≤100,1
101466184613456,Fuzzy Times,These ads ran without a disclaimer,≤100,2
368194657215717,Times Higher Education Connect,These ads ran without a disclaimer,≤100,1
111363795192332,Florin Lisaru,These ads ran without a disclaimer,≤100,1
188872144758,CCTV,These ads ran without a disclaimer,≤100,1
105336055090792,Luisa Chimá,These ads ran without a disclaimer,≤100,2
161666143844859,Sandvik,These ads ran without a disclaimer,≤100,1
108558068531422,Smart doc magazin,These ads ran without a disclaimer,≤100,3
886617328031302,African History,These ads ran without a disclaimer,≤100,1
150498365045300,Gruppo Colle S.r.l.,These ads ran without a disclaimer,≤100,1
231388256876432,ISQua - The International Society for Quality in Health Care,These ads ran without a disclaimer,≤100,1
172348652806226,DEKRA,These ads ran without a disclaimer,≤100,1
1490336211217327,AudioPhix,These ads ran without a disclaimer,≤100,1
125204744198999,24.hu - Sport,These ads ran without a disclaimer,≤100,1
101715608808670,Judgment Day: Angel of God,These ads ran without a disclaimer,≤100,1
1592983857598216,China Eastern Airlines,These ads ran without a disclaimer,≤100,1
150779984941409,Rave Mobile Safety,These ads ran without a disclaimer,≤100,1
110738165256490,Camel Coin,These ads ran without a disclaimer,≤100,1
114434291631957,The Style Gala,These ads ran without a disclaimer,≤100,3
150892854938208,qujOchÖ,These ads ran without a disclaimer,≤100,1
111283271603417,Taicang Entdecken,These ads ran without a disclaimer,≤100,1
106170661628518,香港V,These ads ran without a disclaimer,≤100,1
405379246524515,DHL Express,These ads ran without a disclaimer,≤100,2
1979117165654013,Be Happy,These ads ran without a disclaimer,≤100,1
1573569742675365,Voltalia,These ads ran without a disclaimer,≤100,1
104850368831975,Bubblegum,These ads ran without a disclaimer,≤100,1
299704060194977,CRI Ελληνική Υπηρεσία,These ads ran without a disclaimer,≤100,1
104696574822749,YourArtsakh.com,These ads ran without a disclaimer,≤100,1
618086438391102,Taiwan in the EU and Belgium,These ads ran without a disclaimer,≤100,3
761528047280425,Medvoice.,These ads ran without a disclaimer,≤100,1
312898778847834,TERRAM PACIS,These ads ran without a disclaimer,≤100,1
101545705215204,Wild Iconic,These ads ran without a disclaimer,≤100,1
110333931764735,Smile Papers,These ads ran without a disclaimer,≤100,2
100200532855012,Pyrpose,These ads ran without a disclaimer,≤100,1
267729123927662,We4All,These ads ran without a disclaimer,≤100,1
102623776002357,Funnies Now - Magazine Page 2,These ads ran without a disclaimer,≤100,2
224597158386607,Rosa Luxemburg Foundation,These ads ran without a disclaimer,≤100,1
31292782350,Deutschland.de,These ads ran without a disclaimer,≤100,3
35335786143,Cat Electric Power,These ads ran without a disclaimer,≤100,1
106774006022127,מסע - Masa Israel Journey,These ads ran without a disclaimer,≤100,3
109102194947189,CinemAbruzzo,These ads ran without a disclaimer,≤100,1
100851609659466,unrisd,These ads ran without a disclaimer,≤100,1
102245370126806,Luis Felipe Tilleria,These ads ran without a disclaimer,≤100,1
109478375283558,Бесплатный женский Бьюти-практикум,These ads ran without a disclaimer,≤100,2
800194943688625,Mindful Gazette,These ads ran without a disclaimer,≤100,1
1589154051350606,FOZ - Friends of Zion Museum,These ads ran without a disclaimer,≤100,1
331965446932156,HORIZON: the EU Research & Innovation magazine,These ads ran without a disclaimer,≤100,1
2335613803134168,Okori Digital,These ads ran without a disclaimer,≤100,1
103760159378613,Racing Guru,These ads ran without a disclaimer,≤100,1
100172476278127,Easy Study,These ads ran without a disclaimer,≤100,1
1407800559480010,Hirmer Verlag,These ads ran without a disclaimer,≤100,1
116276158090585,Business & Finances,These ads ran without a disclaimer,≤100,1
123027101047606,Pancreatic Cancer UK,These ads ran without a disclaimer,≤100,1
1548871702035547,Університет імені Альфреда Нобеля,These ads ran without a disclaimer,≤100,1
116679401363112,Kelce Jam,These ads ran without a disclaimer,≤100,1
103092238774307,Sobe Ad Agency,These ads ran without a disclaimer,≤100,1
187766727949541,Deportivo Alavés,These ads ran without a disclaimer,≤100,2
111497354798409,Tinfoil U-Turn,These ads ran without a disclaimer,≤100,1
111160730747637,Trivia Stars,These ads ran without a disclaimer,≤100,1
103195371860169,Lisa.md,These ads ran without a disclaimer,≤100,1
100269512409339,Tripfeed,These ads ran without a disclaimer,≤100,2
102211979093712,EdHeroes,These ads ran without a disclaimer,≤100,1
112499268411777,Svidok - Voices of the War in Ukraine,These ads ran without a disclaimer,≤100,1
107237888124833,Vy Oanh Authentic - Túi xách cao cấp uy tín,These ads ran without a disclaimer,≤100,1
101149662460553,Avo Magazine,These ads ran without a disclaimer,≤100,1
124109327256894,Dra. Ângela Pistão,These ads ran without a disclaimer,≤100,2
286094071469577,VINCI Energies,These ads ran without a disclaimer,≤100,1
149290745229517,Online Antisemitism Task Force,These ads ran without a disclaimer,≤100,1
1019461331409408,Alexandre Paiva,These ads ran without a disclaimer,≤100,1
100308912853619,Travelling Brad,These ads ran without a disclaimer,≤100,1
925758667776466,Սփյուռքի Գլխավոր Հանձնակատարի Գրասենյակ Diaspora High Commissioner's Office,These ads ran without a disclaimer,≤100,1
118592938221174,ZTE Corporation,These ads ran without a disclaimer,≤100,2
395401643992178,TIP Used Equipment,These ads ran without a disclaimer,≤100,1
1624620711157942,OSRAM Automotive Romania,These ads ran without a disclaimer,≤100,1
120710477664248,Fpl mopthefloor,These ads ran without a disclaimer,≤100,1
113864178277471,Eco Mindset,These ads ran without a disclaimer,≤100,5
102416722029565,"Innovate4Climate, I4C 2023",These ads ran without a disclaimer,≤100,1
109646645178346,Amazing Tales,These ads ran without a disclaimer,≤100,1
115575820139019,Af Fhyf,These ads ran without a disclaimer,≤100,2
111753895574582,IC University of Applied Sciences- Amsterdam,These ads ran without a disclaimer,≤100,1
116125214419461,dassaellen,These ads ran without a disclaimer,≤100,1
101302478014531,Global Alliance of Universities on Climate,These ads ran without a disclaimer,≤100,1
120223804387904,dailypositivityboost,These ads ran without a disclaimer,≤100,3
111735824660625,Big Treveler,These ads ran without a disclaimer,≤100,1
150793518281117,Covestro,These ads ran without a disclaimer,≤100,1
109023478608136,Ihabitantne,These ads ran without a disclaimer,≤100,1
112872221753732,Sara Perez,These ads ran without a disclaimer,≤100,4
117039841320523,Big Pink Youth Dialogue,These ads ran without a disclaimer,≤100,1
64982236830,Alumni Association of the University of Michigan,These ads ran without a disclaimer,≤100,1
274273626327932,Svetovni Slovenski Kongres,These ads ran without a disclaimer,≤100,1
121350964566751,DHL Motorsports,These ads ran without a disclaimer,≤100,1
609349762894374,Opencity,These ads ran without a disclaimer,≤100,1
1914522068608165,Autolidersv,These ads ran without a disclaimer,≤100,1
111881424653695,Swank Guide,These ads ran without a disclaimer,≤100,1
105981818870595,Myanmar Defense Force - Shwebo,These ads ran without a disclaimer,≤100,1
100960082205245,More Hackz - the 1000 page,These ads ran without a disclaimer,≤100,3
398610380712044,River Cleanup,These ads ran without a disclaimer,≤100,3
107672048688554,Aproudtee,These ads ran without a disclaimer,≤100,1
1877361012493253,China Mosaic,These ads ran without a disclaimer,≤100,1
2272627156357949,Newest Crowdfunding Inventions,These ads ran without a disclaimer,≤100,1
513075715554189,Área de inversión,These ads ran without a disclaimer,≤100,1
218798922334223,COFCO,These ads ran without a disclaimer,≤100,2
111716750661105,怦然星動,These ads ran without a disclaimer,≤100,1
106575977928053,Mrs Universal Empire International Entertainment Company,These ads ran without a disclaimer,≤100,1
1473321922884514,Chińskie Radio Międzynarodowe,These ads ran without a disclaimer,≤100,1
106716292413968,Mark Justice,These ads ran without a disclaimer,≤100,1