Page ID,Page name,Disclaimer,Amount spent (TWD),Number of ads in Library
148475335184300,Greenpeace 綠色和平 (台灣網站),Greenpeace 綠色和平 (台灣網站),1541848,72
238507146264909,國際特赦組織 台灣分會 Amnesty International Taiwan,國際特赦組織 台灣分會 Amnesty International Taiwan,1107339,515
693907914395620,良杯製所 Oolab,良杯製所 Oolab,609356,28
105556085524776,Twpca-台灣野良犬照護協會,Twpca-台灣野良犬照護協會,382587,15
286487218798,遠見雜誌,遠見雜誌,330883,75
206471793062673,Netflix,These ads ran without a disclaimer,172915,3
118578817881182,筱君 台灣 PLUS,These ads ran without a disclaimer,156549,3
106801464127093,目目非營利 MUVE NPO,目目非營利,147700,46
102176019266829,My Home Page,These ads ran without a disclaimer,135440,3
467933563234921,南門書局-網路圖書名店、也有實體店面，誠信可靠！,玉河 孫,125519,14
177161918975981,基督教芥菜種會,基督教芥菜種會,118376,100
103295187963880,J-ice,These ads ran without a disclaimer,113021,2
241284961029,udn.com 聯合新聞網,udn.com 聯合新聞網,112049,40
113021403762187,法律協會-債務協商 更生 清算 -全台服務,傢宇 吳,106547,2
136185963597716,Cheap,Cheap,101928,16
1649523455281990,遠山呼喚,遠山呼喚國際貧童教育組織,96088,3
211730475524462,大陸委員會,大陸委員會,95457,39
219315794887869,聯合報,聯合報股份有限公司,90798,178
217517810298674,地方政治觀察家,皮爾森數據,88021,669
277223962685223,Nespresso.TWN,Nespresso.TWN,79782,78
109462390640602,企業勞動法務管理顧問-勞動契約、勞資爭議、勞務健檢、教育訓練、法律事務、法律風險控管,芸廷 林,76907,130
201785650801,亞洲大學(Asia University Taiwan),亞洲大學,71173,16
401843085061,台電電力粉絲團,台電,70000,6
101896272489490,調查員皮爾森,皮爾森數據Pearson Data,61533,375
900490063303019,宋懷琳 南投琳好,宋懷琳 南投琳好,54199,13
1537741526464370,桃園市議長邱奕勝,奕勝 邱,51775,47
820612794778213,渣打銀行 Taiwan,渣打國際商業銀行,50000,3
124473380937123,勵馨基金會 The Garden of Hope Foundation,勵馨基金會 The Garden of Hope Foundation,49747,6
100931462920625,Nxhbnd,These ads ran without a disclaimer,49233,3
1212271885604995,社團法人愛的延續公益協會,社團法人愛的延續公益協會,48476,11
106201249110132,民事新聞熱點,These ads ran without a disclaimer,47511,1
327986657268286,高雄市議員李雅靜,廣諺 鄒,47354,17
1855418728011324,鏡週刊,鏡週刊,46629,22
370040056424487,徐耀昌加油讚,徐耀昌加油讚,44000,9
100714476220256,永續金融先行者聯盟,永續金融先行者聯盟,42615,120
158025223269,今周刊,今周刊,41350,36
132794020089924,BACK TO BRITISH Tramy 崔咪,These ads ran without a disclaimer,40443,8
105692292105892,黃士修,Shih-Hsiu Huang,39513,13
171759036215066,創世紀不動產教育訓練中心,Micky  Wu,39482,85
547129002067069,杜文中,文中 杜,39413,70
186593071836,商業周刊（商周.com）,商業周刊（商周.com）,39217,9
115430274859303,田長沛,田長沛,38359,23
108465872157182,亞細亞精準數據,亞細亞精準數據,38106,47
727855827262810,林家興 Alfred Lin,林家興 Alfred Lin,37858,15
1487218698275407,南門書局二店-網路特價書店-也有實體店面，價格親民，誠信可靠的老店。（師友文化）,玉河 孫,37799,5
248954465174600,TOYOTA Taiwan,TOYOTA Taiwan,35232,11
107729492624806,陳美雅,陳美雅,34497,6
569626243213799,生鮮時書,生鮮時書,34414,18
327941870899267,元智大學 i Life,元智大學 i Life,33816,10
113761234998842,温宗諭,博盛侯,33563,10
1847777185521418,放言 Fount Media,放言科技傳媒股份有限公司,31939,166
306276709452272,文化部,文化部,31862,22
104624290080479,張育美,翊斌黃,31828,28
465616346853075,RE-THINK 重新思考,RE-THINK 重新思考,31680,64
102046048924214,Alpha plus - 人才加速器,Alpha plus - 人才加速器,31542,18
235679595900,民視新聞,民視新聞,31366,26
189061482332,張嘉郡,嘉郡張,31024,15
101379699115840,異軍Game Show,These ads ran without a disclaimer,30836,17
152159855481046,工商時報展覽,These ads ran without a disclaimer,30732,5
246517878713911,劉家昌,勇勳沈,30401,3
322447507832934,文茜的世界周報 Sisy's World News,文耀胡,30000,2
231202420952272,新北市議員 廖先翔,先翔 廖,29963,5
102336336194603,筱君 台灣 PLUS,These ads ran without a disclaimer,29448,1
436843193180529,Unipapa,Unipapa,29225,96
104958309091106,曹興誠  八不居士,曹興誠  八不居士,28943,3
191690867518507,江啟臣,江啟臣,28134,7
383174975382808,鍾沛君,鍾沛君,27829,49
1404540186489048,Ru HaHa 嚕哈哈飾品‧小物,These ads ran without a disclaimer,27452,11
108696572024879,民視佮你講（Bîn-sī kah lí kóng）,民視新聞,27310,17
368397373312842,游顥,游顥,26957,6
390569611008641,願景工程基金會 Vision Project,願景工程基金會,26327,61
152479095435700,茶樹莊園 Tea Tree Garden,花仙子 Farcent,26165,5
110985434861942,啟思民本基金會,啟思民本基金會,26109,8
1283248558476115,新北市長榮當舖-汽機車借款,These ads ran without a disclaimer,25844,4
246324992373019,傅崐萁,Evonne Hu,25794,10
343251481955,靖娟兒童安全文教基金會-守護寶貝每一天,靖娟兒童安全文教基金會-守護寶貝每一天,25726,6
101355918337667,地天泰國際顧問有限公司,地天泰國際顧問有限公司,25289,6
101176989480437,九槍 And Miles to Go Before I Sleep,These ads ran without a disclaimer,25085,7
211271956064121,"外交部 Ministry of Foreign Affairs, ROC（Taiwan）",Pei Fang Hsieh,24454,5
122825514432837,黃健豪-北屯漸好,健豪 黃,24453,5
104690535860982,楊永明,永明楊,23808,12
200480966638039,Supremacy 1914,These ads ran without a disclaimer,20989,2
1610174722594689,鍾易仲  高雄市議員,鍾易仲,20979,54
215213505975,FUNDAY英語教育,FUNDAY英語教育,20858,16
107820535341629,憲哥厂產品台灣稱霸,These ads ran without a disclaimer,20639,2
335544036485779,經濟部,經濟部,20012,9
791870507594526,利樂創新界,利樂創新界,19653,20
103469901828540,挖貝 WaBay,挖貝 WaBay,19411,3
101492522537465,Pager,These ads ran without a disclaimer,19332,3
101176989480437,九槍 And Miles to Go Before I Sleep,九槍 And Miles to Go Before I Sleep,17784,13
814142741942881,陳若翠-微笑加油讚,郁琪廖,17682,54
547200098628531,游輝宂,游辉宂,17568,4
1587628301470657,林沛祥,沛祥林,17518,9
107967864993250,SOGA STOP！,財團法人隆中向上教育基金會,17179,2
1649151078446134,卓冠廷,冠廷卓,17116,46
329272691046745,黃紹庭,佳錚周,16980,4
217802801759737,郭昭巖粉絲團,郭昭巖粉絲團,16615,9
1621835121361449,陳超明-阿明哥粉絲團,超明 陳,16548,29
107201704405302,民視新聞健康咨詢網,These ads ran without a disclaimer,16267,2
241284961029,udn.com 聯合新聞網,These ads ran without a disclaimer,16241,6
113988264929657,yp,育璞林,16168,67
449156429152075,麻吉理財顧問公司,黃詩凭,15059,2
233140110222019,簡榮宗,艾普特媒體有限公司,14954,5
852685611414333,財團法人中華民國證券暨期貨市場發展基金會,財團法人中華民國證券暨期貨市場發展基金會,14866,2
105755991667201,女神在線 Venus Online,女神在線,14286,1
1547614165384988,QuickseeK快析輿情資料庫,QuickseeK快析輿情資料庫,13927,7
2142074882525226,張智倫,張智倫,13568,16
111684051637613,王三郎嚴選,These ads ran without a disclaimer,13526,1
1629474157289221,小牛頓,小牛頓科學教育有限公司,12943,16
664175463714845,50+：用新的方法，創造自己的理想老後,50＋好好：用新的方法，創造自己的理想老後,12928,7
743100072477291,台中市議員何文海,文海 何,12270,18
108724693956891,Niazi Estate Agency Baldia Town,These ads ran without a disclaimer,11945,4
111269958588197,Lilly Brandy,These ads ran without a disclaimer,11773,1
104193848228778,PointLife點生活,PointLife點生活,11688,1
188358792124,聯經出版,聯經出版,11435,16
102201011632161,Daniyalvw,These ads ran without a disclaimer,11358,2
2505711192835704,安心貸-貸款理財專家,黃詩凭,11200,1
127628276929,天下雜誌,天下雜誌,11113,8
596023980420209,來趣新北金發局,These ads ran without a disclaimer,11064,8
291116504367985,張秀華粉絲團,張秀華粉絲團,10466,8
375176372888863,桃園電子報,桃園電子報,10425,6
113115841660729,廖偉翔,偉翔廖,10301,6
101576862144790,工程師看政治,玄超 黃,10272,28
108862858386760,Akamai Taiwan,Akamai Taiwan,10078,2
481065478629613,The News Lens 關鍵評論網,The News Lens 關鍵評論網,10044,11
186593071836,商業周刊（商周.com）,These ads ran without a disclaimer,9962,6
1601614166748301,未來Family,These ads ran without a disclaimer,9772,6
218662974825481,王惠美,王惠美,9668,3
148513668543221,地球公民基金會,地球公民基金會,9641,42
735700159915135,健保署,These ads ran without a disclaimer,9588,1
102411719983,舒翠玲,翠玲 舒,9399,5
195094157238158,好立委 楊瓊瓔,宛儀林,9093,14
100269158455411,Wh偉鴻金融貸款中心,傢宇 吳,9077,1
103141681121150,城市學,遠見雜誌,9044,1
354149841356884,哈本咖啡 Happen Coffee,林奕丞,9037,12
226660410787355,民視體育新聞,民視新聞,9029,10
239512030682497,第一手星聞,民視新聞,9025,6
679518422104905,民視全球新聞,民視新聞,9024,4
1833187540297220,牛煦庭,Hsu-Ting Niu,9000,4
106321755481868,BariMetts,These ads ran without a disclaimer,8988,3
101297638763256,識媒體,識媒體,8942,23
101718182459153,天秤座戰士,Companionship Digital,8786,9
101661096011599,邱醫生減重頻道,These ads ran without a disclaimer,8733,3
101662265434180,消防安全有法可管,消防安全有法可管,8725,29
317996258579415,黃家齊,黃家齊,8545,11
157825744293951,The Garden of Hope Foundation- International Affairs 勵馨基金會國際事務,The Garden of Hope Foundation- International Affairs 勵馨基金會國際事務,8312,6
100900089572253,賤民賤解,賤民賤解,8129,5
1216928481738995,仁舟淨塑/仁舟社會企業,These ads ran without a disclaimer,8107,2
104805437969925,JERA 台灣捷熱能源,"JERA Energy Taiwan Co., Ltd.",7999,7
2290806454495023,Mangodan芒菓丹,澤嵐 林,7931,1
101628915902932,Tomas Cool,These ads ran without a disclaimer,7555,1
121692144530435,Discovery頻道,Discovery頻道,7445,2
796994720374176,鳴人堂,鳴人堂,7335,5
190684970959969,宜蘭綠色博覽會,堃廉崔,7232,34
164872546882726,羅智強,羅智強,7100,3
938117856232411,康寧大學,惠玲高,6971,1
111334712256714,勇媽阿惠 - 黃敏惠,勇媽阿惠 - 黃敏惠,6746,6
353801478448258,Ørsted 沃旭能源,These ads ran without a disclaimer,6670,3
779960838880307,蔡蕥鍹,蕥鍹 蔡,6594,5
107431888793670,王三郎嚴選,These ads ran without a disclaimer,6561,1
276861822357066,高金素梅(吉娃斯．阿麗),智葟 陳,6556,16
126361734041343,鳳凰國際公關顧問有限公司,志傑 邵,6552,5
109753231772485,日安玩美全新上市,These ads ran without a disclaimer,6447,1
112571907179969,玩霸教育,思揚 蘇,6388,3
106884252092730,恆好玩｜永續行動平台,恆好玩｜永續行動平台,6246,12
439632663513867,Mapless Vision 新趨勢影視產業報,Mapless Vision 新趨勢影視產業報,6208,5
100216765069813,唐平榮 執行長的人生甘味廚房,唐平榮 執行長的人生甘味廚房,6193,12
106334157952557,Trend Video,These ads ran without a disclaimer,6112,1
126535244622269,台北市議員 李柏毅,李柏毅,6072,7
1921016244677218,國際橋牌社 Island Nation,國際橋牌社 Island Nation,6015,3
106118168971467,債務人權益協會 扣薪 協商 更生 清算,傢宇 吳,6012,1
105763467865696,台灣資訊環境研究中心 IORG,台灣資訊環境研究中心 IORG,6000,4
127651067296805,ASML,These ads ran without a disclaimer,6000,1
423089255202941,菲菲服飾網,These ads ran without a disclaimer,5965,1
306276709452272,文化部,These ads ran without a disclaimer,5941,17
224048024739982,段樹文,段樹文,5847,11
689236134463889,勞動in台中,郁琪 傅,5821,4
2199675410320212,台灣制憲基金會 TNC,台灣制憲基金會 TNC,5752,3
104640252092334,許瑞宏  宏觀思維,許瑞宏,5738,3
712655452438488,水玥創研,These ads ran without a disclaimer,5671,1
1212271885604995,社團法人愛的延續公益協會,庭 溢 張,5650,4
170417986326226,微笑台灣319鄉+,微笑台灣319鄉+,5632,6
794188814045662,新業建設 Hsinyeh,新業建設股份有限公司,5544,2
100666632225707,Zuse,These ads ran without a disclaimer,5532,3
175549807657,台達基金會,台達基金會,5484,5
1503745219913314,"孫大千Sun, Ta-Chien","孫大千Sun, Ta-Chien",5446,7
154631861234059,吳秉叡,吳秉叡,5400,10
650500068416528,無國界醫生 / Médecins Sans Frontières (MSF),無國界醫生 / Médecins Sans Frontières (MSF),5392,7
435781560090230,EVOX,These ads ran without a disclaimer,5379,2
105077122161819,王文淵,These ads ran without a disclaimer,5323,14
129452013855801,RITE,RITE,5250,1
1043591575667511,後龍鎮公所,宗毅 吳,5151,3
850754301947812,鏡新聞,鏡新聞,5077,4
1680942122167263,Schneider Electric,品瑄 黃,5076,6
103919981024103,陳以信,Yuehmei Li,5036,21
652438848137404,連勝文,連勝文,5000,3
865203020330605,北回歸線和牛專賣（神戶牛海外指定登錄店）,These ads ran without a disclaimer,5000,2
1458370811147161,山中茶事,These ads ran without a disclaimer,5000,1
101643786051216,楊昌德 新竹縣議員,Maggie Chen,5000,1
347432368933987,LINE TODAY Taiwan,LINE TODAY Taiwan,5000,2
1659728604312270,台泥企業團,台泥,4968,4
107478432346054,郭台銘+1,Kaiwun Lin,4952,12
104013138750678,翁震州,震州 翁,4943,17
120869137965597,SEMI 國際半導體產業協會,SEMI 國際半導體產業協會,4902,10
105742975534267,吳明宜,吳明宜,4781,15
124616330906800,東森新聞,These ads ran without a disclaimer,4748,2
167913323845559,FNG世代設計｜為了下一代而設計,FNG世代設計｜為了下一代而設計,4709,10
1549881451947136,林筱淇,筱淇 林,4694,2
110699089014688,三立新聞,三立新聞,4655,3
872742159541735,財團法人台灣中小企業聯合輔導基金會,These ads ran without a disclaimer,4592,3
107717481526939,文茜的世界周報 World News,These ads ran without a disclaimer,4520,20
195890640463420,台灣永續能源研究基金會 Taiwan Institute for Sustainable Energy (TAISE),Che Hui Chu,4500,1
640060652802210,朝陽科技大學招生服務中心,Arex Lee,4500,2
112272141484784,游智彬：桃園阿彬哥,游智彬：桃園阿彬哥,4499,6
117437684611270,桃園有議事・民進黨議會黨團,民主進步黨桃園市議會黨團,4443,7
111209387895136,Fhsiws,These ads ran without a disclaimer,4428,1
1398002093793689,BNI 高屏區,BNI 高屏區,4400,3
1535242033367738,台灣知識種子計畫,台灣知識種子計畫,4399,4
1234106229938484,台灣健康空氣行動聯盟,慧琳趙,4351,8
106265361106594,海鼎離岸風電計畫 Formosa III,毛潔瑜,4320,2
452335334841822,愛康 ICON,These ads ran without a disclaimer,4259,5
103502559051736,穩定存股術,These ads ran without a disclaimer,4163,4
107162861090654,法律協會-前置協商  更生 清算  免費諮詢,Yaya Lin,4112,3
1036267299771902,Meta,These ads ran without a disclaimer,4093,1
117249274645993,必勝！最強補習班,These ads ran without a disclaimer,4065,2
1693856497304590,竹山鎮長陳東睦,吳信男,4000,1
161364814238853,葉孟龍,孟龍 葉,4000,2
180516279238465,桃園市立美術館 Taoyuan Museum of Fine Arts,桃園市立美術館 Taoyuan Museum of Fine Arts,3923,4
200795295882,謝金河 投資理財,耀賢黃,3873,3
119282744754924,台灣人權促進會 Taiwan Association for Human Rights,台灣人權促進會 Taiwan Association for Human Rights,3862,11
155906881874882,涂權吉市議員,權吉涂,3856,1
120426681494097,Cresa,These ads ran without a disclaimer,3843,1
352437819460,7-ELEVEN把愛找回來,These ads ran without a disclaimer,3810,2
101629185999930,永安理財專員-花花,永安理財專員-花花,3703,1
348320745336110,臺灣吧 - Taiwan Bar,These ads ran without a disclaimer,3676,1
285691048228640,新北市議員 劉哲彰,怡文 王,3674,3
110108978464780,文茜的世界周報 Sisy's World News,These ads ran without a disclaimer,3659,10
441685342920785,張廖乃綸,張廖乃綸,3659,12
282131515802876,新北民政保平安,采威國際資訊股份有限公司,3601,14
110125264121324,自由路上藝術節,林冠億,3600,5
165533803086,魏嘉賢,魏嘉賢,3591,5
118880518158214,育成社會福利基金會,These ads ran without a disclaimer,3578,1
100872548855960,曾銘宗,These ads ran without a disclaimer,3567,16
101793222704679,Jeni Ken,These ads ran without a disclaimer,3530,1
112272141484784,游智彬：桃園阿彬哥,Sha Tin Huang,3499,5
138654461200,康健雜誌,康健雜誌,3481,3
164872546882726,羅智強,鴻慶 練,3470,3
602353113208382,台灣法學基金會,財團法人台灣法學基金會,3443,2
1206024742797005,UBI Taiwan 台灣無條件基本收入協會,聖惟王,3441,7
1408144392828928,爆米花。小砡兒,These ads ran without a disclaimer,3379,1
1466476516978500,花現彰化-彰化縣政府新聞處,佳欣 蔡,3300,4
490158560999121,MR. LIVING 居家先生,These ads ran without a disclaimer,3290,4
109803990352026,南島魯瑪社 LUMA Association,貝殼放大,3266,4
109242475123102,Vip Video VIP page,These ads ran without a disclaimer,3260,1
267210596804238,啟德機械起重工程-股公司,鈺梅蔡,3243,2
739049559498402,元氣網,udn.com,3229,7
103500095404156,Võ Cát,These ads ran without a disclaimer,3167,2
109181965386223,花蓮囝仔 李振瑋,馮茂智,3141,2
1448047902111768,顏寬恒,顏寬恒,3084,3
100293479403636,吳宗憲線上東森直購（正品）,These ads ran without a disclaimer,3004,4
291249604828727,比特王,郁琪廖,3000,9
115469883546400,風睿能源 Synera Renewable Energy,風睿能源,3000,3
599314863445468,WUFI-Taiwan（台灣獨立建國聯盟）,台灣獨立建國聯盟,3000,1
805578896186426,邱鎮軍,邱鎮軍,3000,1
748193915263885,羅廷瑋,大銘阮,2982,18
103813459295711,平行政府,平行政府,2949,1
883534741671087,橙新聞 Orange News,These ads ran without a disclaimer,2859,13
101004738834938,China Development Financial 中華開發金控,These ads ran without a disclaimer,2838,4
151776788178402,TechOrange 科技報橘,流線傳媒股份有限公司,2833,6
112466153598194,內門洪師傅,These ads ran without a disclaimer,2831,1
104303444906468,Haier海爾全球廚衛家電專家,Haier海爾全球廚衛家電專家,2818,1
125534862174582,法律萬狀通-書狀生成,法律萬狀通-書狀生成,2795,4
776257359221734,藍敏煌Blue,藍敏煌,2731,7
1494980514073617,故事 StoryStudio,故事：寫給所有人的歷史,2711,2
245416656372183,Avatar,These ads ran without a disclaimer,2706,1
230776738922933,顏蔚慈,琇雯顏,2695,7
829253007099726,張肇良會做事,肇良 張,2677,4
122912938347467,歐陽霆,霆 歐陽,2667,3
101676409324074,璽來登日朗,These ads ran without a disclaimer,2658,2
810120492410745,全國教育產業總工會,全國教育產業總工會,2656,6
100971679482122,2222-《未來選擇地》,2222,2642,5
1666902633528033,桃園市政府青年事務局,桃園市政府青年事務局,2625,8
221323424616286,吳祥輝 Brian Wu,吳祥輝,2619,33
241744040079991,春山出版,甘彩蓉,2586,6
469433823136537,CSRone永續觀點,CSRone永續觀點,2569,2
791039751042770,好民文化行動,好民文化行動,2558,7
628977937601680,Ｗetalk高雄,郁琪廖,2499,9
1636733309982216,黃明賢 屏東縣議員,沛旭 傅,2476,3
650500068416528,無國界醫生 / Médecins Sans Frontières (MSF),These ads ran without a disclaimer,2474,7
131795423172,徐欣瑩,依紋李,2447,8
1837929996451526,厚研吾尺,Yu Kai Hung,2445,3
107061308725353,京華廣場頂級商辦園區,These ads ran without a disclaimer,2433,19
975011942576859,MIRAE 未來美,These ads ran without a disclaimer,2411,3
784013591704650,彰化市公所,彰化市公所,2400,1
189841711101767,土庫 侯王府,These ads ran without a disclaimer,2388,1
101605421659110,許采蓁,許采蓁,2385,3
108803285304242,秀策法律事務所,士閎沈,2384,5
102475659251313,蘇婉真,蘇婉真,2374,5
376687563131189,謝衣鳯,衣鳯謝,2373,7
468821970567384,桃園市議員吳進昌,進昌 吳,2368,5
111695394938904,桃園市議員 陳韋曄,韋曄陳,2358,8
109946254161907,Tommy 獨立理財顧問,詠程 許,2341,1
102943834507641,立法委員 陳椒華,時代力量立委陳椒華,2272,2
104478515128771,自忠學堂,Kaiwun Lin,2241,16
231202420952272,新北市議員 廖先翔,新北市議員 廖先翔,2202,1
1734754080151654,曹桓榮．高雄繁榮,郁琪廖,2193,9
1645501069043806,科科性別,國立高雄師範大學,2154,5
162701220453187,新北市議員 陳永福,陳韋任,2110,4
1331398043619914,新北勞動雲,These ads ran without a disclaimer,2100,2
673035569401167,育田基金會 Mercyland,財團法人育田社會福利慈善基金會,2076,4
116806840188577,中華民國不動產經營管理協會,中華民國不動產經營管理協會,2076,8
118578984548008,國明中醫理療館,These ads ran without a disclaimer,2044,3
362947561186301,何禮臺-新城鄉公所,紳旭 李,2011,2
184899118190398,女人迷 womany,女人迷 womany,2009,2
639278369550939,余政憲,余政憲,2008,2
593374924100942,經濟民主連合,社團法人經濟民主連合,2003,2
1743825042576235,楊文科,楊文科,2002,2
158723167479444,再生能源資訊網,再生能源資訊網,2000,1
997683843637673,蔡培慧 慧做事真實在,蔡培慧 慧做事真實在,2000,1
115469883546400,風睿能源 Synera Renewable Energy,These ads ran without a disclaimer,2000,2
103658758740546,台灣民眾黨桃園市黨部,台灣民眾黨桃園市黨部,2000,1
101440729109825,吳旭豐,吳旭豐,2000,1
102286101328988,立法委員 林思銘,Shu-Hsuan Huang,1978,3
107079701135729,樂洋地產 x 樂于創藝 Leyang & You,緻霖高,1977,2
110751084984549,Phyllicia,These ads ran without a disclaimer,1968,2
467933563234921,南門書局-網路圖書名店、也有實體店面，誠信可靠！,These ads ran without a disclaimer,1919,1
104792919199978,早安總裁,These ads ran without a disclaimer,1907,2
132666307449531,溏風報傳媒,fongnews.net,1894,3
102794058683578,倡議家,These ads ran without a disclaimer,1894,9
270583859793300,臺中國家歌劇院 National Taichung Theater,These ads ran without a disclaimer,1885,1
105841078939720,王三郎嚴選,These ads ran without a disclaimer,1877,1
110101061963311,民視 Formosa TV New,These ads ran without a disclaimer,1845,1
159425621565,Inside 硬塞的網路趨勢觀察,The News Lens 關鍵評論網,1845,2
114922313713078,科達建築,科達建築,1845,1
121504021252255,台灣金融研訓院,台灣金融研訓院,1829,4
218229778615150,朱珍瑤,珍瑤朱,1799,7
118859501536389,iDeals Virtual Data Rooms,These ads ran without a disclaimer,1798,2
227597833442,鄭南榕基金會．紀念館,鄭南榕基金會．紀念館,1787,2
105884948803720,Zeffie Cauthen,These ads ran without a disclaimer,1784,1
114159468223784,張建焜-行動發光 照亮青商,林杰,1784,5
188014637904753,行政院環境保護署,行政院環境保護署,1779,6
105957556179860,遠雄人壽Hold生活,遠雄人壽Hold生活,1771,6
290769701616159,2020國際海報徵選,2020國際海報徵選,1751,1
719804228417042,未來生活實驗室 Lifeaholic,These ads ran without a disclaimer,1737,5
103993244913942,Milly & Sissy 台灣,Stephanie Hsu,1734,4
304982903476818,譜曲辰,These ads ran without a disclaimer,1727,2
139995871775,中國文化大學推廣教育部,These ads ran without a disclaimer,1718,2
598218730636680,彰化邱建富,邱建富,1700,5
104734137684558,洪申翰 Sun-Han,洪申翰 Sun-Han,1700,2
106962868779240,Gina Sonia 209,These ads ran without a disclaimer,1691,1
103916742589806,你聽我說哦,你聽我說哦,1650,1
211551409043883,Innergie,Innergie,1635,2
205109859504215,兩喜號 Liang Xi Hao,Liang Xi Hao,1628,1
111048064504149,珊騰天下 姜百珊律師,易宏謝,1618,4
101812532622958,日本Jmaaメディカル居家保健芳療協會,日本Jmaaメディカル居家保健芳療協會,1606,5
1539555259465968,陳賢蔚,賢蔚 陳,1597,3
103032645529885,菱傳媒,菱傳媒,1594,3
307448579410362,感染誌 Hivstory,感染誌 Hivstory,1593,2
114066468281861,It's Time to Chip in,These ads ran without a disclaimer,1582,3
112570843421623,社團法人台灣你不是一個人實踐協會,柏岑 葉,1579,4
111137218408266,Gonzalez Arnetha,These ads ran without a disclaimer,1515,5
103885472386681,台優精選,These ads ran without a disclaimer,1507,1
427581894682565,福林里里長-林柏翰,Krystal Wang,1502,1
1518661028370616,陳麗珍,陳麗珍,1500,1
1385225591717634,何權峰 高雄市議員,何權峰 高雄市議員,1500,2
220796314615357,楊曜Yangyao,俊廷 陳,1500,1
496684637111616,陳偉杰 Chen Wei-chieh,偉傑 陳,1500,1
132727540081371,立法委員賴惠員,立法委員賴惠員,1499,1
127254684043276,東森財經,These ads ran without a disclaimer,1476,2
1837393259853915,正直敢言-林祈烽,柏德 林,1460,2
429783684500510,微儲能/不斷電系統-Ai智慧電管家/高宇能源,These ads ran without a disclaimer,1453,1
101990615224455,朱正軒 Tsu Tsìng-hian,瑋婷劉,1448,3
546919432374583,台灣三井不動產－投資顧問部,緻霖高,1447,3
201107280815936,潔淨學-不咬手潔淨體貼,永勝 許,1445,3
100334982784555,Mutta沐塔,These ads ran without a disclaimer,1441,8
112364983768638,司法院,司法院,1418,1
100919304770294,開根好 SquareGood,妍孜 陳,1416,8
103640919705348,綠色公民行動聯盟Green Citizens' Action Alliance,綠色公民行動聯盟Green Citizens' Action Alliance,1415,2
116862351348060,臺股達人,These ads ran without a disclaimer,1406,1
1452376615040708,遠雄集團,遠雄集團,1400,2
1270267469761308,天平共筆,Cheng-Chieh Chen,1400,2
241403045973,IC 之音 FM97.5,IC 之音 FM97.5,1380,2
138613799555199,台北金融研究發展基金會,These ads ran without a disclaimer,1372,3
278578939305883,亞太肝臟研究學會,These ads ran without a disclaimer,1370,2
224716348398040,SMAT台灣智慧移動產業協會,台灣智慧移動產業協會,1347,5
1025786357451330,"范雲  FAN, Yun","范雲  FAN, Yun",1334,4
128818803902,兩岸犇報,兩岸犇報,1330,9
131410820262008,宏其婦幼醫院,宏其婦幼醫院,1309,1
805578896186426,邱鎮軍,聽儷科技股份有限公司,1304,4
156810494451962,尚鼎之茶,These ads ran without a disclaimer,1274,3
149528525248173,富邦人壽是怎young,These ads ran without a disclaimer,1261,1
103921062032627,苗栗縣非都市土地再生能源發電案場巡監綠電巡守隊,振宏林,1257,2
398746854048810,Right Plus 多多益善,These ads ran without a disclaimer,1253,2
292249757967340,陳善慧【善於服務 • 慧做代誌】,高雄市議員陳善慧服務處,1251,8
397602236982040,三立iNEWS,三立新聞,1250,2
110647840532680,Merge Mayor,These ads ran without a disclaimer,1222,1
556809414798107,綠獎 Eco Echo Award,These ads ran without a disclaimer,1216,2
134086613358799,立法委員孔文吉,Wenchi Kung,1200,4
105918421702452,王沈剛竹 比紹,王沈剛竹,1199,1
109294944190642,pama_yvonne,These ads ran without a disclaimer,1196,1
167913323845559,FNG世代設計｜為了下一代而設計,These ads ran without a disclaimer,1194,4
144181272662168,台南新芽,台南新芽,1184,8
158422268047235,龍潭里里長 古智仁,智仁 古,1167,3
108453130785438,SMA Solar Technology艾思瑪太陽能技術,These ads ran without a disclaimer,1154,2
773445392783613,嘉義多一點,嘉義多一點,1122,1
397434441163,左岸文化,左岸文化,1118,2
112233633467139,HowJobs,These ads ran without a disclaimer,1102,1
1466476516978500,花現彰化-彰化縣政府新聞處,These ads ran without a disclaimer,1080,1
116275114771430,阿湯哥筆記,These ads ran without a disclaimer,1072,1
109358201564879,反廢死Q&A,天恩鄭,1068,2
172369459534,工業技術研究院,These ads ran without a disclaimer,1065,1
110858134884421,楊仲傑 潭陽里里長,仲傑楊,1033,5
647774598986133,深聽嘉義-黃思婷議員,林政翰,1009,2
1379388662325800,胡仁順-花蓮縣議員,仁順 胡,1006,2
1141695282670470,張博洋,張博洋,1000,1
1648387955210132,招名威教授 毒理威廉,These ads ran without a disclaimer,1000,1
103027032310003,嘉義市議員-郭定緯,淳芳林,1000,1
294625894324536,詠少年 市民代表 張詠勝,詠少年 市民代表 張詠勝,1000,2
137143073105957,愛秀團隊－林碧秀,碧秀 林,1000,3
727855827262810,林家興 Alfred Lin,Alfred Warjas Lin,1000,1
152792671915134,涂力旋-用力旋轉未來,力旋涂,1000,1
106342675104946,Tougher堅韌者,These ads ran without a disclaimer,1000,1
102005748920346,王宣貿,王宣貿,1000,1
102429412411676,桃園市新住民培力中心,桃園市新住民培力中心,1000,2
2430390413849261,奕綸有限公司,京昀,1000,1
100806002691584,陳識明,郁琪廖,1000,3
113312950405891,Q嘉義,Q嘉義,1000,1
826534787556756,遠智國際開發/遠智人力銀行,These ads ran without a disclaimer,994,1
101383501930218,永康黃肇輝,黃肇輝,993,2
116906978005986,讓中正，更傑出,讓中正，更傑出,988,2
101167718281657,徐勝凌,勝凌徐,979,2
689837094426996,邱靖雅-乘風破浪的姐姐,靖雅 邱,970,3
112830608131440,許睿慈．許願池,許睿慈．許願池,963,3
419217714880192,TVBS娛樂頭條,These ads ran without a disclaimer,959,1
188311137478,中時新聞網,時報資訊,952,1
106713665378826,A+ Infinity - A佳的無限可能,These ads ran without a disclaimer,949,1
120763392659625,屏東土青-趙文俊,趙文俊,949,1
530009350425070,台灣職業安全健康連線,台灣職業安全健康連線,942,1
1409006279407668,美麗而剽悍 婦產科女醫 新竹竹北 張瑜芹醫師,荏傑 楊,938,5
109269030824677,傑尼斯時尚醫美整形外科診所,These ads ran without a disclaimer,933,1
725501890978632,游淑慧 台北市議員,游淑慧,931,2
101444182888371,陳經理 小額互助,These ads ran without a disclaimer,923,1
113389661672258,Stevan,These ads ran without a disclaimer,923,1
606321216096498,李彥秀,李彥秀,918,2
456170574528072,蘇巧慧,蘇巧慧,914,1
2155864991308675,勞動黨 羅美文- 為了勞工一直在這裡,Juhsing Tsang,900,3
105931358099314,遠雄文教公益基金會,遠雄文教公益基金會,900,4
103543475432082,森原樹𝟐,These ads ran without a disclaimer,899,1
111829661616679,減肥營養師,These ads ran without a disclaimer,892,3
1654711658120785,鳩澤郎 日式串燒 料亭 酒場,These ads ran without a disclaimer,862,1
100643885569863,方凱數學．趣味數學,These ads ran without a disclaimer,861,2
290313224668268,CMoney-人生投資學,These ads ran without a disclaimer,851,8
102877246139738,邱正宏醫師瘦身所,These ads ran without a disclaimer,818,1
972132016144408,施佩妤《十年有妤．感恩有您》,施佩妤《十年有妤．感恩有您》,809,1
101278561893503,永續實現的∞種可能,永續實現的∞種可能,806,2
100195379426027,愛德華先進科技 Edwards Technologies Limited,愛德華先進科技 Edwards Technologies Limited,803,4
102306465658443,Enel X,Enel X,800,1
100240349630152,Zalou Shop,These ads ran without a disclaimer,800,3
1890263611238474,陳冠廷 Kuan-Ting Chen,陳冠廷,800,1
848545415232839,新北i環保,These ads ran without a disclaimer,796,2
113791200340934,經典公益郵舍-跟著韓老師玩轉收藏世界,孟達 韓,765,5
716524278411257,新北市議員蘇泓欽,泓欽 蘇,760,3
398749417302855,富興米店,These ads ran without a disclaimer,757,1
100506478473780,公視主題之夜 SHOW,公視主題之夜SHOW,750,4
101845848873882,思雅閣,These ads ran without a disclaimer,747,5
231000693613150,蘇育德,育德蘇,737,1
547129002067069,杜文中,杜文中,723,1
202491066592433,思渤科技 Cybernet Systems Taiwan,These ads ran without a disclaimer,718,2
521176024619313,花輪哥,傑齊 黃,717,6
382451845696704,新竹市議會,新竹市議會,712,1
268878329957449,陳光軒・dpp苗栗縣議員,光軒 陳,711,4
368820985964,台灣伴侶權益推動聯盟,台灣伴侶權益推動聯盟,700,1
333156536798977,Kaohsiung Pride - 高雄同志大遊行 - KHPride,嘉佑洪,700,1
180707512817729,居興建設,居興建設,700,1
888230767933636,林德福,德福 林,700,1
107478432346054,郭台銘+1,These ads ran without a disclaimer,694,1
101719689280816,conis_77,These ads ran without a disclaimer,687,1
1506827479630328,สำนักงาน ป.ป.ช.,These ads ran without a disclaimer,677,3
102607378194004,民視健康新聞（News）,These ads ran without a disclaimer,671,1
103377904599065,E.政策網：約博打權,昇德翁,669,4
378478695837780,李艷秋的新聞夜總會,吳昇原,660,2
1445359202420615,永豐基金 投資大幸福,These ads ran without a disclaimer,658,3
292184411685207,八尺門的辯護人,These ads ran without a disclaimer,658,1
128517288767879,議題行銷小聚,哲儒 趙,652,1
107561193936634,南投小鋼炮曾琮愷,歷軒郭,649,3
1424904337764519,徐其萬,徐其萬,647,3
634616890502695,民事新聞,These ads ran without a disclaimer,646,2
109826408672038,鎧鋮車體美容,These ads ran without a disclaimer,644,1
101927831418406,地方志iplace,These ads ran without a disclaimer,621,1
118830846380235,圖說Snapshot,These ads ran without a disclaimer,619,1
1989531011360714,陳信社會家教班,These ads ran without a disclaimer,615,3
105961094120160,老師雞 何景榮,景榮 何,609,1
1616573088452207,新北市職能治療師公會,徐敏棊,600,1
107982601574746,書評書目Taiwan Review of Books,書評書目Taiwan Review of Books,600,2
101555135746236,講客進鄉團,堃廉崔,600,3
1693856497304590,竹山鎮長陳東睦,嘉珍許,600,1
103803121479657,股科醫生,These ads ran without a disclaimer,596,1
550334811745826,活靈活現,These ads ran without a disclaimer,587,1
120869137965597,SEMI 國際半導體產業協會,These ads ran without a disclaimer,581,2
228519200496056,台灣人壽讚,These ads ran without a disclaimer,580,1
164483516927300,張景嵐,張景嵐,570,1
259430250825193,BSI Taiwan,BSI Taiwan,567,3
145769195435963,Art2Wear愛維雅,These ads ran without a disclaimer,563,1
1536346596629243,蒲公英 讓美好循環發生,These ads ran without a disclaimer,559,1
105035232199398,唐楷瀚 大直大小事,唐楷瀚,552,1
107528255494265,永慶小李家樂福利社,These ads ran without a disclaimer,549,1
208371683037269,NBCU Catalyst,These ads ran without a disclaimer,542,14
907937632563716,鵬耀法律事務所,These ads ran without a disclaimer,538,1
108625789179165,Soi Dog Foundation,These ads ran without a disclaimer,533,5
175563585798598,"法國巴黎人壽 Cardif Assurance Vie, Taiwan branch",These ads ran without a disclaimer,531,4
107950191957083,后羿開發能源建設,These ads ran without a disclaimer,524,1
103219662752527,中醫世家-Z,These ads ran without a disclaimer,523,1
105957556179860,遠雄人壽Hold生活,These ads ran without a disclaimer,522,3
106158021385348,汪叡聖-實在‧最好,叡聖 汪,521,2
314086601982336,Panasonic Taiwan,These ads ran without a disclaimer,517,1
2046821002249593,林碩彥,林碩彥,517,2
108096904126871,數位女力聯盟WIDI,社團法人台灣數位女力聯盟,509,1
327295254323344,基隆市議員-何淑萍,基隆市議員-何淑萍,507,1
739049559498402,元氣網,These ads ran without a disclaimer,503,2
2007669522817003,達摩跆拳道館-楠梓右昌館,于雋 陳,500,1
106466901177714,太武新村眷村文創園區,太武新村眷村文創園區,500,1
175547086475118,小港宏武跆拳道館,于雋 陳,500,1
503640126734757,朱毅 新竹市文雅里里長,朱毅,500,1
260897217325373,環保in彰化,These ads ran without a disclaimer,500,1
1501887220103594,台灣女人連線．台灣女人健康網,台灣女人連線,500,1
1548426412126380,施志昌,志昌施,500,1
100869442327528,李文傑 傑力為您,李文傑,500,1
109951060795057,森林城市協會,傑任莊,500,1
287766215130059,桃園誌,桃園誌,500,1
101865562389645,草根力量-邱瑞文,瑞文邱,500,1
313644945707129,未來由我 蔡育紘,未來由我 蔡育紘,499,1
165784370277,新北市婦女會,These ads ran without a disclaimer,499,1
107696905644766,金門通訊社,縱橫加策略公司,498,1
311065012570518,海帕斯空氣瓶子,These ads ran without a disclaimer,491,1
179833692749720,Taiwan in Türkiye 駐土耳其代表處,These ads ran without a disclaimer,487,1
104805437969925,JERA 台灣捷熱能源,These ads ran without a disclaimer,481,1
102180648509842,林獻元,献元 林,478,1
117406534663984,台灣老中醫-壯陽,These ads ran without a disclaimer,476,1
116119324793216,政大法律與社會研究中心 NCCU Center for Law and Society,These ads ran without a disclaimer,472,1
352894958383672,三時生活實驗室 San Shi Living Lab,These ads ran without a disclaimer,467,1
109962652937074,森林城市-高雄愛樹人,傑任莊,465,1
110683585295740,Vephos,These ads ran without a disclaimer,457,1
233140110222019,簡榮宗,These ads ran without a disclaimer,456,1
367167580117740,貝殼放大 Backer-Founder,貝殼放大 Backer-Founder,448,1
148698783642980,台灣瑞曼迪斯股份有限公司,These ads ran without a disclaimer,447,1
105490091427483,新北市青年公共事務協會,蕭任佑,446,4
262531920494874,財團法人金融消費評議中心,財團法人金融消費評議中心,442,1
248954465174600,TOYOTA Taiwan,These ads ran without a disclaimer,440,3
106858372152871,林聰池,林聰池,432,1
113604631699416,王三郎嚴選,These ads ran without a disclaimer,431,1
891199440972878,魏嘉彥,魏嘉彥,431,2
100470732556886,王孝裕_裕見新彰化,王孝裕,420,1
125595624162031,憲哥身材管理c3,These ads ran without a disclaimer,419,1
108741360841701,露戰隊露營用品-（台中店）,These ads ran without a disclaimer,416,1
139659093185084,林杏兒 台北市議員,杏兒 林,413,1
773445392783613,嘉義多一點,These ads ran without a disclaimer,409,1
113011195049743,e.ntuition,These ads ran without a disclaimer,405,1
102252525898596,Lương Y Phạm Văn Thanh,These ads ran without a disclaimer,404,2
263362454263213,CodingBar,These ads ran without a disclaimer,402,2
174379681366786,伊恩書店,These ads ran without a disclaimer,400,2
412383505540006,Tatler Taiwan,These ads ran without a disclaimer,400,1
436202956432960,Technews 科技新報,Technews 科技新報,397,1
101843072106141,Felt Mountain FM選物,These ads ran without a disclaimer,396,1
720492554670764,李國璋 新竹市東區市議員,李國璋 新竹市東區市議員,393,2
1588286501409955,邱志偉,These ads ran without a disclaimer,393,1
116747994635688,Come To Vegas_0111_03,These ads ran without a disclaimer,388,2
460410744059213,TotalEnergies,These ads ran without a disclaimer,373,3
337328906854581,陳銘風攬ㄟ冰友,陳銘風攬ㄟ冰友,370,1
292652795877175,程美蓮 Sayun Taji,柏元李,370,6
266471180393328,Elis + Lin,These ads ran without a disclaimer,369,1
201898837323360,Lego-StoryTeller,These ads ran without a disclaimer,363,1
158025223269,今周刊,These ads ran without a disclaimer,363,4
334599174080281,藍凱元,These ads ran without a disclaimer,361,1
103716269217680,frankilosopher,These ads ran without a disclaimer,344,1
237483602952352,黃適卓,適卓 黃,344,2
852370551453606,GARP,These ads ran without a disclaimer,338,1
936222239722615,基隆好議員 鄭文婷律師,文婷鄭,332,1
127628276929,天下雜誌,These ads ran without a disclaimer,318,2
116937701380464,C.C.L 柔柔轉運站,These ads ran without a disclaimer,315,1
495644720624955,台灣脈思股份有限公司,These ads ran without a disclaimer,312,3
109248241645378,擎天峰和,These ads ran without a disclaimer,311,11
1115868658503970,豬寶盒Pearl Boxes 時尚流行 連線代購,These ads ran without a disclaimer,310,1
786872534748845,社團法人台灣失能者家庭暨看護雇主國際協會（雇主協會）,These ads ran without a disclaimer,308,3
769099963301242,Sense思法人,These ads ran without a disclaimer,307,2
555448224595231,許立丕後援會粉絲團,立丕 許,307,1
109179878519213,欣巴巴-幸福欣印象,These ads ran without a disclaimer,307,2
195959880437203,新北市議員白珮茹,新北市議員白珮茹,300,1
931837986851749,侯漢廷,啟仁 高,300,1
107639328681660,張孫宥心,張孫宥心,300,1
1920645851573536,未來城市FutureCity,天下雜誌,300,1
180903242083235,台灣動物平權促進會 TAEA,台灣動物平權促進會 TAEA,300,1
104859828760801,張芬郁,張芬郁,300,1
119696544420825,Chat Moss AI Chat Robot,These ads ran without a disclaimer,296,1
112791663809450,飞儿翡翠直播,These ads ran without a disclaimer,290,1
103708999304913,晴空大地,These ads ran without a disclaimer,288,14
202074293162081,青田七六,These ads ran without a disclaimer,287,2
467307636972053,🅗🅔🅛🅛🅞 嚴選,These ads ran without a disclaimer,282,1
100162286113665,台灣隊．挺台灣,台灣隊,282,1
263592120365472,采威國際資訊股份有限公司,These ads ran without a disclaimer,279,3
110635418668863,元氣森林,These ads ran without a disclaimer,277,2
103066112747084,Lawrence Nortonyt,These ads ran without a disclaimer,277,1
505048462850808,楊朝偉,楊朝偉,273,1
115493448131002,Casimmy MALL 1,These ads ran without a disclaimer,272,2
1144654629004459,張顥瀚,張顥瀚,270,1
810898329264815,2023青年國會立法院會議,青年菁英立法院會議,268,3
328232244533826,國家住宅及都市更新中心,These ads ran without a disclaimer,261,2
104719228129591,發包採購俱樂部-建築營造、物業管理 發包招標平台,These ads ran without a disclaimer,260,2
575747599156894,環境資訊中心,台灣環境資訊協會,257,1
1662469387371190,Del Sol CPA & Associates 德碩會計師事務所,These ads ran without a disclaimer,257,1
104833135691082,壹蘋新聞網,These ads ran without a disclaimer,256,1
1992951864115792,周柏吟,柏吟周,254,1
1627016040846724,謝志忠　幫您講話,志忠 謝,249,1
120527968028422,靈鷲山教育網,These ads ran without a disclaimer,246,1
108110301066794,欣揚智能隔音氣密窗｜從心出發，網住健康,These ads ran without a disclaimer,238,1
107073864019634,文化內容策進院 Taiwan Creative Content Agency,These ads ran without a disclaimer,228,2
325134777530706,曉劇場 Shinehouse Theatre ⁽ᵀᴬᴵᵂᴬᴺ⁾,These ads ran without a disclaimer,224,1
110573495332044,吳宗憲-瘦身旗艦店,These ads ran without a disclaimer,222,1
106753538557836,怪獸與她的產地 x 優淇的捷克生活 life in Czech Republic,These ads ran without a disclaimer,221,1
2173392866307116,好兆頭 How Shuttle,These ads ran without a disclaimer,215,9
115380840010894,大愛桃園市大溪搬家公司/八德龍潭中壢龜山專業搬家推薦/桃園新竹苗栗搬家費用快速服務,These ads ran without a disclaimer,215,1
113313331670628,靈萌 寵物溝通,These ads ran without a disclaimer,215,1
830634337047497,S2studio,These ads ran without a disclaimer,211,3
136755078549381,南昌法律事務所,These ads ran without a disclaimer,211,1
449110461842056,SYSTEX 精誠資訊,These ads ran without a disclaimer,208,1
514665285645225,報時光UDNtime,These ads ran without a disclaimer,201,6
1448357445384692,台灣大哥大 Open Possible,These ads ran without a disclaimer,201,1
111289515704943,環境品質文教基金會 EQPF,佾展 鄭,199,1
116296548384351,許淑華Hsu Shu-Hua,許淑華Hsu Shu-Hua,199,1
106965308766722,My Home Page,These ads ran without a disclaimer,196,1
460583077313238,三得利健康網路商店,These ads ran without a disclaimer,187,1
100301802325972,玉匠人翡翠,These ads ran without a disclaimer,185,13
111455468891656,堅持．張廖萬堅,萬堅 張廖,185,1
264446650796377,阿牧手作,These ads ran without a disclaimer,185,2
1587628301470657,林沛祥,These ads ran without a disclaimer,182,1
803680666677077,Tramper,These ads ran without a disclaimer,175,1
238152186564500,強森攝影工作室/新竹/寶寶 /孕婦/證件/全家福/畢業/宣傳/形象/彌月/網拍/商品/婚宴紀錄/個人/攝影/兒童/寫真/租棚/照,These ads ran without a disclaimer,174,1
1232239783459957,ICDI  國際氣候發展智庫 International Climate Development Institute,國際氣候發展智庫,171,1
2007200132893978,投資小弟,These ads ran without a disclaimer,169,1
115280308529967,白蟻問題-古蹟‧歷史建築‧老宅‧廟宇的專業除白蟻防治專家,These ads ran without a disclaimer,168,1
100838041497580,旭日聯合建築師事務所｜信義永春危老重建工作站,These ads ran without a disclaimer,168,1
103582091121311,MUSICO 音樂圈,These ads ran without a disclaimer,167,1
151776788178402,TechOrange 科技報橘,These ads ran without a disclaimer,167,6
351386045964317,由鉅大恆,These ads ran without a disclaimer,167,1
273192696207332,哎喔生活雜良,These ads ran without a disclaimer,165,1
104107975433258,新板艾麗,These ads ran without a disclaimer,164,1
517082544983240,文字工作者－小書,These ads ran without a disclaimer,156,1
156279764411149,Times Higher Education,These ads ran without a disclaimer,155,4
1711803335724716,九勺涮涮鍋。高雄美食,These ads ran without a disclaimer,155,1
106745212203354,Bwertpy-W-MY,These ads ran without a disclaimer,154,1
255269268156515,貓侍CatPool-社團法人台灣流浪貓關懷協會,These ads ran without a disclaimer,154,1
785537334791242,桃園事,These ads ran without a disclaimer,154,1
458945520924346,美國蕾絲床墊-亞太總代理,These ads ran without a disclaimer,150,2
56741313373,台新藝術基金會,These ads ran without a disclaimer,146,1
216770658366724,雅泛迪輪圈Advanti & KONIG Taiwan,These ads ran without a disclaimer,145,2
217761698328619,和運租車 好運粉絲團,These ads ran without a disclaimer,142,1
1668813320116227,股期一陽指－邱奕良,These ads ran without a disclaimer,141,1
908922692554990,吳宗憲-授權瘦身團隊,These ads ran without a disclaimer,136,1
113912196658029,方哥嚴選,These ads ran without a disclaimer,134,1
126494184177642,大師房屋－國際事業部,These ads ran without a disclaimer,131,1
100423742875331,JHY 律師工作室,Zhong-Yue Yang,129,1
109212067479967,VERSE,These ads ran without a disclaimer,126,1
149905238417789,冠龍外勞集團,These ads ran without a disclaimer,125,1
848545415232839,新北i環保,新北i環保,125,1
109096808833064,台安連鎖藥局5,These ads ran without a disclaimer,123,1
100228356346053,Fpoyt,These ads ran without a disclaimer,123,1
1553668178254881,淨毒五郎 Chef Clean,志強靳,122,1
108139381472340,Karen Piano / 桃園鋼琴教學,These ads ran without a disclaimer,119,1
100605494693518,名畫檔案-網路畫廊,These ads ran without a disclaimer,116,1
1793252634219981,TPCF ECO 熊厲害,These ads ran without a disclaimer,116,1
109256018057552,老花磚繽紛樂,These ads ran without a disclaimer,115,1
122541710823595,馨馨姐中醫養生,These ads ran without a disclaimer,115,1
217519028785017,Nature Research Custom Media,These ads ran without a disclaimer,113,4
111583107004991,TAIPOWER D/S ONE 電幻1號所,These ads ran without a disclaimer,109,1
100882622987748,瞬鮮水屋-楊梅店,These ads ran without a disclaimer,108,1
164121763623843,Yahoo奇摩購物,These ads ran without a disclaimer,103,2
138654461200,康健雜誌,These ads ran without a disclaimer,102,1
117531917887503,禹您同行．徐寅一ㄣˊ禹,These ads ran without a disclaimer,101,1
103743902545502,Pina Ura,These ads ran without a disclaimer,101,2
384191061758792,高速小飛力,These ads ran without a disclaimer,≤100,2
226762344168414,謝家倫,謝家倫,≤100,1
1659779394332709,長庚大學 Chang Gung University,These ads ran without a disclaimer,≤100,1
101258292825446,藝彩燈光,These ads ran without a disclaimer,≤100,1
109495085338179,璞邑恆樂,These ads ran without a disclaimer,≤100,2
742732662548159,沂藝術 YIART,These ads ran without a disclaimer,≤100,1
1266518076746162,失智・時空記憶的旅人（Dementia）,These ads ran without a disclaimer,≤100,1
172439553380688,躲起來,These ads ran without a disclaimer,≤100,1
121712557538239,Jjxydi-ua,These ads ran without a disclaimer,≤100,1
887654861439382,和築捷市悅,These ads ran without a disclaimer,≤100,1
107403928674241,豐盈孤獨,These ads ran without a disclaimer,≤100,1
100489486238404,台灣公民人權聯盟tclu,These ads ran without a disclaimer,≤100,2
241760763093731,Bagsakan sa Habongan,These ads ran without a disclaimer,≤100,1
116917991365373,Taiwan News Liver,These ads ran without a disclaimer,≤100,1
206013579428194,勞工保險局,These ads ran without a disclaimer,≤100,1
102241519382537,Ykshugg-Shop,These ads ran without a disclaimer,≤100,1
101271955630115,Licensed doctor,These ads ran without a disclaimer,≤100,1
110627508134776,紀承佑,These ads ran without a disclaimer,≤100,1
111515785000447,Accounts of Material Research - AMR,These ads ran without a disclaimer,≤100,1
112147945098950,upwomxn,These ads ran without a disclaimer,≤100,1
103829234329205,愛滋集Aidself,These ads ran without a disclaimer,≤100,1
172379346150885,和築 自然的住,These ads ran without a disclaimer,≤100,1
104354984345200,Annie X TREND 板橋,These ads ran without a disclaimer,≤100,1
103377904599065,E.政策網：約博打權,E.政策網：約博打權,≤100,1
292652795877175,程美蓮 Sayun Taji,These ads ran without a disclaimer,≤100,1
299438037147212,王宥忻財富女神,These ads ran without a disclaimer,≤100,1
112624187090810,Manalulu,These ads ran without a disclaimer,≤100,1
110025324004870,知事官邸生活館,These ads ran without a disclaimer,≤100,2
230822870717310,MyGo國際地產,These ads ran without a disclaimer,≤100,1
112184516989929,京展環保有限公司,These ads ran without a disclaimer,≤100,1
397486643273,OB嚴選,These ads ran without a disclaimer,≤100,1
100573838902360,SHES 環保衛生棉,These ads ran without a disclaimer,≤100,2
267654926582726,ASICS,These ads ran without a disclaimer,≤100,3
112570843421623,社團法人台灣你不是一個人實踐協會,These ads ran without a disclaimer,≤100,2
613055218722286,澄格室內裝修設計,These ads ran without a disclaimer,≤100,1
102113882801169,癌症之友,These ads ran without a disclaimer,≤100,1
112394984287192,Communication R&D 溝通策略研究室,These ads ran without a disclaimer,≤100,1
192373244225152,德風健康館,These ads ran without a disclaimer,≤100,2
116553024742136,YD Mall,These ads ran without a disclaimer,≤100,1
102766216139491,Brucd,These ads ran without a disclaimer,≤100,1
440741556257860,Solar Life索樂生活-露營&運動&居家用品,These ads ran without a disclaimer,≤100,1
102258892677843,Xdvedeal life,These ads ran without a disclaimer,≤100,1
108696210715338,林昭印,昭印 林,≤100,1
262531920494874,財團法人金融消費評議中心,These ads ran without a disclaimer,≤100,1
585569841639105,國科會人文沙龍計畫,These ads ran without a disclaimer,≤100,1
354896311587628,動區動趨 BlockTempo - 由社群而生的區塊鏈媒體 - Media for Blockchain,These ads ran without a disclaimer,≤100,1
1600694340206781,桃園市非營利組織發展中心,桃園市非營利組織發展中心,≤100,48
107650958405477,理財股市基礎講座,These ads ran without a disclaimer,≤100,1
515784272280851,Taiwan in Mongolia,These ads ran without a disclaimer,≤100,2
105397100991397,文化本事,These ads ran without a disclaimer,≤100,1
227522109865,GIGLIÖ 姬璃鷗手創食研館 - 頂級義式手創冰淇淋 GELATO,These ads ran without a disclaimer,≤100,1
102935461661319,星鴻社會住宅 / 六都租屋補助 / 包租代管 / 專業諮詢,星鴻社會住宅 / 六都租屋補助 / 包租代管 / 專業諮詢,≤100,5
116407941330889,E秒簽雲端服務,These ads ran without a disclaimer,≤100,1
2139648292918516,碧澄 Gramercy,These ads ran without a disclaimer,≤100,1
108266875198970,陳建慶Simon房產大師,These ads ran without a disclaimer,≤100,2
1502813959749113,CCC 追漫台,These ads ran without a disclaimer,≤100,1
100451933698060,AdVenture Communist,These ads ran without a disclaimer,≤100,2
103657658871914,海線房屋買賣租-紀承佑-阿佑 太平洋中山店,These ads ran without a disclaimer,≤100,1
1766705500248271,藝羣人,These ads ran without a disclaimer,≤100,1
110897143862409,oooooohmi_write,These ads ran without a disclaimer,≤100,1
1635811186490284,旗標藝術設計書店,These ads ran without a disclaimer,≤100,1
152587572134600,Is Us,These ads ran without a disclaimer,≤100,2
946340008837266,jjnews 跳跳新聞網,These ads ran without a disclaimer,≤100,1
1946536882225517,YuXiang,These ads ran without a disclaimer,≤100,1
104289887657017,"那些關於貓,旅行和收納的一些小事",These ads ran without a disclaimer,≤100,1
105622414549927,寶登建設,These ads ran without a disclaimer,≤100,1
108096904126871,數位女力聯盟WIDI,凱強 張,≤100,1
303485606899972,一不小心就置產了,These ads ran without a disclaimer,≤100,1
144739722204276,Panasonic Battery,These ads ran without a disclaimer,≤100,1
1076178465726574,健行科技大學 - 校網,These ads ran without a disclaimer,≤100,4
100994929298257,Roscer Clouse,These ads ran without a disclaimer,≤100,1
131189377574,MDPI,These ads ran without a disclaimer,≤100,2
108818838850936,Blessing Magnet,These ads ran without a disclaimer,≤100,1
364651744045106,簡智隆 Liling Qalmutan,These ads ran without a disclaimer,≤100,1
548577435509026,d&b audiotechnik,These ads ran without a disclaimer,≤100,1
114614504860911,HOPE EARTH official/シルバーアクセサリー,These ads ran without a disclaimer,≤100,1
190684970959969,宜蘭綠色博覽會,These ads ran without a disclaimer,≤100,2
184392032048006,財團法人中鼎教育基金會 CTCI Education Foundation（CTCIEF）,These ads ran without a disclaimer,≤100,1
98673036962,ROLDA,These ads ran without a disclaimer,≤100,4
761553570883971,Logitech G,These ads ran without a disclaimer,≤100,2
118999344498244,台灣新聞,These ads ran without a disclaimer,≤100,1
598256443521657,旭文日本語學院,These ads ran without a disclaimer,≤100,1
100164872111505,育兒好物交流,These ads ran without a disclaimer,≤100,1
345640828864132,那些電影教我的事 - Lessons from Movies,These ads ran without a disclaimer,≤100,1
413307318719072,The Andy Warhol Foundation for the Visual Arts,These ads ran without a disclaimer,≤100,1
945888608794185,聯博 - 81樓的基金筆記,These ads ran without a disclaimer,≤100,1
114233021627428,aamurusko_,These ads ran without a disclaimer,≤100,1
226951017334683,Vanicream 薇霓肌本—全球No.1 醫院-美國百年梅約醫院研發 醫學級 15大無添加保養品牌,These ads ran without a disclaimer,≤100,1
161072627834018,瘋彩車身彩繪設計,These ads ran without a disclaimer,≤100,1
131795423172,徐欣瑩,These ads ran without a disclaimer,≤100,1
114111974902764,Nguyễn đức phong,These ads ran without a disclaimer,≤100,1
116661838001543,Shopznmh-Aa,These ads ran without a disclaimer,≤100,1
146822255731958,Fast Travel Games,These ads ran without a disclaimer,≤100,1
114162341566543,澳居AULIve 房產置業,Che Hui Chu,≤100,1
188299811954703,渡江兵,These ads ran without a disclaimer,≤100,1
1191037824408414,台灣艾捷隆 Igenomix Taiwan,These ads ran without a disclaimer,≤100,1
1398571940376864,俏女巫的古中藥秘方,These ads ran without a disclaimer,≤100,1
1552022451751015,臺東縣一站式產業輔導辦公室,These ads ran without a disclaimer,≤100,1
1768219613458464,史派克工廠 Sparks Toy,These ads ran without a disclaimer,≤100,1
377977859223430,動物友善網,昱賢吳,≤100,1
438867392812073,高寶旅遊Globair tour,These ads ran without a disclaimer,≤100,1
1531570613776466,拾方視角,These ads ran without a disclaimer,≤100,1
530009350425070,台灣職業安全健康連線,These ads ran without a disclaimer,≤100,1
107837524325351,Mosaic Arts World Taiwan 馬賽克世界,These ads ran without a disclaimer,≤100,1
122250554471978,CHA 正新精品門窗、鋁門窗、格子窗、推開窗、通風門、氣密窗、鋁擠型、隔間門、橫拉窗、鋁隔柵,These ads ran without a disclaimer,≤100,1
153955457979665,南投縣技職教育協會,These ads ran without a disclaimer,≤100,1
111095091974805,中醫世家-c3,These ads ran without a disclaimer,≤100,1
100356649474767,楠梓運動探索育樂團隊,These ads ran without a disclaimer,≤100,1
159628770754537,Mr.38 咖哩 東海店,These ads ran without a disclaimer,≤100,1
102326535561722,Hello 大葉,These ads ran without a disclaimer,≤100,2
109287928504643,cyc_sunny,These ads ran without a disclaimer,≤100,1
100374392742057,Weregreenly- Magazine,These ads ran without a disclaimer,≤100,35
215213505975,FUNDAY英語教育,These ads ran without a disclaimer,≤100,1
103216962684138,郭雅蕙,These ads ran without a disclaimer,≤100,1
105113684736305,StreamsGallery,These ads ran without a disclaimer,≤100,1
211271956064121,"外交部 Ministry of Foreign Affairs, ROC（Taiwan）",These ads ran without a disclaimer,≤100,2
316427098708822,交通部航港局,These ads ran without a disclaimer,≤100,2
114162341566543,澳居AULIve 房產置業,These ads ran without a disclaimer,≤100,1
113401410090818,凱斯教育 Cat’s Educational Group,These ads ran without a disclaimer,≤100,1
103309175538812,Dianbo popo電波澎澎彈力蛋白,These ads ran without a disclaimer,≤100,2
585913848244854,臺北e大 樂在學習,These ads ran without a disclaimer,≤100,1
141106422598184,Mr.38,These ads ran without a disclaimer,≤100,1
300923396738473,經濟部工業局,These ads ran without a disclaimer,≤100,1
105167781763991,喵犬室,These ads ran without a disclaimer,≤100,1
101425908664113,success_grititude,These ads ran without a disclaimer,≤100,1
363410863850423,Kondoo,These ads ran without a disclaimer,≤100,1
28312410177,World Food Programme,These ads ran without a disclaimer,≤100,2
111754748419398,Cgxdsushop-128,These ads ran without a disclaimer,≤100,1
102681472621883,Choosing wangdefo汪德佛,These ads ran without a disclaimer,≤100,1
139359281350,ILAC,These ads ran without a disclaimer,≤100,1
314202462017306,蕭可樂,These ads ran without a disclaimer,≤100,1
183280392112535,地涌綠能科技》屋頂型太陽光電設計/建置/維運,These ads ran without a disclaimer,≤100,1
119867454374228,Loopet,These ads ran without a disclaimer,≤100,1
1696285073996685,Wazaiii,These ads ran without a disclaimer,≤100,1
208947112492576,Hong Kong Science Park,These ads ran without a disclaimer,≤100,1
104796718237608,Alan的影劇娛樂閒聊,These ads ran without a disclaimer,≤100,1
112648664951433,淨零未來,These ads ran without a disclaimer,≤100,1
615486518635582,研之有物,These ads ran without a disclaimer,≤100,1
100209958188128,美兆健康管理機構,These ads ran without a disclaimer,≤100,3
103210056027349,復興山林創生基地,These ads ran without a disclaimer,≤100,1
745403868881592,灰熊人文台南包棟住宿,These ads ran without a disclaimer,≤100,1
107797568853628,travelpaint.cat,These ads ran without a disclaimer,≤100,1
111571621941581,Bantuan Keuangan,These ads ran without a disclaimer,≤100,1
6321018343,The Japan Times,These ads ran without a disclaimer,≤100,1
438886686444218,Green Trade,These ads ran without a disclaimer,≤100,1
102040741919900,阿勒飛斯文化藝術團,These ads ran without a disclaimer,≤100,1
2174523492810684,Sinopec Hong Kong,These ads ran without a disclaimer,≤100,1
138687605011705,ES奕昕車體美學 - 鍍膜專門店,These ads ran without a disclaimer,≤100,1
257137894309103,《車主》雜誌（Automobile Magazine Hong Kong）,These ads ran without a disclaimer,≤100,1
106413976059251,李梅樹紀念館,These ads ran without a disclaimer,≤100,1
150830641743673,Tomplay,These ads ran without a disclaimer,≤100,2
308432285929999,Solomon's Proverbs Commentary - Chinese Version,These ads ran without a disclaimer,≤100,1
179874532143092,Readmoo讀墨電子書,These ads ran without a disclaimer,≤100,1
146697988676586,艾瑪絲Aromase  專業頭皮洗髮精,These ads ran without a disclaimer,≤100,2
146588812198932,印儀學苑,These ads ran without a disclaimer,≤100,1
102513329293712,戶外行家 地表最強護趾涼鞋,These ads ran without a disclaimer,≤100,1
608650595820049,The Conqueror Challenges,These ads ran without a disclaimer,≤100,1
109801031773102,Asik kan,These ads ran without a disclaimer,≤100,2
107121855721690,KISAH NYATA SAYA,These ads ran without a disclaimer,≤100,3
589826721123307,CLAUD可洛迪,These ads ran without a disclaimer,≤100,1
1600694340206781,桃園市非營利組織發展中心,These ads ran without a disclaimer,≤100,5
283963708318298,合庫ebank好康報報,These ads ran without a disclaimer,≤100,1
525781104253994,即新聞,These ads ran without a disclaimer,≤100,1
120633904332712,Williams Avalos,These ads ran without a disclaimer,≤100,2
109946254161907,Tommy 獨立理財顧問,These ads ran without a disclaimer,≤100,1
108599278833066,良月事件簿,These ads ran without a disclaimer,≤100,1
106000477573537,圍爐 Warm Talking,These ads ran without a disclaimer,≤100,1
117247411366105,Jasa Keuangan,These ads ran without a disclaimer,≤100,1
111688891777878,首購不是夢,These ads ran without a disclaimer,≤100,1
110370711970896,蔬食媽媽-手工蔬菜水餃,These ads ran without a disclaimer,≤100,3
120081761074533,Chassey,These ads ran without a disclaimer,≤100,2
105620771671236,好報新聞網,These ads ran without a disclaimer,≤100,1
103485659690259,新使者雜誌,These ads ran without a disclaimer,≤100,1
209306309096,W Koh Samui,These ads ran without a disclaimer,≤100,1
312898778847834,TERRAM PACIS,These ads ran without a disclaimer,≤100,1
117039841320523,Big Pink Youth Dialogue,These ads ran without a disclaimer,≤100,1
286094071469577,VINCI Energies,These ads ran without a disclaimer,≤100,1
821430017924241,Sungrow,These ads ran without a disclaimer,≤100,1
100912541413695,Más Impulso,These ads ran without a disclaimer,≤100,2
150793518281117,Covestro,These ads ran without a disclaimer,≤100,1
17043549797,MIT Technology Review,These ads ran without a disclaimer,≤100,4
101849728551147,Fun Break Central,These ads ran without a disclaimer,≤100,5
1469752156670918,Youth China,These ads ran without a disclaimer,≤100,1
100146858886646,Sol Reyna Girouard,These ads ran without a disclaimer,≤100,1
148475051852754,Rockefeller Foundation,These ads ran without a disclaimer,≤100,3
112071155023896,Harper's Bazaar France,These ads ran without a disclaimer,≤100,1
117735448311,"Cell Signaling Technology, Inc.",These ads ran without a disclaimer,≤100,2
47815171686,Banyan Tree Hotels & Resorts,These ads ran without a disclaimer,≤100,1
101054365776547,Charming Changzhou,These ads ran without a disclaimer,≤100,1
194807678300,貓頭鷹書房,These ads ran without a disclaimer,≤100,1
122125810793113,Gam Speeder,These ads ran without a disclaimer,≤100,1
136792426348077,Slag Gallery,These ads ran without a disclaimer,≤100,1
109618608579864,All beautiful things,These ads ran without a disclaimer,≤100,3
354397697217,IEEE Xplore,These ads ran without a disclaimer,≤100,1
172348652806226,DEKRA,These ads ran without a disclaimer,≤100,1
104099512361482,Funnies Now - Magazine,These ads ran without a disclaimer,≤100,2
104593458269168,Your Daily Fun Break,These ads ran without a disclaimer,≤100,3
224597158386607,Rosa Luxemburg Foundation,These ads ran without a disclaimer,≤100,2
364987324007814,Page Hotels,These ads ran without a disclaimer,≤100,1
484970401908095,士品英語A TO Z STUDIO,These ads ran without a disclaimer,≤100,1
983135718420987,Visit Jiangsu,These ads ran without a disclaimer,≤100,1
109533505465542,LPL Defence,These ads ran without a disclaimer,≤100,1
476179919621255,Misbar - مسبار,These ads ran without a disclaimer,≤100,1
2418643321715898,Daily Stickers,These ads ran without a disclaimer,≤100,1
315543515306,Jing Daily,These ads ran without a disclaimer,≤100,1
100172476278127,Easy Study,These ads ran without a disclaimer,≤100,1
134331253305084,ITI International Team for Implantology,These ads ran without a disclaimer,≤100,1
110099331940978,More Hackz - MediaSmarter,These ads ran without a disclaimer,≤100,1
102211979093712,EdHeroes,These ads ran without a disclaimer,≤100,1
405379246524515,DHL Express,These ads ran without a disclaimer,≤100,1
1397405843841104,Ines de la Fressange Paris,These ads ran without a disclaimer,≤100,1
65600852525,香港國際電影節 Hong Kong International Film Festival,These ads ran without a disclaimer,≤100,3
115575820139019,Af Fhyf,These ads ran without a disclaimer,≤100,1
618086438391102,Taiwan in the EU and Belgium,These ads ran without a disclaimer,≤100,1
208338536239798,This Is Beijing,These ads ran without a disclaimer,≤100,1
308390482520808,五洲園掌中劇團-黃文郎布袋戲,These ads ran without a disclaimer,≤100,1
45413563867,The Free and Equal Elections Foundation,These ads ran without a disclaimer,≤100,1
103516404905341,媽媽的童書清單,These ads ran without a disclaimer,≤100,1
111132794348779,That Happened,These ads ran without a disclaimer,≤100,2
109036555449915,Slenergy,These ads ran without a disclaimer,≤100,1
102023009327901,Global Compassion Coalition,These ads ran without a disclaimer,≤100,3
1422513341405155,TAY,These ads ran without a disclaimer,≤100,1
418775708189870,Social Movement Technologies,These ads ran without a disclaimer,≤100,1
154680184946903,Superplastic,These ads ran without a disclaimer,≤100,1
293937480708088,Clement Hii,These ads ran without a disclaimer,≤100,1
1172505622952974,ETtoday房產雲,These ads ran without a disclaimer,≤100,1
100413328754140,We Will Rank You podcast,These ads ran without a disclaimer,≤100,1
1155881051227404,AVIC INTL,These ads ran without a disclaimer,≤100,1
108607351041275,FAB Group,These ads ran without a disclaimer,≤100,1
102415047928145,Shanghai Electric,These ads ran without a disclaimer,≤100,2
2200139000274127,Top Speeder 2022,These ads ran without a disclaimer,≤100,1
104666722052180,鹿青 Writer on the Loose,These ads ran without a disclaimer,≤100,1
151808344940167,Jevpic Productions,These ads ran without a disclaimer,≤100,1
122064391180645,Asian Development Bank Institute,These ads ran without a disclaimer,≤100,1
109062828734912,Юридические услуги,These ads ran without a disclaimer,≤100,1
503638313419494,Vietmoney,These ads ran without a disclaimer,≤100,1
108465889215669,CNEX Taiwan,These ads ran without a disclaimer,≤100,2
121892191231546,Евразийский банк развития,These ads ran without a disclaimer,≤100,1
100429442374690,糖果兔 Sugar Bunnies,These ads ran without a disclaimer,≤100,1
113067177682259,PMD - Dogs is my  world,These ads ran without a disclaimer,≤100,1
103982769047258,燁霖翡翠市場现金收貨,These ads ran without a disclaimer,≤100,1
101493902773017,SPIC-Turkey,These ads ran without a disclaimer,≤100,1
155677885272,RFI 华语 - 法国国际广播电台,These ads ran without a disclaimer,≤100,1
285530825204,Klitschko,These ads ran without a disclaimer,≤100,3
105963665254430,魅力台州 Charm of Taizhou,These ads ran without a disclaimer,≤100,1
229911703808695,桂冠窩廚房,These ads ran without a disclaimer,≤100,3
430258463820053,International School of Ministry with Pastor Chris,These ads ran without a disclaimer,≤100,1
155174084508744,Banque mondiale,These ads ran without a disclaimer,≤100,2
19740928752,World Animal Protection,These ads ran without a disclaimer,≤100,1
103997142547258,和合文化全球论坛 Hehe Culture Global Forum,These ads ran without a disclaimer,≤100,1
102623776002357,Funnies Now - Magazine Page 2,These ads ran without a disclaimer,≤100,1
112757083778788,"Economic Daily, China",These ads ran without a disclaimer,≤100,1
2480533842232920,POWERCHINA,These ads ran without a disclaimer,≤100,1
267597209967736,勝陽國際 宣影布 P-Tex,These ads ran without a disclaimer,≤100,1
110993941170214,ChidoBook,These ads ran without a disclaimer,≤100,1
565225540184937,CGTN,These ads ran without a disclaimer,≤100,4
102998939765184,Persian bms,These ads ran without a disclaimer,≤100,1
287842647957979,EU International Partnerships,These ads ran without a disclaimer,≤100,1
216741958412414,Avon Worldwide,These ads ran without a disclaimer,≤100,1
1590652187688540,Best100閱讀精品店,These ads ran without a disclaimer,≤100,1
173254003362613,WE ARE CHINA,These ads ran without a disclaimer,≤100,1
108759188706884,社團法人IPOWER培力學社 IPOWER Alliance,These ads ran without a disclaimer,≤100,1
141271779363886,Christian Harfouche,These ads ran without a disclaimer,≤100,1
104065704766619,Marigold Arts,These ads ran without a disclaimer,≤100,1
175846072821088,十方視角,These ads ran without a disclaimer,≤100,1
130136833750497,IELTS Official,These ads ran without a disclaimer,≤100,1
100486698765192,Money & Investing,These ads ran without a disclaimer,≤100,1
120223804387904,dailypositivityboost,These ads ran without a disclaimer,≤100,1
111693495149855,Future Mobility Asia,These ads ran without a disclaimer,≤100,1
105962808801596,IZZY - Stream Israel,These ads ran without a disclaimer,≤100,3
104741408445798,Pengkuei Ben Huang Photography,These ads ran without a disclaimer,≤100,1
177017786258080,Thebackend,These ads ran without a disclaimer,≤100,1
110948444878199,你的好閨蜜 蔡雅藍醫師｜恆悅美學牙醫,These ads ran without a disclaimer,≤100,1
776592812364469,Mixmag,These ads ran without a disclaimer,≤100,1
103172549436914,Noticias del mundo todos los días,These ads ran without a disclaimer,≤100,1
142914269087072,Cornell Lab of Ornithology,These ads ran without a disclaimer,≤100,1
100960082205245,More Hackz - the 1000 page,These ads ran without a disclaimer,≤100,2
112220134851421,Under the Sisterhood,These ads ran without a disclaimer,≤100,2
402264076475020,福鑫建材 Fu-Hsin Building Materials,These ads ran without a disclaimer,≤100,1
102405578025229,Taiwan in Oman 駐阿曼代表處,These ads ran without a disclaimer,≤100,1
142329112477770,البنك الدولي,These ads ran without a disclaimer,≤100,1
103028198404663,暖心培力 在地永續,These ads ran without a disclaimer,≤100,1
771462172882741,OnePath Network,These ads ran without a disclaimer,≤100,1
299227550122220,Radio Cina Internazionale,These ads ran without a disclaimer,≤100,1
119666034725265,Aster DM Healthcare,These ads ran without a disclaimer,≤100,1
119884934771336,全民大劇團,These ads ran without a disclaimer,≤100,2
106653035600035,El Gonso,These ads ran without a disclaimer,≤100,1
319907181792138,Fiona  Xie,These ads ran without a disclaimer,≤100,1
79511407410,Mercedes-AMG Petronas F1 Team,These ads ran without a disclaimer,≤100,1
1695645430676976,Citi Taiwan,These ads ran without a disclaimer,≤100,1
110980888642151,Twibbon April,These ads ran without a disclaimer,≤100,7
107706102295108,Wire Tool,These ads ran without a disclaimer,≤100,2
116679401363112,Kelce Jam,These ads ran without a disclaimer,≤100,1
1473321922884514,Chińskie Radio Międzynarodowe,These ads ran without a disclaimer,≤100,2
114400445304441,Suunto Diving,These ads ran without a disclaimer,≤100,1
383174975382808,鍾沛君,These ads ran without a disclaimer,≤100,1
2187936778144931,南南之隅,南南之隅,≤100,1
435748133178089,JIA 品家,These ads ran without a disclaimer,≤100,1
6115848166,Nature Portfolio,These ads ran without a disclaimer,≤100,1
110818941452003,Morehackz Stories,These ads ran without a disclaimer,≤100,3
101358036245588,App Leap,These ads ran without a disclaimer,≤100,1
194886144517585,Solid English School,These ads ran without a disclaimer,≤100,1
722256984867966,Raytheon Missiles & Defense,These ads ran without a disclaimer,≤100,1
378036902617379,ATFX,These ads ran without a disclaimer,≤100,1
102322499531274,Liz Loh-Taylor,These ads ran without a disclaimer,≤100,1
345840486219924,Energy China,These ads ran without a disclaimer,≤100,1
343786409509707,The East Gate,These ads ran without a disclaimer,≤100,3
103659765532260,華夏focus,These ads ran without a disclaimer,≤100,2