Page ID,Page name,Disclaimer,Amount spent (BBD),Number of ads in Library
287683225711,UN Environment Programme,UN Environment Programme,1273,16
68793499001,UNICEF,UNICEF with Facebook Ad Credits,878,277
246784233190,Barbados Today,Barbados Today,184,4
28312410177,World Food Programme,These ads ran without a disclaimer,158,8
140515453215980,DEPUTY,These ads ran without a disclaimer,156,4
108625789179165,Soi Dog Foundation,These ads ran without a disclaimer,150,91
200480966638039,Supremacy 1914,These ads ran without a disclaimer,148,3
260965090632970,Democratic Labour Party,Ronnie Yearwood,108,3
97320092545,PAHO-WHO,These ads ran without a disclaimer,≤100,6
288607211258386,ROLEX,These ads ran without a disclaimer,≤100,2
111053088314347,mindfultravelbarbados,These ads ran without a disclaimer,≤100,2
13204463437,"UNHCR, the UN Refugee Agency",These ads ran without a disclaimer,≤100,18
167327710092323,Mollaei Law,These ads ran without a disclaimer,≤100,1
106192543721,Business Barbados,Business Barbados,≤100,4
845620825830146,Deel,These ads ran without a disclaimer,≤100,10
101810071877211,soscarbon,These ads ran without a disclaimer,≤100,2
287683225711,UN Environment Programme,UN Environment Programme with Facebook Ad Credits,≤100,21
100451933698060,AdVenture Communist,These ads ran without a disclaimer,≤100,1
214773008865018,Commission Encounter,These ads ran without a disclaimer,≤100,1
246784233190,Barbados Today,These ads ran without a disclaimer,≤100,1
103436444936743,thevirtualsundaybookclub,These ads ran without a disclaimer,≤100,2
175889425769412,BAR-TEK Motorsport,These ads ran without a disclaimer,≤100,2
267410650127820,NRD Companies,These ads ran without a disclaimer,≤100,3
1090974694258672,Tropical Realism,These ads ran without a disclaimer,≤100,1
105537175568906,sweetdealswholesale,These ads ran without a disclaimer,≤100,2
100493908974237,Barbados Uncensored,These ads ran without a disclaimer,≤100,1
249247795198229,Temporary Gallery,These ads ran without a disclaimer,≤100,1
158714780827513,UNFPA,These ads ran without a disclaimer,≤100,57
100959346070883,H_gottimetoday,These ads ran without a disclaimer,≤100,1
1015169338692469,Ron Johnson,These ads ran without a disclaimer,≤100,1
112857077857582,Omo - Weight Loss With Psychology,These ads ran without a disclaimer,≤100,11
102966575751754,Barbados Weekly,These ads ran without a disclaimer,≤100,2
103286391424486,Developing Dominica,These ads ran without a disclaimer,≤100,2
8057376739,The Nature Conservancy,These ads ran without a disclaimer,≤100,1
245094455536925,FOUR PAWS,These ads ran without a disclaimer,≤100,5
681614015247190,Caribbean National Weekly,These ads ran without a disclaimer,≤100,17
174669235904729,Sagicor Cave Hill School of Business and Management - The UWI Cave Hill,These ads ran without a disclaimer,≤100,1
220121861407546,Kingdom Empowerment New Testament Church of God,These ads ran without a disclaimer,≤100,1
106636228870417,"Angela U Carter, Author",These ads ran without a disclaimer,≤100,1
1238173096287495,Azur Games,These ads ran without a disclaimer,≤100,4
64588666340,Haaretz.com,These ads ran without a disclaimer,≤100,8
274138756817,Architonic,These ads ran without a disclaimer,≤100,2
1126060947467307,Scatter HoldEm Poker,These ads ran without a disclaimer,≤100,2
152438098120753,Barbados Chamber of Commerce & Industry (BCCI),These ads ran without a disclaimer,≤100,1
103173162233460,afrinomica,These ads ran without a disclaimer,≤100,2
933310850194959,Israel Alliance,These ads ran without a disclaimer,≤100,6
168759826521905,St. Philip Parish Ambassadors,These ads ran without a disclaimer,≤100,1
114981761097479,paracordprada,These ads ran without a disclaimer,≤100,1
121350964566751,DHL Motorsports,These ads ran without a disclaimer,≤100,7
106120175623925,A-thletes.media,These ads ran without a disclaimer,≤100,7
287842647957979,EU International Partnerships,These ads ran without a disclaimer,≤100,4
954298964703081,Abbott FreeStyle,These ads ran without a disclaimer,≤100,1
106348682400630,Nova - AI Chatbot,These ads ran without a disclaimer,≤100,2
106192543721,Business Barbados,These ads ran without a disclaimer,≤100,1
479285342097950,AeroTime,These ads ran without a disclaimer,≤100,6
249069455889789,Garnier Caribbean,These ads ran without a disclaimer,≤100,1
107324682021456,MDPSERVICES LLC,These ads ran without a disclaimer,≤100,1
2206658926222286,julienalleyne,These ads ran without a disclaimer,≤100,1
1565356970361889,Institute of Chartered Accountants of Barbados,These ads ran without a disclaimer,≤100,1
110251704784438,The Ashley Lashley Foundation,These ads ran without a disclaimer,≤100,1
104504438466,Federal Voting Assistance Program - FVAP,These ads ran without a disclaimer,≤100,30
105947114116292,Photo-Synthesis Designs,These ads ran without a disclaimer,≤100,2
93984918561,Arthur Lok Jack Global School of Business,These ads ran without a disclaimer,≤100,1
108210467509014,The HEY Campaign,These ads ran without a disclaimer,≤100,7
104015742220554,Mimic,These ads ran without a disclaimer,≤100,5
253772961315048,Mercury Mosaics,These ads ran without a disclaimer,≤100,4
107714748645793,Big Buzz,These ads ran without a disclaimer,≤100,4
105036179534606,"Gildan, Making Apparel Better",These ads ran without a disclaimer,≤100,11
456013751424561,CESaRE,These ads ran without a disclaimer,≤100,7
106532464278807,Caribbean Tree Planting Project,These ads ran without a disclaimer,≤100,2
104777807945566,ashh.lash,These ads ran without a disclaimer,≤100,1
111783969059,Tony Robbins,These ads ran without a disclaimer,≤100,2
910145682709010,Minashpro Immigration,These ads ran without a disclaimer,≤100,1
103496105344354,Corporate Sustainability Review,These ads ran without a disclaimer,≤100,4
111160730747637,Trivia Stars,These ads ran without a disclaimer,≤100,2
68793499001,UNICEF,These ads ran without a disclaimer,≤100,4
1196196390526965,Facebook Surveys,These ads ran without a disclaimer,≤100,22
167878593236712,UNICEF en español,UNICEF con créditos publicitarios de Facebook,≤100,47
1556481434584901,Paul Xavier,These ads ran without a disclaimer,≤100,1
124252504303223,UNICEF (FR),UNICEF avec des crédits publicitaires Facebook,≤100,49
100374392742057,Weregreenly- Magazine,These ads ran without a disclaimer,≤100,44
103762709241841,thetrauma.therapist,These ads ran without a disclaimer,≤100,2
110463704610731,Cute Kiwi,These ads ran without a disclaimer,≤100,4
100254824748185,Jensog-UK,These ads ran without a disclaimer,≤100,17
548577435509026,d&b audiotechnik,These ads ran without a disclaimer,≤100,1
315603771494,Milaap,These ads ran without a disclaimer,≤100,12
105962808801596,IZZY - Stream Israel,These ads ran without a disclaimer,≤100,14
134278719946186,Bayer,These ads ran without a disclaimer,≤100,3
1374826826104281,Sensibo,These ads ran without a disclaimer,≤100,4
115591005188475,Global Times,These ads ran without a disclaimer,≤100,4
267264199961398,Change the World Model United Nations,These ads ran without a disclaimer,≤100,5
7783116506,Animals Asia,These ads ran without a disclaimer,≤100,20
771462172882741,OnePath Network,These ads ran without a disclaimer,≤100,6
101535831469644,ITS America Events,These ads ran without a disclaimer,≤100,1
101453801610760,Share-On Project,These ads ran without a disclaimer,≤100,1
103768381387100,Partnership Initiative for Sustainable Land Management,These ads ran without a disclaimer,≤100,1
216311481960,Bill Gates,These ads ran without a disclaimer,≤100,4
104213771490902,Barbados Animal Welfare Organisation,These ads ran without a disclaimer,≤100,1
597859916903978,Nomad Africa Magazine,These ads ran without a disclaimer,≤100,1
100696586305964,Fine Art Photography Prints by Rico X.,These ads ran without a disclaimer,≤100,2
317463093373,The Akshaya Patra Foundation,These ads ran without a disclaimer,≤100,1
110647840532680,Merge Mayor,These ads ran without a disclaimer,≤100,2
102093685620627,Best Diplomats,These ads ran without a disclaimer,≤100,1
121255219270912,أفضل ألعاب الحرب العربية لعام 2022,These ads ran without a disclaimer,≤100,4
1450917831653932,Adrian Odle,These ads ran without a disclaimer,≤100,1
34440108608,Net Impact,These ads ran without a disclaimer,≤100,8
113502287096979,I Luv Australia,These ads ran without a disclaimer,≤100,2
112356138180839,Domestic Violence Awareness,These ads ran without a disclaimer,≤100,2
83612652535,Sterling Asset Management Ltd.,These ads ran without a disclaimer,≤100,1
104099512361482,Funnies Now - Magazine,These ads ran without a disclaimer,≤100,5
108258998739587,I Did not know,These ads ran without a disclaimer,≤100,7
29056789480,Project Syndicate,These ads ran without a disclaimer,≤100,4
18017481462,Acton Institute,These ads ran without a disclaimer,≤100,1
166258896830103,Porto Montenegro,These ads ran without a disclaimer,≤100,1
103454371495257,Mood Spike,These ads ran without a disclaimer,≤100,10
139098866100198,Merri-bek City Council,These ads ran without a disclaimer,≤100,3
166178460072395,اليونيسف بالعربية - UNICEF in Arabic,اليونيسف باستخدام اعتمادات الإعلان على الفيسبوك,≤100,32
220907971269104,CaribVision,These ads ran without a disclaimer,≤100,2
166928143326767,Columbans Britain,These ads ran without a disclaimer,≤100,1
104376759188069,Agsky-scrape,These ads ran without a disclaimer,≤100,6
348921302861345,Flow Business,These ads ran without a disclaimer,≤100,1
274394006605216,History A2Z Magazine,These ads ran without a disclaimer,≤100,4
106614631788380,Kitco Mining,These ads ran without a disclaimer,≤100,5
2552060571686733,Novakid Polska,These ads ran without a disclaimer,≤100,2
130369030334301,KidsRights,These ads ran without a disclaimer,≤100,2
100477565901441,Jabez House Barbados,These ads ran without a disclaimer,≤100,1
108318715562829,Abi Espin,These ads ran without a disclaimer,≤100,3
475778355919914,BB - Best Bios,These ads ran without a disclaimer,≤100,1
102328179178449,Andrew Trey,These ads ran without a disclaimer,≤100,1
31292782350,Deutschland.de,These ads ran without a disclaimer,≤100,9
674374605962850,Future of Life Institute,These ads ran without a disclaimer,≤100,3
434351157296796,Rainbow Caribbean,These ads ran without a disclaimer,≤100,4
107726931747049,Dino read,These ads ran without a disclaimer,≤100,2
105448452269780,Lifestylecog,These ads ran without a disclaimer,≤100,3
100044596562197,,These ads ran without a disclaimer,≤100,1
1572311739654817,Bulls Of Crown Kennel,These ads ran without a disclaimer,≤100,1
111664948492400,Lucy Hood MP,These ads ran without a disclaimer,≤100,2
1787885808135649,The Human Aspect,These ads ran without a disclaimer,≤100,2
107444342282249,Dog Rescue Foundation,These ads ran without a disclaimer,≤100,1
589408861751444,UNEP International Environmental Technology Centre,These ads ran without a disclaimer,≤100,1
105898939096628,Domani Media,These ads ran without a disclaimer,≤100,1
198398326957053,Shree Krishnayan Desi Gauraksha Avam Golokdham Sewa Samiti,These ads ran without a disclaimer,≤100,2
105477515319992,verybookishzarri,These ads ran without a disclaimer,≤100,1
20800882791,Break,These ads ran without a disclaimer,≤100,1
116679401363112,Kelce Jam,These ads ran without a disclaimer,≤100,1
114991248191992,Awe55,These ads ran without a disclaimer,≤100,1
104663138234498,The Primary Market - Success Stories,These ads ran without a disclaimer,≤100,1
317523675504246,Cookie - Fun Games,These ads ran without a disclaimer,≤100,1
105848558790469,"Word Office - Reader, Editor & Viewer",These ads ran without a disclaimer,≤100,1
237650313048963,China Admissions,These ads ran without a disclaimer,≤100,1
102502875933803,Royal Watch,These ads ran without a disclaimer,≤100,1
1497502300316673,Jeff Mosil - Negocios De Elite,These ads ran without a disclaimer,≤100,1
1102199946478493,Spotlight,These ads ran without a disclaimer,≤100,9
722256984867966,Raytheon Missiles & Defense,These ads ran without a disclaimer,≤100,1
1482884495306077,NaturallyJess Photography,These ads ran without a disclaimer,≤100,1
102211979093712,EdHeroes,These ads ran without a disclaimer,≤100,3
104238915656696,Kab_Z4,These ads ran without a disclaimer,≤100,1
106315034979313,The Travel Life,These ads ran without a disclaimer,≤100,2
294028895335,The Ehlers-Danlos Society,These ads ran without a disclaimer,≤100,1
114184975000819,Unexplained Beasts,These ads ran without a disclaimer,≤100,1
312898778847834,TERRAM PACIS,These ads ran without a disclaimer,≤100,3
1585295568380378,Michael Laitman,These ads ran without a disclaimer,≤100,1
100126212204265,Homebond Properties,These ads ran without a disclaimer,≤100,1
326770580739640,Tikkun Global,These ads ran without a disclaimer,≤100,1
103655209133919,M Reader_pa,These ads ran without a disclaimer,≤100,1
19746387261,Humane Society International,These ads ran without a disclaimer,≤100,4
111749571832967,Magic1435-04,These ads ran without a disclaimer,≤100,1
156788224389897,University of Toronto Scarborough (UTSC),These ads ran without a disclaimer,≤100,1
117113711745745,"Hangzhou, China",These ads ran without a disclaimer,≤100,1
102454388760688,Kids101,These ads ran without a disclaimer,≤100,1
102088069159266,Elizabeth Marshall Digital,These ads ran without a disclaimer,≤100,1
104179854944235,WasteRush.info,These ads ran without a disclaimer,≤100,2
103992786357969,The Shift Network,These ads ran without a disclaimer,≤100,4
109984924166982,Money Smarts,These ads ran without a disclaimer,≤100,3
106627127809360,Platinum Media Network,These ads ran without a disclaimer,≤100,1
108835291737711,Cord Stories,These ads ran without a disclaimer,≤100,1
1438220682910088,Pandaily,These ads ran without a disclaimer,≤100,2
108202585222420,Foodie Hunks,These ads ran without a disclaimer,≤100,1
1731004657226567,Cleverst,These ads ran without a disclaimer,≤100,1
108161555240718,Amanda Souza,These ads ran without a disclaimer,≤100,1
100265109304136,Pon Reading,These ads ran without a disclaimer,≤100,1
105972509425490,KADIST,These ads ran without a disclaimer,≤100,1
608650595820049,The Conqueror Challenges,These ads ran without a disclaimer,≤100,1
102916809366515,Rosito Dinero Music,These ads ran without a disclaimer,≤100,1
106312952355406,Bonjour-23,These ads ran without a disclaimer,≤100,1
116225038048095,Magic1419-02,These ads ran without a disclaimer,≤100,1
1782466398436750,Media Institute of the Caribbean - MIC,These ads ran without a disclaimer,≤100,2
106881482297981,Six-04,These ads ran without a disclaimer,≤100,1
110601208577334,Casa Senator Shop,These ads ran without a disclaimer,≤100,1
111658128847068,Amnesty International,These ads ran without a disclaimer,≤100,1
101469249233542,Lemon Reading,These ads ran without a disclaimer,≤100,1
109662488246997,Explore Haikou,These ads ran without a disclaimer,≤100,1
109197151930600,My Clean Energy,These ads ran without a disclaimer,≤100,1
1984620174988993,1945 Air Force,These ads ran without a disclaimer,≤100,1
104444729065513,Victoria Segovia,These ads ran without a disclaimer,≤100,2
105401362444586,America First News,These ads ran without a disclaimer,≤100,1
109776748588359,Source of_5,These ads ran without a disclaimer,≤100,1
220247148525333,Rabindranath Tagore Literary Prize,These ads ran without a disclaimer,≤100,1
101940222827835,Magic1419-03,These ads ran without a disclaimer,≤100,2
113067177682259,PMD - Dogs is my  world,These ads ran without a disclaimer,≤100,1
800018250057491,Direct Expose,These ads ran without a disclaimer,≤100,1
104128911658066,Our Funny Little Site Center,These ads ran without a disclaimer,≤100,1
208685479508187,U-Report Global,These ads ran without a disclaimer,≤100,5
100338301547923,Instantly Modern,These ads ran without a disclaimer,≤100,2
105953807950158,Tiệm Nail Z,These ads ran without a disclaimer,≤100,1
111132794348779,That Happened,These ads ran without a disclaimer,≤100,1
103013301743771,Global Environmental and Climate Conservation Initiative,These ads ran without a disclaimer,≤100,1
120773048603321,Payam Zamani,These ads ran without a disclaimer,≤100,4
816582735098905,CMG Media - 씨엠지미디어,These ads ran without a disclaimer,≤100,2
108779378799807,Magic1420-04,These ads ran without a disclaimer,≤100,1
880611255347800,Phoenix TV 鳳凰衛視,These ads ran without a disclaimer,≤100,1
108182517415789,Clever Classic,These ads ran without a disclaimer,≤100,1
100490729492964,Sebastian Bello,These ads ran without a disclaimer,≤100,3
102810102487619,Sarah Jones,These ads ran without a disclaimer,≤100,1
216955745709,Life of a 30-Something,These ads ran without a disclaimer,≤100,1
106803408804138,House Of Fun,These ads ran without a disclaimer,≤100,2
100432322646591,Magnom Properties,These ads ran without a disclaimer,≤100,1
109452985104987,Officialjombo1,These ads ran without a disclaimer,≤100,1
242351902481164,The Radical Tea Towel Company,These ads ran without a disclaimer,≤100,2
152292984850728,International Monetary Fund,These ads ran without a disclaimer,≤100,1
114927444840026,C301-19,These ads ran without a disclaimer,≤100,1
118981582262,Sid Roth's It's Supernatural,These ads ran without a disclaimer,≤100,1
100979089555293,Jose Bedoya,These ads ran without a disclaimer,≤100,1
316496640057,7iber,These ads ran without a disclaimer,≤100,12
104182388846502,jessicagasparoficial,These ads ran without a disclaimer,≤100,2
100151016279664,CHW 2023 Symposium Liberia,These ads ran without a disclaimer,≤100,1
756877521031964,CCTV+,These ads ran without a disclaimer,≤100,1
103783772159451,Vidbuzz,These ads ran without a disclaimer,≤100,2
106824494733100,Simbaly - Lifestyle,These ads ran without a disclaimer,≤100,1
116152304722251,Magic1420-03,These ads ran without a disclaimer,≤100,2
101956255632720,Jessica's Green Channel,These ads ran without a disclaimer,≤100,1
179336982603018,Stranger Than Life,These ads ran without a disclaimer,≤100,2
176104589110851,IEEE,These ads ran without a disclaimer,≤100,2
184818485437396,New People’s Movement,These ads ran without a disclaimer,≤100,1
102300279228311,MadeinChina,These ads ran without a disclaimer,≤100,1
103643615630405,Geek Spin - Stories,These ads ran without a disclaimer,≤100,2
101715608808670,Judgment Day: Angel of God,These ads ran without a disclaimer,≤100,5
114520504590182,Nandyala Hospitals,These ads ran without a disclaimer,≤100,1
102998939765184,Persian bms,These ads ran without a disclaimer,≤100,1
102713519413562,Hmy-pineapple0208a,These ads ran without a disclaimer,≤100,1
2418643321715898,Daily Stickers,These ads ran without a disclaimer,≤100,1
124377194285112,Jfranews - جفرا نيوز,These ads ran without a disclaimer,≤100,1
122775067736304,POWER magazine,These ads ran without a disclaimer,≤100,3
110258241441791,Pin-Up.com,These ads ran without a disclaimer,≤100,1
114496691584484,Dre2644,These ads ran without a disclaimer,≤100,1
101787968733573,New to Money,These ads ran without a disclaimer,≤100,1
7163962142,theory11,These ads ran without a disclaimer,≤100,9
109256028252137,The Money Time - News,These ads ran without a disclaimer,≤100,2
102999315759086,Ryélle,These ads ran without a disclaimer,≤100,1
103018419782973,ITU,These ads ran without a disclaimer,≤100,1
100276738975384,Glow Up Club,These ads ran without a disclaimer,≤100,3
109926774968672,"Shenzhen Top-Peak Electronics Co.,Ltd.",These ads ran without a disclaimer,≤100,2
212732770186,Tom MacDonald,These ads ran without a disclaimer,≤100,1
179989282086901,Warriors of the Divine,These ads ran without a disclaimer,≤100,1
110993941170214,ChidoBook,These ads ran without a disclaimer,≤100,1
1589154051350606,FOZ - Friends of Zion Museum,These ads ran without a disclaimer,≤100,2
101388509327100,Extra famous,These ads ran without a disclaimer,≤100,2
101105049294796,CNN Business Arabic الاقتصادية CNN,These ads ran without a disclaimer,≤100,1
105192912210418,Moto Demic,These ads ran without a disclaimer,≤100,1
110496334007723,Art for Introvert,These ads ran without a disclaimer,≤100,1
137223326998592,Ashleyjtoddblog,These ads ran without a disclaimer,≤100,1
129366111456,Jamaica Information Service,These ads ran without a disclaimer,≤100,1
218798922334223,COFCO,These ads ran without a disclaimer,≤100,3
110858857896765,Travel Stories For You,These ads ran without a disclaimer,≤100,1
105686442303512,CTGI,These ads ran without a disclaimer,≤100,2
105538155505026,Smart doc,These ads ran without a disclaimer,≤100,2
709430982419756,Thermo King Latinoamérica,These ads ran without a disclaimer,≤100,1
108032140896788,Funny Posts,These ads ran without a disclaimer,≤100,1
100661818730059,Judgement Day: Decide It,These ads ran without a disclaimer,≤100,3
110248534774812,Lock Magic,These ads ran without a disclaimer,≤100,1
100846489215390,Cactus Cat,These ads ran without a disclaimer,≤100,1
108338745334784,Full Disclosure,These ads ran without a disclaimer,≤100,2
101998658413144,Black Streak Anime,These ads ran without a disclaimer,≤100,5
146969275374981,Calabash TV,These ads ran without a disclaimer,≤100,1
113374680226381,UnPasted,These ads ran without a disclaimer,≤100,3
103733191524431,Liuxininbeijing,These ads ran without a disclaimer,≤100,4
387062522084757,The Dressing Blog,These ads ran without a disclaimer,≤100,1
213000859039052,SANY Group,These ads ran without a disclaimer,≤100,1
111361091313,NICABM,These ads ran without a disclaimer,≤100,11
112660488153374,Lif_efulpatiy,These ads ran without a disclaimer,≤100,1
164432246934163,Chopard,These ads ran without a disclaimer,≤100,2
118311364525571,Awe04,These ads ran without a disclaimer,≤100,1
70877580782,IFC - International Finance Corporation,These ads ran without a disclaimer,≤100,1
128466876911,Amy Lynn Smith - Writer + Strategist,These ads ran without a disclaimer,≤100,1
425468610983737,Culture Creators,These ads ran without a disclaimer,≤100,1
106423254910166,Le Docteur Aicha Yatabary,These ads ran without a disclaimer,≤100,1
246623842439048,Migrants & Refugees Section,These ads ran without a disclaimer,≤100,2
388035041774653,Monique Stephanie,These ads ran without a disclaimer,≤100,3
21508860465,International Center for Journalists,These ads ran without a disclaimer,≤100,1
133945616646913,RioOnWatch.org,These ads ran without a disclaimer,≤100,3
150294649018041,Julia Murça,These ads ran without a disclaimer,≤100,1
1584694275128924,Issues - Pane Nyaya,These ads ran without a disclaimer,≤100,2
270082823183144,Canton Fair,These ads ran without a disclaimer,≤100,3
112757083778788,"Economic Daily, China",These ads ran without a disclaimer,≤100,22
1637307879891739,CARICOM.Energy,These ads ran without a disclaimer,≤100,1
171522852874952,Juventus,These ads ran without a disclaimer,≤100,1
103659765532260,華夏focus,These ads ran without a disclaimer,≤100,5
101709112541673,Yom Stories,These ads ran without a disclaimer,≤100,1
1010847105623136,NowThis Earth,These ads ran without a disclaimer,≤100,3
100660105981663,The Daily Drive,These ads ran without a disclaimer,≤100,1
103590738209058,Maria Clara,These ads ran without a disclaimer,≤100,1
102351118321066,The Old Gazette,These ads ran without a disclaimer,≤100,1
101988962610490,Spread The Good,These ads ran without a disclaimer,≤100,1
315543515306,Jing Daily,These ads ran without a disclaimer,≤100,2
105806708960852,Webfic - Read Romance Story,These ads ran without a disclaimer,≤100,4
1478930005708038,TomorroWoman,These ads ran without a disclaimer,≤100,2
101474672367263,YouthxYouth,These ads ran without a disclaimer,≤100,2
109762158400899,B Apps advertise,These ads ran without a disclaimer,≤100,2
479056685476395,T1International,These ads ran without a disclaimer,≤100,2
103719628685489,Territories Talk,These ads ran without a disclaimer,≤100,2
103286731467883,Psychedelic Spotlight,These ads ran without a disclaimer,≤100,9
280879368774303,EntendendoiPhone,These ads ran without a disclaimer,≤100,1
105648402241230,Join the dots,These ads ran without a disclaimer,≤100,3
500243826689996,Wisdom of Solomon's Proverbs,These ads ran without a disclaimer,≤100,3
266790296879,Bloomberg,These ads ran without a disclaimer,≤100,3
759323920910853,Sandra Linda,These ads ran without a disclaimer,≤100,1
8539814909,International Animal Rescue,These ads ran without a disclaimer,≤100,6
897091320427120,LSE International Inequalities Institute,These ads ran without a disclaimer,≤100,1
112221226917224,RPS,These ads ran without a disclaimer,≤100,1
102567386503340,Ed Young,These ads ran without a disclaimer,≤100,1
107982141982514,Reimagine.meha,These ads ran without a disclaimer,≤100,1
371227786709544,Refund Express LLC,These ads ran without a disclaimer,≤100,2
563065237146155,Latindadd,These ads ran without a disclaimer,≤100,1
114507271987242,IVECA International Virtual Schooling,These ads ran without a disclaimer,≤100,1
429957570419097,Professor Israel,These ads ran without a disclaimer,≤100,1
466173110104582,"El-Shaddai Ministry, Jesus Is Alive Global Worship Centre",These ads ran without a disclaimer,≤100,2
108645111787252,Discover Guilin,These ads ran without a disclaimer,≤100,1
112210295510027,World Zionist Organization - ההסתדרות הציונית העולמית,These ads ran without a disclaimer,≤100,1
105012451157797,Uniathena - Short Courses,These ads ran without a disclaimer,≤100,1
105474945042875,Mission:JOY,These ads ran without a disclaimer,≤100,1
135799599823455,Arboricultural Association,These ads ran without a disclaimer,≤100,2
847260315320975,"The Good Men Project Ethics, Social Justice & News",These ads ran without a disclaimer,≤100,1
102732622719164,Quatre-03,These ads ran without a disclaimer,≤100,1
111071828580081,Wsp25,These ads ran without a disclaimer,≤100,1
101132541967404,ESG Investing,These ads ran without a disclaimer,≤100,1
343731779325769,Pastor Tinu George,These ads ran without a disclaimer,≤100,1
188890111132385,Oxford Academic (Oxford University Press),These ads ran without a disclaimer,≤100,2
128985777176957,Church Life Journal,These ads ran without a disclaimer,≤100,2
144911548888636,Eclipse CCTV,These ads ran without a disclaimer,≤100,1
109872218653593,American SolarX,These ads ran without a disclaimer,≤100,1
106441365472578,SwineTalks_es,These ads ran without a disclaimer,≤100,1
103119027899256,Caribbean Climate-Smart Accelerator,These ads ran without a disclaimer,≤100,2
109755664976719,Ginger's Notebook,These ads ran without a disclaimer,≤100,1
108584201404731,La Civiltà Cattolica - Edición en español,These ads ran without a disclaimer,≤100,2
100628196203081,Gwotpmhubbb,These ads ran without a disclaimer,≤100,1
391387864969982,Prisoners Defenders,These ads ran without a disclaimer,≤100,3
114061111633501,Mc01-36,These ads ran without a disclaimer,≤100,1
184494515713,On The Run With P,These ads ran without a disclaimer,≤100,1
6756153498,Mike Bloomberg,These ads ran without a disclaimer,≤100,2
105955335714645,Exsprout-store,These ads ran without a disclaimer,≤100,1
106300349078917,Thomas Zaugg,These ads ran without a disclaimer,≤100,1
112173785152601,Bee Viable,These ads ran without a disclaimer,≤100,1
101466184613456,Fuzzy Times,These ads ran without a disclaimer,≤100,1
102915915537661,5irechain,These ads ran without a disclaimer,≤100,2
111112345239007,Mc01-23,These ads ran without a disclaimer,≤100,1
128408183883210,The Salvation Army - Caribbean Territory,These ads ran without a disclaimer,≤100,1
157744694272310,We Like You All,These ads ran without a disclaimer,≤100,1
113232131368916,Cas Reading,These ads ran without a disclaimer,≤100,1
101054365776547,Charming Changzhou,These ads ran without a disclaimer,≤100,3
2337862536486729,Kachem young initiative,These ads ran without a disclaimer,≤100,1
101853479470366,Weregreenly,These ads ran without a disclaimer,≤100,4
100466846248633,AI Mage,These ads ran without a disclaimer,≤100,1
107641855255868,Shovesolida,These ads ran without a disclaimer,≤100,3
10423517786,Harvard Business Review,These ads ran without a disclaimer,≤100,1
110979294923104,Secretos de la Música,These ads ran without a disclaimer,≤100,1
821430017924241,Sungrow,These ads ran without a disclaimer,≤100,2
281010408760078,Marketplace Excellence,These ads ran without a disclaimer,≤100,1
104038995679569,Happy Night Night,These ads ran without a disclaimer,≤100,2
241664783089008,Xin,These ads ran without a disclaimer,≤100,1
106231002413436,Awe14,These ads ran without a disclaimer,≤100,1
105065085534753,Yom Reading,These ads ran without a disclaimer,≤100,1
581961658564804,Learn Chinese,These ads ran without a disclaimer,≤100,2
102257292713372,Alejandra Morales,These ads ran without a disclaimer,≤100,2
219612384781411,Bloomberg Philanthropies,These ads ran without a disclaimer,≤100,8
250305668489402,Professor Kenny,These ads ran without a disclaimer,≤100,1
111254080238119,ZenLyfe,These ads ran without a disclaimer,≤100,1
111622410196045,State of Youth,These ads ran without a disclaimer,≤100,6
153371894688575,World Bank,These ads ran without a disclaimer,≤100,1
105339635550497,Curieous,These ads ran without a disclaimer,≤100,1
109618608579864,All beautiful things,These ads ran without a disclaimer,≤100,3
123546032572,Eppendorf Group,These ads ran without a disclaimer,≤100,1
1691592084439054,Goodwill Caravan,These ads ran without a disclaimer,≤100,1
154680184946903,Superplastic,These ads ran without a disclaimer,≤100,1
150710244948176,Numotus,These ads ran without a disclaimer,≤100,1
106130305763469,dialecthica,These ads ran without a disclaimer,≤100,1
152914224736727,Banco Mundial,These ads ran without a disclaimer,≤100,7
102280419394222,Money Me,These ads ran without a disclaimer,≤100,1
118606061493541,World Innovation Summit for Education - WISE,These ads ran without a disclaimer,≤100,1
1520817248199898,Yutong Bus & Coach,These ads ran without a disclaimer,≤100,1
141289332596921,PECB,These ads ran without a disclaimer,≤100,1
110554411884574,Nils and Avaz,These ads ran without a disclaimer,≤100,1
104305092258023,Modernizationary,These ads ran without a disclaimer,≤100,1
108148018559192,Haga Stories,These ads ran without a disclaimer,≤100,1
207514629334623,قراءات إفريقية,These ads ran without a disclaimer,≤100,1
114053828319874,HL Connection #3,These ads ran without a disclaimer,≤100,1
105986175239619,Sea Creature Love,These ads ran without a disclaimer,≤100,5
103359502599992,DailyFox,These ads ran without a disclaimer,≤100,1
100533846304731,Magic1508-02,These ads ran without a disclaimer,≤100,1
189232005248268,CTG,These ads ran without a disclaimer,≤100,8
137704262972584,MobiHealthNews,These ads ran without a disclaimer,≤100,1
146647705406390,Minority Rights Group International,These ads ran without a disclaimer,≤100,3
106942452264389,Fashion Globe,These ads ran without a disclaimer,≤100,1
105480725706202,Consejos de internet,These ads ran without a disclaimer,≤100,1
115905677764391,Tes Reading,These ads ran without a disclaimer,≤100,1
114247604036354,Инфограф,These ads ran without a disclaimer,≤100,1
212864082137,Mike Manning,These ads ran without a disclaimer,≤100,1
105480455297597,Johnson & Johnson Medical Devices Brasil,These ads ran without a disclaimer,≤100,1
110153421120306,Tiptoppo,These ads ran without a disclaimer,≤100,1
105320754901854,Me Time - World,These ads ran without a disclaimer,≤100,1
101202352602558,Syncbox,These ads ran without a disclaimer,≤100,1
1802248836771260,Weird Little Tales,These ads ran without a disclaimer,≤100,3
105469568721137,Kissy - Find Your Partner for Free,These ads ran without a disclaimer,≤100,1
531473780365527,Wakeupeverybody242,These ads ran without a disclaimer,≤100,1
114866079891340,Trivia.com,These ads ran without a disclaimer,≤100,1
21591025194,The University of Melbourne,These ads ran without a disclaimer,≤100,1
100277559413886,Music Legend Fan,These ads ran without a disclaimer,≤100,1
7248739415,YOOX,These ads ran without a disclaimer,≤100,1
101102146045080,Skyway News,These ads ran without a disclaimer,≤100,1
179421405524768,Economy Rent a Car,These ads ran without a disclaimer,≤100,4
108856464708658,Parenting 101 Stories,These ads ran without a disclaimer,≤100,1
107096751429673,Animal Post,These ads ran without a disclaimer,≤100,3
105646628242035,Money Sense,These ads ran without a disclaimer,≤100,1
115444524830093,Wsp17,These ads ran without a disclaimer,≤100,1
574493653232980,Narayan Patel MLA,These ads ran without a disclaimer,≤100,1
100704405579086,Claudel Noubissie International Consulting,These ads ran without a disclaimer,≤100,1
425297090970774,YANMAR MARINE INTERNATIONAL,These ads ran without a disclaimer,≤100,1
109501631856985,Gencestyle,These ads ran without a disclaimer,≤100,2
109286412108769,Wsp42,These ads ran without a disclaimer,≤100,1
169687486427698,Jentezen Franklin,These ads ran without a disclaimer,≤100,1
108401761986142,Authorised reseller Hrvatska,These ads ran without a disclaimer,≤100,1
414426511932868,"Trump International, Scotland",These ads ran without a disclaimer,≤100,1
1550315038410876,FOUR Magazine,These ads ran without a disclaimer,≤100,1
109086221828636,Her Moments,These ads ran without a disclaimer,≤100,1
115876737768237,Cas Stories,These ads ran without a disclaimer,≤100,2
101885509497035,Jc-35,These ads ran without a disclaimer,≤100,1
101987405778195,Crispy Pepper,These ads ran without a disclaimer,≤100,2
240336477689,FastPro-Secure&Fast-2,These ads ran without a disclaimer,≤100,1
106794077936083,Epic Feed,These ads ran without a disclaimer,≤100,2
105363750882345,Young Activists Summit,These ads ran without a disclaimer,≤100,9
155772124463402,Travel + Leisure Southeast Asia,These ads ran without a disclaimer,≤100,1
285530825204,Klitschko,These ads ran without a disclaimer,≤100,59
706061016415258,Organic & Natural Expo Dubai,These ads ran without a disclaimer,≤100,2
112237838444717,Visionary Empowerment and the Pro-Black Movement,These ads ran without a disclaimer,≤100,1
629197097193241,Success Resources,These ads ran without a disclaimer,≤100,1
111443878326988,Pro Fun Magazine,These ads ran without a disclaimer,≤100,1
730460987154021,PostFun,These ads ran without a disclaimer,≤100,1
310943025606302,World Cancer Day,These ads ran without a disclaimer,≤100,3
106827194681183,Africa Equity Media,These ads ran without a disclaimer,≤100,11
1670459499903765,Sunny Bunny Solar,These ads ran without a disclaimer,≤100,2
106883638833589,El Cambio Posible,These ads ran without a disclaimer,≤100,1
107961711525905,Weekly Pets,These ads ran without a disclaimer,≤100,1
112257905059345,Big Globe Travel,These ads ran without a disclaimer,≤100,1
100168528978115,It's Time to Chill,These ads ran without a disclaimer,≤100,3
167878593236712,UNICEF en español,These ads ran without a disclaimer,≤100,1
103049355826825,Caribbean Figures,These ads ran without a disclaimer,≤100,5
112902048316129,African Leaders' Tête À Tête,These ads ran without a disclaimer,≤100,1
276379069892534,Spotlight Initiative,These ads ran without a disclaimer,≤100,1
100629852697745,Get Wisdom,These ads ran without a disclaimer,≤100,1
643647332320553,Orient - أورينت,These ads ran without a disclaimer,≤100,1
110980888642151,Twibbon April,These ads ran without a disclaimer,≤100,4
103304472445184,Blushbridemda,These ads ran without a disclaimer,≤100,1
315659968914693,FICEM,These ads ran without a disclaimer,≤100,1
685161778223108,Sarah Lee - Entertainer,These ads ran without a disclaimer,≤100,1
101236935303293,Trivia.com - Trivia,These ads ran without a disclaimer,≤100,3
114797118561022,Breda University of Applied Sciences,These ads ran without a disclaimer,≤100,2
79511407410,Mercedes-AMG Petronas F1 Team,These ads ran without a disclaimer,≤100,1
105221409082542,California001,These ads ran without a disclaimer,≤100,1
159655254060987,zChocolat.com,These ads ran without a disclaimer,≤100,1
102591285814215,Seamocks,These ads ran without a disclaimer,≤100,4
117777647908592,Casa de Cultura Os Capoeira - SP,These ads ran without a disclaimer,≤100,1
102737908598361,Corporación Educativa Interactiva,These ads ran without a disclaimer,≤100,1
102838882271105,NovelReader,These ads ran without a disclaimer,≤100,3
168784053795347,Fondo Monetario Internacional,These ads ran without a disclaimer,≤100,1
235227333257470,Air Charter Service,These ads ran without a disclaimer,≤100,1
1396991720561689,Steve Harvey,These ads ran without a disclaimer,≤100,2
318711818130,Boot Camp Digital,These ads ran without a disclaimer,≤100,1
111078398487961,London002,These ads ran without a disclaimer,≤100,1
101359732304206,Share_M113_x2,These ads ran without a disclaimer,≤100,1
104932875176237,Traveling Getaways,These ads ran without a disclaimer,≤100,1
115862384784242,Mc01-17,These ads ran without a disclaimer,≤100,1
105257432441286,T1215-7,These ads ran without a disclaimer,≤100,1
100471966283125,Bonjour-12,These ads ran without a disclaimer,≤100,1
117039841320523,Big Pink Youth Dialogue,These ads ran without a disclaimer,≤100,1
105353931661587,Abolitionist Strategy,These ads ran without a disclaimer,≤100,1
112677355040402,MelaEducate,These ads ran without a disclaimer,≤100,1
102497746096944,WiN FUND,These ads ran without a disclaimer,≤100,2
223495844457800,China Plus Culture,These ads ran without a disclaimer,≤100,6
422058765246961,Great Wall Motor,These ads ran without a disclaimer,≤100,1
1834313933459789,BBC StoryWorks,These ads ran without a disclaimer,≤100,2
108576277410743,The Next Hour,These ads ran without a disclaimer,≤100,3
1740336349557186,Colby Jeffers,These ads ran without a disclaimer,≤100,1
103175548153206,China Huaneng in Cambodia,These ads ran without a disclaimer,≤100,1
918318338180165,CHINT GROUP,These ads ran without a disclaimer,≤100,2
102415047928145,Shanghai Electric,These ads ran without a disclaimer,≤100,1
106316085606854,Source of_4,These ads ran without a disclaimer,≤100,2
106712808491049,Travelpedia,These ads ran without a disclaimer,≤100,1
100525605800075,Meet and Greet,These ads ran without a disclaimer,≤100,2
842906519089852,IPBES,These ads ran without a disclaimer,≤100,1
324253041382779,Xavier Cormier,These ads ran without a disclaimer,≤100,3
1617753965111540,Oil and Gas World/Oil Sands Strong,These ads ran without a disclaimer,≤100,1
119257941437791,Allianz Care,These ads ran without a disclaimer,≤100,1
140010018214626,Moneymade Lifestyle,These ads ran without a disclaimer,≤100,1
110014871862485,Light03,These ads ran without a disclaimer,≤100,2
151609045347,Made-in-China.com,These ads ran without a disclaimer,≤100,2
1515909005308067,"Discover Nanjing, China",These ads ran without a disclaimer,≤100,4
114255587914662,Peace over Hate,These ads ran without a disclaimer,≤100,2
198722273488352,The World's 50 Best Restaurants,These ads ran without a disclaimer,≤100,1
360036685086571,Our Funny Little Site Shorts,These ads ran without a disclaimer,≤100,1
174532709290967,FBS Markets Inc.,These ads ran without a disclaimer,≤100,1
109600871933811,Elena Kalen,These ads ran without a disclaimer,≤100,1
108452731838045,RecoveryNice-UK,These ads ran without a disclaimer,≤100,2
1174624266039688,Finding me in Scripture-At Work,These ads ran without a disclaimer,≤100,1
338205530623,قناة الحوار - Alhiwar TV,These ads ran without a disclaimer,≤100,1
107169341928789,Gog Reading,These ads ran without a disclaimer,≤100,1
287350275114316,Car Tribe,These ads ran without a disclaimer,≤100,1
107996315091233,月旦港事,These ads ran without a disclaimer,≤100,6
116040548103075,Wsp40,These ads ran without a disclaimer,≤100,1
105554772054684,Thunderbros,These ads ran without a disclaimer,≤100,4
348531276233537,Koala Mag,These ads ran without a disclaimer,≤100,9
217065798665069,Bob's Hideout,These ads ran without a disclaimer,≤100,1
363388004312003,STAEDTLERinst,These ads ran without a disclaimer,≤100,2
101654825098809,Ecologie et Bienveillance,These ads ran without a disclaimer,≤100,2
105039671446711,Funky Hippo,These ads ran without a disclaimer,≤100,1
109514650629878,pete_nice27,These ads ran without a disclaimer,≤100,1
106170661628518,香港V,These ads ran without a disclaimer,≤100,1
700265134151964,LAIT UP BELIZE,These ads ran without a disclaimer,≤100,1
517231405008910,Global Landscapes Forum,These ads ran without a disclaimer,≤100,8
1005121266361411,Safiri TV & Film,These ads ran without a disclaimer,≤100,1
96222644025,Sacramento Kings,These ads ran without a disclaimer,≤100,1
100247219402175,The Clever Protagonist,These ads ran without a disclaimer,≤100,2
1587313088233587,Ideagen,These ads ran without a disclaimer,≤100,1
2064451320451155,GHIS,These ads ran without a disclaimer,≤100,2
427747764026807,ShanghaiEye,These ads ran without a disclaimer,≤100,1
100211619492021,fanakameanssuccess,These ads ran without a disclaimer,≤100,1
107173698926440,Rindiendo en casa,These ads ran without a disclaimer,≤100,2
100255182999789,Magic1508-06,These ads ran without a disclaimer,≤100,1
621558921559052,Risk & Insurance,These ads ran without a disclaimer,≤100,1
101933768938796,Autos101 Content,These ads ran without a disclaimer,≤100,1
1675360659149686,University of Aberdeen School of Geosciences,These ads ran without a disclaimer,≤100,1
107280108323471,One Garden - Community for the Curious,These ads ran without a disclaimer,≤100,1
109366202094307,Youwei-028,These ads ran without a disclaimer,≤100,1
109774355372385,Suda-035,These ads ran without a disclaimer,≤100,1
19595510126,Annual Reviews,These ads ran without a disclaimer,≤100,1
103970125792852,Real Weird History,These ads ran without a disclaimer,≤100,1
2384287768470877,מוזיאון ידידי ישראל,These ads ran without a disclaimer,≤100,1
289397611132,Working Ranch Magazine,These ads ran without a disclaimer,≤100,1
107011388510535,Sunday Stories,These ads ran without a disclaimer,≤100,1
101690555263014,Thoughts Crystal,These ads ran without a disclaimer,≤100,1
102781465808542,Done Daily,These ads ran without a disclaimer,≤100,1
107393234917283,Travel Marvel,These ads ran without a disclaimer,≤100,1
109068941386020,LifestyleA2Z,These ads ran without a disclaimer,≤100,2
630924141178792,Sneaker Toast,These ads ran without a disclaimer,≤100,7
103960591568992,Rich Patrol,These ads ran without a disclaimer,≤100,1
185139171667,Daymond John,These ads ran without a disclaimer,≤100,1
50461955643,UNSW,These ads ran without a disclaimer,≤100,1
235123059866368,"Hitachi, Ltd. -Global",These ads ran without a disclaimer,≤100,1
116669058003433,Magic1674-04,These ads ran without a disclaimer,≤100,1
110388598280411,Nk Reading,These ads ran without a disclaimer,≤100,1
134571176638205,One Tree Planted,These ads ran without a disclaimer,≤100,5
151409322217001,Berlin School of Business & Innovation - BSBI,These ads ran without a disclaimer,≤100,2
101870075819003,Playflock CY,These ads ran without a disclaimer,≤100,1
111535028099492,New Reality,These ads ran without a disclaimer,≤100,1
138702552827157,Business Traveller UK,These ads ran without a disclaimer,≤100,1
100199989426473,Become A Good Ancestor,These ads ran without a disclaimer,≤100,2
366107457198874,Rise of Kingdoms,These ads ran without a disclaimer,≤100,2
117002277093851,Celeb Insider,These ads ran without a disclaimer,≤100,1
104013541845788,Xinchen-Gerald Xu,These ads ran without a disclaimer,≤100,1
109084044253164,Moms Only,These ads ran without a disclaimer,≤100,4
1570967143115767,Faith In His Blood . Org,These ads ran without a disclaimer,≤100,1
347265340270,Architecture Competitions,These ads ran without a disclaimer,≤100,1
1694446627479899,GBLF - Leaders Summit,These ads ran without a disclaimer,≤100,1
105731052360491,Global OTEC,These ads ran without a disclaimer,≤100,1
260401648038890,Science101,These ads ran without a disclaimer,≤100,1
349843052298284,Coaching UP - International University of Coaching Development,These ads ran without a disclaimer,≤100,1
102057912815989,Magic1423-01,These ads ran without a disclaimer,≤100,1
100697685391654,CGTV LIVE_English,These ads ran without a disclaimer,≤100,2
103929791073860,Inside Telecom,These ads ran without a disclaimer,≤100,1
105022575846560,Magic1674-01,These ads ran without a disclaimer,≤100,1
2221080737914155,OnMyMind,These ads ran without a disclaimer,≤100,2
141271779363886,Christian Harfouche,These ads ran without a disclaimer,≤100,3
102096062812204,Magic1420-02,These ads ran without a disclaimer,≤100,3
1823807254333065,Soy Más País,These ads ran without a disclaimer,≤100,1
438651852841000,COLEAD.link,These ads ran without a disclaimer,≤100,1
102761179431366,Awe09,These ads ran without a disclaimer,≤100,2
7268844551,Rotary International,These ads ran without a disclaimer,≤100,1
427884427330834,Cafe 125 & Cook's Country Grocery Store-Topplez Corporation,These ads ran without a disclaimer,≤100,1
106057958885632,docbotic,These ads ran without a disclaimer,≤100,1
1579920062256328,Custom Content from WSJ,These ads ran without a disclaimer,≤100,1
769095856453652,Axel Arigato,These ads ran without a disclaimer,≤100,1
102386151868694,Graduatez - Graduation,These ads ran without a disclaimer,≤100,1
1642929092406128,Knowable Magazine,These ads ran without a disclaimer,≤100,1
100119972767683,Aircraft Lover,These ads ran without a disclaimer,≤100,1
107045435541723,abogadacarmelia,These ads ran without a disclaimer,≤100,1
109767087476800,The Breadfruit Collective,These ads ran without a disclaimer,≤100,1
378796415568701,Skyeng: онлайн-школа английского языка,These ads ran without a disclaimer,≤100,1
105794328926903,Hypersonic Aircraft,These ads ran without a disclaimer,≤100,1
372730414520,IDB Lab,These ads ran without a disclaimer,≤100,1
1456172994602986,Beacon of Hope,These ads ran without a disclaimer,≤100,1
101880652834465,Magic1602-01,These ads ran without a disclaimer,≤100,1
1198498803640966,The East Gate,These ads ran without a disclaimer,≤100,2
103486405407498,Visit Danzhou,These ads ran without a disclaimer,≤100,1
256346654515877,Mercury Marine Latin America/Caribbean,These ads ran without a disclaimer,≤100,1
107012889004061,Awe18,These ads ran without a disclaimer,≤100,1
421156768079684,Show China,These ads ran without a disclaimer,≤100,1
121134828035788,Golden Gate Sports,These ads ran without a disclaimer,≤100,2
102207552798601,Youth clicks,These ads ran without a disclaimer,≤100,1
105936207857939,soleil.space,These ads ran without a disclaimer,≤100,2
1881543645439590,Tech It Out with Yang Zhao,These ads ran without a disclaimer,≤100,3
104942321495828,Tian Wei at work,These ads ran without a disclaimer,≤100,3
8002590959,Rainforest Action Network - RAN,These ads ran without a disclaimer,≤100,8
101978933230493,DHL,These ads ran without a disclaimer,≤100,2
100783459405207,Carlos Lima,These ads ran without a disclaimer,≤100,1
105555335645670,Fidelandnikky,These ads ran without a disclaimer,≤100,1
986013844824671,In Zhejiang,These ads ran without a disclaimer,≤100,1
95775573753,Frontiers,These ads ran without a disclaimer,≤100,5
105244831337004,Tomàs Aquino Mundial.,These ads ran without a disclaimer,≤100,1
1285540898206012,Zimbabwe Farm Project,These ads ran without a disclaimer,≤100,1
412409048849179,Behold Israel,These ads ran without a disclaimer,≤100,3
1065631633538453,Physicians Across Continents,These ads ran without a disclaimer,≤100,3
462848513792011,国家大剧院National Centre for the Performing Arts,These ads ran without a disclaimer,≤100,1
211444925538162,Socially Tuned,These ads ran without a disclaimer,≤100,8
103128059291677,Saaraba,These ads ran without a disclaimer,≤100,2
104057545940798,Jh26-9,These ads ran without a disclaimer,≤100,1
105978748725770,Tophotred-G,These ads ran without a disclaimer,≤100,1
228205083927220,Copenhagen Business School MBA,These ads ran without a disclaimer,≤100,1
1039675682714205,스브스뉴스,These ads ran without a disclaimer,≤100,4
200990963441531,Boredom Therapy,These ads ran without a disclaimer,≤100,1
362991517395753,Cinzia Signoretti - Fantasticane,These ads ran without a disclaimer,≤100,1
1896684277254815,Sebastian Beja,These ads ran without a disclaimer,≤100,1
131189377574,MDPI,These ads ran without a disclaimer,≤100,30
1590877284560136,Patti Harris,These ads ran without a disclaimer,≤100,5
104241432586478,Jox-16,These ads ran without a disclaimer,≤100,1
105371218233740,Every Day Koala Story,These ads ran without a disclaimer,≤100,1
852370551453606,GARP,These ads ran without a disclaimer,≤100,2
108346835339219,Golden Era Files,These ads ran without a disclaimer,≤100,1
105074565690912,felotin,These ads ran without a disclaimer,≤100,1
110113055153318,Claudia Mota,These ads ran without a disclaimer,≤100,1
101056649075799,丁丁的lens,These ads ran without a disclaimer,≤100,1
416963101691139,Play360,These ads ran without a disclaimer,≤100,1
105613698892107,Luiza Alcantara,These ads ran without a disclaimer,≤100,1
102878304613665,Global Heroes,These ads ran without a disclaimer,≤100,1
75608370019,United States Institute of Peace,These ads ran without a disclaimer,≤100,23
458062497660585,Little Spiral,These ads ran without a disclaimer,≤100,1
105610515592733,Leticia Rangel Freitas,These ads ran without a disclaimer,≤100,1
111226201784446,Global Jobs Alert,These ads ran without a disclaimer,≤100,1
110544031660373,Enjoy Love Story,These ads ran without a disclaimer,≤100,1
112371764682588,Invisible War Army,These ads ran without a disclaimer,≤100,1
106699788869883,China Railway,These ads ran without a disclaimer,≤100,1
1041958629230034,Breathofairtestimonies,These ads ran without a disclaimer,≤100,1
185561295623272,Move To Help Foundation,These ads ran without a disclaimer,≤100,4
279083325560817,Running Out of Time,These ads ran without a disclaimer,≤100,6
102839539066726,Motor-Wheel,These ads ran without a disclaimer,≤100,2
109417718569522,Plat Service,These ads ran without a disclaimer,≤100,1
191367330892004,UBC Engineering,These ads ran without a disclaimer,≤100,1
1418847414842462,Asia Youth International MUN,These ads ran without a disclaimer,≤100,2
257045211013828,San Antonio Spurs Pro,These ads ran without a disclaimer,≤100,1
112192393947217,Cleanup: Phone Storage Cleaner,These ads ran without a disclaimer,≤100,1
108527654799263,Discovery & Lifestyle,These ads ran without a disclaimer,≤100,1
102082139313736,Spyn Inc,These ads ran without a disclaimer,≤100,1
181802599962919,Excel Guyana,These ads ran without a disclaimer,≤100,1
100617599250020,XuQinduo,These ads ran without a disclaimer,≤100,1
108168278262981,Energy Connects,These ads ran without a disclaimer,≤100,1
104404948072,Ema Arius,These ads ran without a disclaimer,≤100,3
101654211887389,Jerusalem Online - Arts & Culture,These ads ran without a disclaimer,≤100,1
10606591490,TIME,These ads ran without a disclaimer,≤100,4
119405895873,Huawei,These ads ran without a disclaimer,≤100,9
106068488158725,Graduatez - College Journey,These ads ran without a disclaimer,≤100,3
108592178570763,Janebrave,These ads ran without a disclaimer,≤100,1
23596074088,Dazed and Confused Magazine,These ads ran without a disclaimer,≤100,9
109988155233200,MisterAwesome,These ads ran without a disclaimer,≤100,1
106386888743470,Ordinarilyla.com,These ads ran without a disclaimer,≤100,2
155174084508744,Banque mondiale,These ads ran without a disclaimer,≤100,7
100689636310150,Waokeem-EU,These ads ran without a disclaimer,≤100,1
100344992990530,Magic1418-02,These ads ran without a disclaimer,≤100,1
126052760507,Mama Cash,These ads ran without a disclaimer,≤100,2
1017490151713022,ICOM General Conference,These ads ran without a disclaimer,≤100,1
229584730414018,VenSai Enterprises Inc.,These ads ran without a disclaimer,≤100,1
104293465844689,Malong002,These ads ran without a disclaimer,≤100,1
109945565296604,Black Kids' Health,These ads ran without a disclaimer,≤100,1
105078391598594,To Be Or,These ads ran without a disclaimer,≤100,1
109558851991088,Mazhawang01,These ads ran without a disclaimer,≤100,1
111827148225737,Mauricio Leite,These ads ran without a disclaimer,≤100,1
195138202091,Parentz Talk,These ads ran without a disclaimer,≤100,1
94199711897,Hábitat para la Humanidad,These ads ran without a disclaimer,≤100,2
101055602163554,Too Cool - Stories,These ads ran without a disclaimer,≤100,3
1769843716586707,Caribbean Policy Development Centre - CPDC,These ads ran without a disclaimer,≤100,5
105994068254820,Menkay,These ads ran without a disclaimer,≤100,2
105741532048451,Fluffy Worldwide,These ads ran without a disclaimer,≤100,9
100913549609447,Balanced Bites,These ads ran without a disclaimer,≤100,1
1876706275875274,News Moves Markets Forex,These ads ran without a disclaimer,≤100,1
101922875434564,Road to Vintage - Music,These ads ran without a disclaimer,≤100,1
106717575693307,Yu-56,These ads ran without a disclaimer,≤100,1
124252504303223,UNICEF (FR),These ads ran without a disclaimer,≤100,1
110322744888755,Trendyspread shop,These ads ran without a disclaimer,≤100,3
284820978207661,Macmillan Caribbean,These ads ran without a disclaimer,≤100,1
170042611753,American University of Antigua,These ads ran without a disclaimer,≤100,1
100389584753891,The University of British Columbia Magazine,These ads ran without a disclaimer,≤100,1
103496435538391,"Finding Peace-A Spiritual, Physical, Mental and Emotional interconnectivity",These ads ran without a disclaimer,≤100,1
152000511496023,UBC Sauder School of Business,These ads ran without a disclaimer,≤100,1
100771065462417,UNIFYD,These ads ran without a disclaimer,≤100,2
106321962111925,taboo_empower,These ads ran without a disclaimer,≤100,1
113919231614263,Magic1419-01,These ads ran without a disclaimer,≤100,2
220832481274508,Premier League,These ads ran without a disclaimer,≤100,2
100738672408911,Magic Lock,These ads ran without a disclaimer,≤100,1
267757110537958,The House,These ads ran without a disclaimer,≤100,1
174806462881204,Medical News,These ads ran without a disclaimer,≤100,2
148543868418,STEYR Traktoren,These ads ran without a disclaimer,≤100,1
109484729082711,Climate Tracker,These ads ran without a disclaimer,≤100,1
19740928752,World Animal Protection,These ads ran without a disclaimer,≤100,1
148040755265807,Caribbean Export Development Agency,These ads ran without a disclaimer,≤100,1
102199795319206,Pablo Marçal Oficial,These ads ran without a disclaimer,≤100,4
136235250405370,The Fashion Ball,These ads ran without a disclaimer,≤100,2
115255551512341,Mc01-25,These ads ran without a disclaimer,≤100,1
447178272144612,Udit Goenka,These ads ran without a disclaimer,≤100,4
1592983857598216,China Eastern Airlines,These ads ran without a disclaimer,≤100,2
414718878625776,Hackster.io,These ads ran without a disclaimer,≤100,1
101801896033176,Light1297_02,These ads ran without a disclaimer,≤100,1
109718671640762,Kif Reading,These ads ran without a disclaimer,≤100,1
105895765057995,Sports World,These ads ran without a disclaimer,≤100,1
343786409509707,The East Gate,These ads ran without a disclaimer,≤100,2
187461997935711,Unilever Careers,These ads ran without a disclaimer,≤100,1
1096538887134446,Reuters Plus,These ads ran without a disclaimer,≤100,3
203857292983532,AviationCV.com,These ads ran without a disclaimer,≤100,3
103045249292781,Funnies Now - Magazine Page 3,These ads ran without a disclaimer,≤100,1
108341105409731,Golf Guys 2,These ads ran without a disclaimer,≤100,1
109227277629813,Grassroots4LaVie,These ads ran without a disclaimer,≤100,1
102075811887387,Chocolate.com - Images,These ads ran without a disclaimer,≤100,3
1256690557709650,Wholesale A4 Copy Papers - Buy Cheap A4 Copy Papers,These ads ran without a disclaimer,≤100,1
204862942932993,Nikkei Asia,These ads ran without a disclaimer,≤100,1
112794927146269,Anern Solar Street Light & Solar Power System,These ads ran without a disclaimer,≤100,1
102698931612631,oladka.art,These ads ran without a disclaimer,≤100,1
115707720558595,Red Carpet,These ads ran without a disclaimer,≤100,1
120460525135389,Educational Partners International,These ads ran without a disclaimer,≤100,1
261129054718,ITCILO,These ads ran without a disclaimer,≤100,1
435381440344317,Dylan Ogline,These ads ran without a disclaimer,≤100,1
104305332210709,Tor Stories,These ads ran without a disclaimer,≤100,1
1744911689126391,12up,These ads ran without a disclaimer,≤100,4
104700534945837,Mind Family,These ads ran without a disclaimer,≤100,1
193394557345243,Devex,These ads ran without a disclaimer,≤100,3
100486698765192,Money & Investing,These ads ran without a disclaimer,≤100,1
100675985252237,Karib'info_Officiel,These ads ran without a disclaimer,≤100,1
1517088885216557,AIG,These ads ran without a disclaimer,≤100,1
103497027790225,Fonos,These ads ran without a disclaimer,≤100,1
108810171707313,Word Worth,These ads ran without a disclaimer,≤100,2
101352349135054,Vernon Bateman,These ads ran without a disclaimer,≤100,1
108061471650955,SoluTec,These ads ran without a disclaimer,≤100,2
114233111293495,Brides And Maids,These ads ran without a disclaimer,≤100,4
198454000189884,REW.ca,These ads ran without a disclaimer,≤100,1
110906265860,The Andrew Schulz,These ads ran without a disclaimer,≤100,6
146822255731958,Fast Travel Games,These ads ran without a disclaimer,≤100,1
100494622005728,Trivia.com - Celebrities,These ads ran without a disclaimer,≤100,1
166999897357124,J. Malik,These ads ran without a disclaimer,≤100,1
102130299317180,Easy Scanner-G,These ads ran without a disclaimer,≤100,1
525421700832365,Protectors of The Wood Adventure Series,These ads ran without a disclaimer,≤100,3
7272781185,IMVU,These ads ran without a disclaimer,≤100,1
111611514344138,nopeetstore.com,These ads ran without a disclaimer,≤100,1
2087588714793621,Michael Ajetomobi,These ads ran without a disclaimer,≤100,2
106991422220338,Alexander Jesús Figueredo Izaguirre,These ads ran without a disclaimer,≤100,1
10750083165,The Africa Report,These ads ran without a disclaimer,≤100,2
1822413458079743,Our Life's Moments,These ads ran without a disclaimer,≤100,1
116311181765921,World Grain,These ads ran without a disclaimer,≤100,1
104423658970070,Page Down,These ads ran without a disclaimer,≤100,1
102834275717964,Jellytop Sneakers,These ads ran without a disclaimer,≤100,1
110919974897108,SH,These ads ran without a disclaimer,≤100,2
115890592096050,C&W Business,These ads ran without a disclaimer,≤100,1
105221825093629,Top Pop Today Reports,These ads ran without a disclaimer,≤100,1
110818941452003,Morehackz Stories,These ads ran without a disclaimer,≤100,3
109916775214130,JY Vacation 926,These ads ran without a disclaimer,≤100,1
362460873844615,Alumni Politecnico di Milano,These ads ran without a disclaimer,≤100,1
105841425476519,Daily Family Life,These ads ran without a disclaimer,≤100,1
100566902060431,Me Time - Home,These ads ran without a disclaimer,≤100,1
131443777573895,The Celebritist,These ads ran without a disclaimer,≤100,1
107959464793362,chef_wellz,These ads ran without a disclaimer,≤100,1
100272095783585,Visit Heilongjiang,These ads ran without a disclaimer,≤100,1
110099331940978,More Hackz - MediaSmarter,These ads ran without a disclaimer,≤100,1
101783269510439,Magic1425-02,These ads ran without a disclaimer,≤100,1
104593458269168,Your Daily Fun Break,These ads ran without a disclaimer,≤100,4
478297078923452,Big Easy Believer,These ads ran without a disclaimer,≤100,2
107828158232221,CCCC First Highway Engineering Group,These ads ran without a disclaimer,≤100,2
2195283823824936,Sage & Sandstone,These ads ran without a disclaimer,≤100,1
1556259461269806,Shareably,These ads ran without a disclaimer,≤100,1
702918479750558,Conferencia Interamericana de Seguridad Social,These ads ran without a disclaimer,≤100,1
354397697217,IEEE Xplore,These ads ran without a disclaimer,≤100,3
205093963028353,Collision Conf,These ads ran without a disclaimer,≤100,1
161275057251357,UNICEF Eastern Caribbean,These ads ran without a disclaimer,≤100,1
104069709032034,Sportzspace - Stories,These ads ran without a disclaimer,≤100,1
100458646310570,The Science of Entertainment,These ads ran without a disclaimer,≤100,1
108047521813671,Nano Stories,These ads ran without a disclaimer,≤100,1
106941152240688,Texas001,These ads ran without a disclaimer,≤100,1
110365075274715,White Ferrari01,These ads ran without a disclaimer,≤100,1
105280684938489,KnowledgeVerse,These ads ran without a disclaimer,≤100,3
904099079645217,Lisa Cox,These ads ran without a disclaimer,≤100,2
93215829929,International Surfing Association,These ads ran without a disclaimer,≤100,2
100442842833627,Funny Story,These ads ran without a disclaimer,≤100,1
2610140028997323,Uniathena,These ads ran without a disclaimer,≤100,2
1182128755219778,Japan Forward,These ads ran without a disclaimer,≤100,1
605447116479685,History 101,These ads ran without a disclaimer,≤100,1
869663783106067,הצוק-מסעדת שף,These ads ran without a disclaimer,≤100,1
106843828862974,Worlds knoledge,These ads ran without a disclaimer,≤100,2
145301255772,Global Alliance for Incinerator Alternatives (GAIA),These ads ran without a disclaimer,≤100,1
187000618322282,This Is Why I'm Single,These ads ran without a disclaimer,≤100,5
56777943052,One Young World,These ads ran without a disclaimer,≤100,2
100884086002279,Happy Night,These ads ran without a disclaimer,≤100,1
70088406269,Narconon,These ads ran without a disclaimer,≤100,1
101858846062827,Movement for Unity and Democracy,These ads ran without a disclaimer,≤100,1
1888596997878932,Yoga-Go by Welltech,These ads ran without a disclaimer,≤100,1
112040704731277,A l l n o v e l-RS,These ads ran without a disclaimer,≤100,1
103205701024387,jasoncunningham8278,These ads ran without a disclaimer,≤100,1
71448063400,Coral Reef Alliance,These ads ran without a disclaimer,≤100,1
116845691339120,Awe21,These ads ran without a disclaimer,≤100,1