Page ID,Page name,Disclaimer,Amount spent (GBP),Number of ads in Library
100426414782863,Women in Public Life Guernsey,Women in Public Life Guernsey,155,15
108625789179165,Soi Dog Foundation,These ads ran without a disclaimer,144,114
200480966638039,Supremacy 1914,These ads ran without a disclaimer,≤100,5
339810463063059,Conflict Of Nations : World War 3,These ads ran without a disclaimer,≤100,8
108873185212276,Chris Hudson for Election to St Peter Port Douzaine,Christopher Julian Hudson,≤100,6
7783116506,Animals Asia,These ads ran without a disclaimer,≤100,39
1571514979728518,Mindful Chef,These ads ran without a disclaimer,≤100,1
455133101359253,Tax Consulting South Africa,These ads ran without a disclaimer,≤100,12
692970497431662,Ben Fiore Photography,These ads ran without a disclaimer,≤100,1
112857077857582,Omo - Weight Loss With Psychology,These ads ran without a disclaimer,≤100,4
98673036962,ROLDA,These ads ran without a disclaimer,≤100,29
600237070466219,Copper Social Media,Nicole Bromley,≤100,1
110178328228079,NinjaOne Europe,These ads ran without a disclaimer,≤100,6
100426414782863,Women in Public Life Guernsey,These ads ran without a disclaimer,≤100,1
108873185212276,Chris Hudson for Election to St Peter Port Douzaine,These ads ran without a disclaimer,≤100,3
102251318064432,Organon,These ads ran without a disclaimer,≤100,4
267353906619818,Mr. Gugu & Miss Go,These ads ran without a disclaimer,≤100,37
1347452628625618,Guernsey Chamber Choir,These ads ran without a disclaimer,≤100,1
175889425769412,BAR-TEK Motorsport,These ads ran without a disclaimer,≤100,2
185561295623272,Move To Help Foundation,These ads ran without a disclaimer,≤100,22
107688978949088,the_adhd_midwife,These ads ran without a disclaimer,≤100,1
852370551453606,GARP,These ads ran without a disclaimer,≤100,3
845620825830146,Deel,These ads ran without a disclaimer,≤100,5
110038557114533,Imagine5,These ads ran without a disclaimer,≤100,8
1238173096287495,Azur Games,These ads ran without a disclaimer,≤100,2
104015742220554,Mimic,These ads ran without a disclaimer,≤100,5
170338640165147,The Clean Earth Trust,These ads ran without a disclaimer,≤100,1
101653285444113,SK텔레콤 뉴스룸,These ads ran without a disclaimer,≤100,3
19746387261,Humane Society International,These ads ran without a disclaimer,≤100,12
106348682400630,Nova - AI Chatbot,These ads ran without a disclaimer,≤100,2
102393821206111,RainKiss,These ads ran without a disclaimer,≤100,2
104877488982288,SLB,These ads ran without a disclaimer,≤100,7
139666286225597,Euranet Plus - Official,These ads ran without a disclaimer,≤100,11
28312410177,World Food Programme,These ads ran without a disclaimer,≤100,7
181924628560212,Ekō,These ads ran without a disclaimer,≤100,4
626987914308883,PlanetCare,These ads ran without a disclaimer,≤100,3
127031794038958,Blue Marine Foundation,These ads ran without a disclaimer,≤100,27
102500518635499,ENTR en,These ads ran without a disclaimer,≤100,19
124275457632741,ElectronicSpecifier,These ads ran without a disclaimer,≤100,16
317267462264674,Electric Park,These ads ran without a disclaimer,≤100,1
121255219270912,أفضل ألعاب الحرب العربية لعام 2022,These ads ran without a disclaimer,≤100,6
110279758515616,3addedminutes,These ads ran without a disclaimer,≤100,1
144222342272840,Spike Productions,These ads ran without a disclaimer,≤100,1
111160730747637,Trivia Stars,These ads ran without a disclaimer,≤100,1
1834313933459789,BBC StoryWorks,These ads ran without a disclaimer,≤100,4
110367919014958,ERGO,These ads ran without a disclaimer,≤100,6
242351902481164,The Radical Tea Towel Company,These ads ran without a disclaimer,≤100,2
167327710092323,Mollaei Law,These ads ran without a disclaimer,≤100,1
149647671720061,HARTMANN GROUP,These ads ran without a disclaimer,≤100,1
110463704610731,Cute Kiwi,These ads ran without a disclaimer,≤100,8
581045078625669,Sweettatt Balm,These ads ran without a disclaimer,≤100,5
463704000312151,Videonewsharing,These ads ran without a disclaimer,≤100,1
964926116915133,"Cat Construction Europe, Middle East & Africa",These ads ran without a disclaimer,≤100,2
1390745591150821,NRC - Norwegian Refugee Council,These ads ran without a disclaimer,≤100,1
579848135530446,Porzellanmanufaktur FÜRSTENBERG,These ads ran without a disclaimer,≤100,4
113502287096979,I Luv Australia,These ads ran without a disclaimer,≤100,2
208189704820,Ellen MacArthur Foundation,These ads ran without a disclaimer,≤100,4
150294649018041,Julia Murça,These ads ran without a disclaimer,≤100,2
1164694603562682,FastTony.es,These ads ran without a disclaimer,≤100,1
166591246714313,Tetra Pak,These ads ran without a disclaimer,≤100,5
103061592394639,Flor Liz,These ads ran without a disclaimer,≤100,1
1887394344883841,Leakshare,These ads ran without a disclaimer,≤100,18
102045409286588,RiskScreen,These ads ran without a disclaimer,≤100,1
266790296879,Bloomberg,These ads ran without a disclaimer,≤100,3
103659765532260,華夏focus,These ads ran without a disclaimer,≤100,4
154923374536050,LKAB,These ads ran without a disclaimer,≤100,6
146822255731958,Fast Travel Games,These ads ran without a disclaimer,≤100,1
340577086006224,CRI German,These ads ran without a disclaimer,≤100,7
21506277966,Acronis,These ads ran without a disclaimer,≤100,1
219947610085,Marine Conservation Society,These ads ran without a disclaimer,≤100,1
678094802296447,AHR Group,These ads ran without a disclaimer,≤100,2
244192865606024,People in Need,These ads ran without a disclaimer,≤100,3
133969887250137,BeWanted Colombia,These ads ran without a disclaimer,≤100,10
171043963049603,GREAT SCOT,These ads ran without a disclaimer,≤100,1
227642364102648,Luka & Jenalyn,These ads ran without a disclaimer,≤100,2
162150880545539,IONOS,These ads ran without a disclaimer,≤100,1
101885221985443,Volkswagen we drive football,These ads ran without a disclaimer,≤100,12
146481695371146,"มูลนิธิเพื่อสุนัขในซอย, ประเทศไทย (Soi Dog - in Thai)",These ads ran without a disclaimer,≤100,2
104099512361482,Funnies Now - Magazine,These ads ran without a disclaimer,≤100,8
105962808801596,IZZY - Stream Israel,These ads ran without a disclaimer,≤100,6
1556481434584901,Paul Xavier,These ads ran without a disclaimer,≤100,1
506285762820393,Lewis Magazine,These ads ran without a disclaimer,≤100,1
128460617656602,eeDesignIt,These ads ran without a disclaimer,≤100,2
178925535502983,Matthew Fowler,These ads ran without a disclaimer,≤100,14
57373793897,RedR UK,These ads ran without a disclaimer,≤100,2
272518426120009,Futurebuild,These ads ran without a disclaimer,≤100,4
2174517772657414,A21 Middle East News,These ads ran without a disclaimer,≤100,7
102615481493582,CIRCA,These ads ran without a disclaimer,≤100,1
279083325560817,Running Out of Time,These ads ran without a disclaimer,≤100,8
462478407118689,Marjan Farsad,These ads ran without a disclaimer,≤100,1
485957271511444,حملة- المركز العربي لتطوير الإعلام الاجتماعي,These ads ran without a disclaimer,≤100,3
111361091313,NICABM,These ads ran without a disclaimer,≤100,4
105448452269780,Lifestylecog,These ads ran without a disclaimer,≤100,4
844386315584131,Volvo Construction Equipment,These ads ran without a disclaimer,≤100,1
1581066202141511,Najimi Ajimu,These ads ran without a disclaimer,≤100,5
464044163751702,Green Innovation Group A/S,These ads ran without a disclaimer,≤100,2
106278708591533,Foreign Investment Agency Vietnam - FIA Vietnam,These ads ran without a disclaimer,≤100,5
1198498803640966,The East Gate,These ads ran without a disclaimer,≤100,4
565225540184937,CGTN,These ads ran without a disclaimer,≤100,21
315603771494,Milaap,These ads ran without a disclaimer,≤100,2
101715608808670,Judgment Day: Angel of God,These ads ran without a disclaimer,≤100,3
112069987360502,Channel F9,These ads ran without a disclaimer,≤100,1
108674264006432,Kidogo Kids,These ads ran without a disclaimer,≤100,1
734573246878503,Zoba Africa,These ads ran without a disclaimer,≤100,1
8539814909,International Animal Rescue,These ads ran without a disclaimer,≤100,3
1543779709167826,Astons,These ads ran without a disclaimer,≤100,5
109157008010513,Alveda,These ads ran without a disclaimer,≤100,2
106892895068657,Reykjavik Science City,These ads ran without a disclaimer,≤100,2
123027101047606,Pancreatic Cancer UK,These ads ran without a disclaimer,≤100,1
461741233923788,CASA DE CAMBIO EUROPA,These ads ran without a disclaimer,≤100,5
104405159011073,Sheba Tel HaShomer Global Division,These ads ran without a disclaimer,≤100,1
317463093373,The Akshaya Patra Foundation,These ads ran without a disclaimer,≤100,1
60516116431,Člověk v tísni,These ads ran without a disclaimer,≤100,3
207716982590230,Cipla,These ads ran without a disclaimer,≤100,1
2259161860788867,Tiếng Việt Online cho trẻ nước ngoài,These ads ran without a disclaimer,≤100,2
245589552127493,Tygerwolfe Designs,These ads ran without a disclaimer,≤100,1
133945616646913,RioOnWatch.org,These ads ran without a disclaimer,≤100,2
103491428622606,Awesome Gifts A2,These ads ran without a disclaimer,≤100,1
104119542473088,Kylin Studio,These ads ran without a disclaimer,≤100,1
100317895658372,Family Shirts A1,These ads ran without a disclaimer,≤100,1
918318338180165,CHINT GROUP,These ads ran without a disclaimer,≤100,1
106837661915369,Hatzopoulos S.A.,These ads ran without a disclaimer,≤100,1
102712641857828,Our Funny Little Site Studio,These ads ran without a disclaimer,≤100,1
103454371495257,Mood Spike,These ads ran without a disclaimer,≤100,1
111594948406815,Watt Munisotaram,These ads ran without a disclaimer,≤100,1
1501692810145450,Laboratorio Nazionale D'arte Floreale Federfiori,These ads ran without a disclaimer,≤100,1
860384980759817,MrWish6000,These ads ran without a disclaimer,≤100,1
102211979093712,EdHeroes,These ads ran without a disclaimer,≤100,1
118592938221174,ZTE Corporation,These ads ran without a disclaimer,≤100,1
771462172882741,OnePath Network,These ads ran without a disclaimer,≤100,5
103496435538391,"Finding Peace-A Spiritual, Physical, Mental and Emotional interconnectivity",These ads ran without a disclaimer,≤100,1
297004519250,The Script Lab,These ads ran without a disclaimer,≤100,1
104005272181603,Wellartifact,These ads ran without a disclaimer,≤100,1
131664893560695,Origins OSU,These ads ran without a disclaimer,≤100,3
68644810672,"Liorel, Art from Israel",These ads ran without a disclaimer,≤100,1
105363750882345,Young Activists Summit,These ads ran without a disclaimer,≤100,3
106717575693307,Yu-56,These ads ran without a disclaimer,≤100,1
109988155233200,MisterAwesome,These ads ran without a disclaimer,≤100,1
474314055968372,fischer group,These ads ran without a disclaimer,≤100,1
774628972631676,Diversity Hub,These ads ran without a disclaimer,≤100,1
880611255347800,Phoenix TV 鳳凰衛視,These ads ran without a disclaimer,≤100,1
102522341915814,Mind Lifestyle,These ads ran without a disclaimer,≤100,2
109872218653593,American SolarX,These ads ran without a disclaimer,≤100,1
105371218233740,Every Day Koala Story,These ads ran without a disclaimer,≤100,2
106120175623925,A-thletes.media,These ads ran without a disclaimer,≤100,6
105686442303512,CTGI,These ads ran without a disclaimer,≤100,1
93215829929,International Surfing Association,These ads ran without a disclaimer,≤100,1
315543515306,Jing Daily,These ads ran without a disclaimer,≤100,1
800018250057491,Direct Expose,These ads ran without a disclaimer,≤100,1
118356801554598,EU Food & Farming,These ads ran without a disclaimer,≤100,3
100893986634550,Lymphoma Coalition,These ads ran without a disclaimer,≤100,1
101978933230493,DHL,These ads ran without a disclaimer,≤100,3
1096538887134446,Reuters Plus,These ads ran without a disclaimer,≤100,3
100389584753891,The University of British Columbia Magazine,These ads ran without a disclaimer,≤100,1
107203148110541,Action Speaks Louder,These ads ran without a disclaimer,≤100,1
1452734928361216,Matt Johnson,These ads ran without a disclaimer,≤100,1
332476724335,Retap,These ads ran without a disclaimer,≤100,1
56777943052,One Young World,These ads ran without a disclaimer,≤100,2
101899262609792,Nutketing,These ads ran without a disclaimer,≤100,1
104177748302844,Unsolved Mysteries,These ads ran without a disclaimer,≤100,1
100181386277305,Mazha06,These ads ran without a disclaimer,≤100,1
274138756817,Architonic,These ads ran without a disclaimer,≤100,1
107444342282249,Dog Rescue Foundation,These ads ran without a disclaimer,≤100,1
800194943688625,Mindful Gazette,These ads ran without a disclaimer,≤100,1
109501631856985,Gencestyle,These ads ran without a disclaimer,≤100,1
1186898548144348,Criocabin Taste Presentation,These ads ran without a disclaimer,≤100,1
110496334007723,Art for Introvert,These ads ran without a disclaimer,≤100,1
109911201817314,News Lantern,These ads ran without a disclaimer,≤100,1
1374826826104281,Sensibo,These ads ran without a disclaimer,≤100,4
105474945042875,Mission:JOY,These ads ran without a disclaimer,≤100,1
246516925470932,Climate Story Lab Africa,These ads ran without a disclaimer,≤100,1
1039675682714205,스브스뉴스,These ads ran without a disclaimer,≤100,2
730460987154021,PostFun,These ads ran without a disclaimer,≤100,1
101953493337841,MEBO International,These ads ran without a disclaimer,≤100,1
458534747660529,ABC CAR Rental,These ads ran without a disclaimer,≤100,1
1744911689126391,12up,These ads ran without a disclaimer,≤100,1
1411380115773987,Immigration Film Festival,These ads ran without a disclaimer,≤100,1
101827609143923,I Stand for Warriors,These ads ran without a disclaimer,≤100,1
115895401463440,Entretenimiento,These ads ran without a disclaimer,≤100,2
105223818938100,Legal European Drivers Advisor,These ads ran without a disclaimer,≤100,1
213000859039052,SANY Group,These ads ran without a disclaimer,≤100,1
1860684820880112,Mina Guli,These ads ran without a disclaimer,≤100,2
118606061493541,World Innovation Summit for Education - WISE,These ads ran without a disclaimer,≤100,1
1473803512759360,Ocean Integrity,These ads ran without a disclaimer,≤100,1
8002590959,Rainforest Action Network - RAN,These ads ran without a disclaimer,≤100,5
100517660010925,Topcon Agriculture,These ads ran without a disclaimer,≤100,1
1809714036021581,ProVeg International,These ads ran without a disclaimer,≤100,1
14957887077,Freedom House,These ads ran without a disclaimer,≤100,1
143853365777355,"Rick Hanson, Ph.D.",These ads ran without a disclaimer,≤100,1
108106972000348,URECA,These ads ran without a disclaimer,≤100,1
2265747167028350,Haaretz Labels,These ads ran without a disclaimer,≤100,2
109054135183302,Blake Fleetwood Journalist,These ads ran without a disclaimer,≤100,1
114476493724192,theunconnected.org,These ads ran without a disclaimer,≤100,1
108346835339219,Golden Era Files,These ads ran without a disclaimer,≤100,1
112048910160472,Blind Magazine,These ads ran without a disclaimer,≤100,1
102202384790269,DiFluid,These ads ran without a disclaimer,≤100,1
119257941437791,Allianz Care,These ads ran without a disclaimer,≤100,1
2064451320451155,GHIS,These ads ran without a disclaimer,≤100,1
102257292713372,Alejandra Morales,These ads ran without a disclaimer,≤100,1
284370804968723,"Croatian service, China radio International",These ads ran without a disclaimer,≤100,5
902485329837313,NinjaOne,These ads ran without a disclaimer,≤100,6
111255657168275,Юрист в Испании,These ads ran without a disclaimer,≤100,1
107714748645793,Big Buzz,These ads ran without a disclaimer,≤100,3
310943025606302,World Cancer Day,These ads ran without a disclaimer,≤100,2
115444524830093,Wsp17,These ads ran without a disclaimer,≤100,1
116679401363112,Kelce Jam,These ads ran without a disclaimer,≤100,1
50461955643,UNSW,These ads ran without a disclaimer,≤100,1
280879368774303,EntendendoiPhone,These ads ran without a disclaimer,≤100,1
100704405579086,Claudel Noubissie International Consulting,These ads ran without a disclaimer,≤100,1
100265109304136,Pon Reading,These ads ran without a disclaimer,≤100,1
229836582333079,Wix Playground,These ads ran without a disclaimer,≤100,1
594022430618124,hromadske.ua,These ads ran without a disclaimer,≤100,2
150830641743673,Tomplay,These ads ran without a disclaimer,≤100,2
1731004657226567,Cleverst,These ads ran without a disclaimer,≤100,1
106223768971710,Ygrò,These ads ran without a disclaimer,≤100,1
187580104777775,VICE Greece,These ads ran without a disclaimer,≤100,1
102093685620627,Best Diplomats,These ads ran without a disclaimer,≤100,1
106068488158725,Graduatez - College Journey,These ads ran without a disclaimer,≤100,1
23565920773,Shakespeare's Globe,These ads ran without a disclaimer,≤100,1
107792993071886,Fairnatural,These ads ran without a disclaimer,≤100,1
103286731467883,Psychedelic Spotlight,These ads ran without a disclaimer,≤100,2
643647332320553,Orient - أورينت,These ads ran without a disclaimer,≤100,1
102093952999,Reeperbahn Festival,These ads ran without a disclaimer,≤100,1
102183939383012,GLOC 2023 - Global Space Conference on Climate Change,These ads ran without a disclaimer,≤100,1
101266795952246,Meta History Museum of War,These ads ran without a disclaimer,≤100,1
108784775861503,Digital EU,These ads ran without a disclaimer,≤100,1
113388621278432,Freedom for Norway,These ads ran without a disclaimer,≤100,1
357444017777047,Bronson.men,These ads ran without a disclaimer,≤100,1
101289218907718,Web News,These ads ran without a disclaimer,≤100,1
356583431422577,Crowther Lab,These ads ran without a disclaimer,≤100,1
109562720823279,CGTN Sports Scene,These ads ran without a disclaimer,≤100,2
1939895749579622,Point de Vue,These ads ran without a disclaimer,≤100,1
31292782350,Deutschland.de,These ads ran without a disclaimer,≤100,11
105895035496126,SolarPigs,These ads ran without a disclaimer,≤100,1
110125708171279,Tactical Cowboy Training Solutions,These ads ran without a disclaimer,≤100,1
79511407410,Mercedes-AMG Petronas F1 Team,These ads ran without a disclaimer,≤100,1
104737415452901,Betershe Offical,These ads ran without a disclaimer,≤100,10
100472405299298,Mimo Defi,These ads ran without a disclaimer,≤100,1
126166480762310,SelectScience,These ads ran without a disclaimer,≤100,3
100617599250020,XuQinduo,These ads ran without a disclaimer,≤100,1
101709112541673,Yom Stories,These ads ran without a disclaimer,≤100,1
100442842833627,Funny Story,These ads ran without a disclaimer,≤100,1
108966741644172,Koray Beserler 1,These ads ran without a disclaimer,≤100,1
101645792687211,مجلة التنوير الثقافي,These ads ran without a disclaimer,≤100,1
102878304613665,Global Heroes,These ads ran without a disclaimer,≤100,1
20031443281,Namecheap.com,These ads ran without a disclaimer,≤100,2
108765190876616,RE:TV,These ads ran without a disclaimer,≤100,1
128280872179,The Architect's Newspaper,These ads ran without a disclaimer,≤100,1
161665000537800,Global Water Partnership,These ads ran without a disclaimer,≤100,1
378796415568701,Skyeng: онлайн-школа английского языка,These ads ran without a disclaimer,≤100,1
411064929744268,Жіночий Ветеранський Рух,These ads ran without a disclaimer,≤100,1
1802248836771260,Weird Little Tales,These ads ran without a disclaimer,≤100,1
414426511932868,"Trump International, Scotland",These ads ran without a disclaimer,≤100,1
320788968000582,Center for Israel Education,These ads ran without a disclaimer,≤100,1
104593458269168,Your Daily Fun Break,These ads ran without a disclaimer,≤100,2
103045249292781,Funnies Now - Magazine Page 3,These ads ran without a disclaimer,≤100,1
107627395144123,الحكومة المغربية,These ads ran without a disclaimer,≤100,1
285530825204,Klitschko,These ads ran without a disclaimer,≤100,51
105179241498166,Canadian North Resources Inc,These ads ran without a disclaimer,≤100,1
1210034445780962,Міжнародне радіо Китаю,These ads ran without a disclaimer,≤100,2
140010018214626,Moneymade Lifestyle,These ads ran without a disclaimer,≤100,1
522611511157188,Cryptopay,These ads ran without a disclaimer,≤100,1
435633199945731,Miret,These ads ran without a disclaimer,≤100,1
103226945235684,RED NOSES Emergency Smile,These ads ran without a disclaimer,≤100,3
106305355487312,Александра Коуч,These ads ran without a disclaimer,≤100,1
615058398626084,Ludo Aequitas,These ads ran without a disclaimer,≤100,1
116348888049995,Interlitica,These ads ran without a disclaimer,≤100,1
260401648038890,Science101,These ads ran without a disclaimer,≤100,1
174532709290967,FBS Markets Inc.,These ads ran without a disclaimer,≤100,1
100612919482570,Seed for field,These ads ran without a disclaimer,≤100,1
104179854944235,WasteRush.info,These ads ran without a disclaimer,≤100,1
105994068254820,Menkay,These ads ran without a disclaimer,≤100,1
106827194681183,Africa Equity Media,These ads ran without a disclaimer,≤100,5
369533346501031,United for Intercultural Action,These ads ran without a disclaimer,≤100,1
148548965168926,NSF,These ads ran without a disclaimer,≤100,1
17043549797,MIT Technology Review,These ads ran without a disclaimer,≤100,6
170608586318343,Hamish McDouall Labour 4 Whanganui,These ads ran without a disclaimer,≤100,3
110066008599397,EVANews,These ads ran without a disclaimer,≤100,1
110584791401665,GeneZation Show,These ads ran without a disclaimer,≤100,2
100199989426473,Become A Good Ancestor,These ads ran without a disclaimer,≤100,2
322599777438,BBD,These ads ran without a disclaimer,≤100,3
348531276233537,Koala Mag,These ads ran without a disclaimer,≤100,3
1881543645439590,Tech It Out with Yang Zhao,These ads ran without a disclaimer,≤100,4
105735065616245,SOFAR,These ads ran without a disclaimer,≤100,1
193394557345243,Devex,These ads ran without a disclaimer,≤100,1
517231405008910,Global Landscapes Forum,These ads ran without a disclaimer,≤100,5
135252449838021,Alltech,These ads ran without a disclaimer,≤100,8
100716088784185,Every Day Monkey Glamour,These ads ran without a disclaimer,≤100,1
1196196390526965,Facebook Surveys,These ads ran without a disclaimer,≤100,1
333293986861604,Jean Richard MusiK,These ads ran without a disclaimer,≤100,1
114168976668242,Common - Med Project,These ads ran without a disclaimer,≤100,2
137223326998592,Ashleyjtoddblog,These ads ran without a disclaimer,≤100,1
104891081917406,Jeff The Storyteller,These ads ran without a disclaimer,≤100,1
100795428039065,mananapinheiro,These ads ran without a disclaimer,≤100,1
111014438406253,Trendyspread shop1,These ads ran without a disclaimer,≤100,2
155438574470276,DW українською,These ads ran without a disclaimer,≤100,3
171163390480055,Samson Rope Technologies,These ads ran without a disclaimer,≤100,2
104404948072,Ema Arius,These ads ran without a disclaimer,≤100,2
125322574145076,Magpie Wedding,These ads ran without a disclaimer,≤100,1
103522284524420,Suojellaan Lapsia,These ads ran without a disclaimer,≤100,2
387062522084757,The Dressing Blog,These ads ran without a disclaimer,≤100,1
605447116479685,History 101,These ads ran without a disclaimer,≤100,1
128466876911,Amy Lynn Smith - Writer + Strategist,These ads ran without a disclaimer,≤100,1
51659240016,Federico Uribe,These ads ran without a disclaimer,≤100,1
80100802880,MaleSurvivor,These ads ran without a disclaimer,≤100,1
105841425476519,Daily Family Life,These ads ran without a disclaimer,≤100,1
106341131134920,Talk it Out with Li Jingjing,These ads ran without a disclaimer,≤100,1
130369030334301,KidsRights,These ads ran without a disclaimer,≤100,15
102962195574342,Best App to have fun,These ads ran without a disclaimer,≤100,1
437241682996744,Radio Ejani,These ads ran without a disclaimer,≤100,2
6802926903,MAKAR,These ads ran without a disclaimer,≤100,1
1860782777346343,Astons Russia,These ads ran without a disclaimer,≤100,2
429957570419097,Professor Israel,These ads ran without a disclaimer,≤100,1
111625224297579,Safe Business is Your Choice Georgia,These ads ran without a disclaimer,≤100,1
363388004312003,STAEDTLERinst,These ads ran without a disclaimer,≤100,2
108142008555145,UAID foundation,These ads ran without a disclaimer,≤100,1
109184428639401,TaxTris,These ads ran without a disclaimer,≤100,2
110386941246941,PowMr,These ads ran without a disclaimer,≤100,3
135799599823455,Arboricultural Association,These ads ran without a disclaimer,≤100,1
110210588494125,Линия права,These ads ran without a disclaimer,≤100,9
106701185163801,Your Hacks Spot,These ads ran without a disclaimer,≤100,1
112486717952649,Super Rich Tax,These ads ran without a disclaimer,≤100,2
10750083165,The Africa Report,These ads ran without a disclaimer,≤100,1
102713519413562,Hmy-pineapple0208a,These ads ran without a disclaimer,≤100,1
105794328926903,Hypersonic Aircraft,These ads ran without a disclaimer,≤100,1
100466846248633,AI Mage,These ads ran without a disclaimer,≤100,1
34823056709,MASIA ONE,These ads ran without a disclaimer,≤100,10
127187187348820,Kaspersky,These ads ran without a disclaimer,≤100,4
68793499001,UNICEF,These ads ran without a disclaimer,≤100,4
171522852874952,Juventus,These ads ran without a disclaimer,≤100,1
258498994200834,Materialise,These ads ran without a disclaimer,≤100,1
933310850194959,Israel Alliance,These ads ran without a disclaimer,≤100,1
847260315320975,"The Good Men Project Ethics, Social Justice & News",These ads ran without a disclaimer,≤100,1
110818941452003,Morehackz Stories,These ads ran without a disclaimer,≤100,3
112749448851,Coca-Cola Europacific Partners,These ads ran without a disclaimer,≤100,1
100646621852622,Курсы корейского языка,These ads ran without a disclaimer,≤100,2
100185974742912,ZF Aftermarket,These ads ran without a disclaimer,≤100,6
105360335604670,Fond,These ads ran without a disclaimer,≤100,1
137704262972584,MobiHealthNews,These ads ran without a disclaimer,≤100,1
134571176638205,One Tree Planted,These ads ran without a disclaimer,≤100,7
189232005248268,CTG,These ads ran without a disclaimer,≤100,3
124285820927337,Durham University Business School,These ads ran without a disclaimer,≤100,1
115393638502087,CPHI,These ads ran without a disclaimer,≤100,1
1249630708423717,MUNER Motorvehicle University of Emilia-Romagna,These ads ran without a disclaimer,≤100,1
1457915704536726,Advokatfirmaet Magnus Legal,These ads ran without a disclaimer,≤100,1
607962316079796,PLEXIGLAS - The Original,These ads ran without a disclaimer,≤100,1
110470091436602,Ici Beyrouth,These ads ran without a disclaimer,≤100,4
339973326139618,TUI Care Foundation,These ads ran without a disclaimer,≤100,1
1491506997777940,HENGE,These ads ran without a disclaimer,≤100,1
106770895646817,daniel.hrts,These ads ran without a disclaimer,≤100,1
210976032253018,Adam Hall Group,These ads ran without a disclaimer,≤100,2
100912541413695,Más Impulso,These ads ran without a disclaimer,≤100,1
223495844457800,China Plus Culture,These ads ran without a disclaimer,≤100,4
327115907736300,Asia Global Institute,These ads ran without a disclaimer,≤100,1
106879367768789,Jessica Zang,These ads ran without a disclaimer,≤100,1
112825108424548,Mc01-19,These ads ran without a disclaimer,≤100,1
107084005069843,Self Improvement Academy,These ads ran without a disclaimer,≤100,1
391387864969982,Prisoners Defenders,These ads ran without a disclaimer,≤100,1
107854194384812,Viral Trends,These ads ran without a disclaimer,≤100,1
104260388124109,HYDAC Group,These ads ran without a disclaimer,≤100,1
104305332210709,Tor Stories,These ads ran without a disclaimer,≤100,1
155953194446950,Open Society Foundations - Armenia,These ads ran without a disclaimer,≤100,1
299737907470435,Zendy,These ads ran without a disclaimer,≤100,3
548577435509026,d&b audiotechnik,These ads ran without a disclaimer,≤100,1
1102199946478493,Spotlight,These ads ran without a disclaimer,≤100,5
108401761986142,Authorised reseller Hrvatska,These ads ran without a disclaimer,≤100,1
101102146045080,Skyway News,These ads ran without a disclaimer,≤100,1
104920672206374,Ancient recess,These ads ran without a disclaimer,≤100,1
555755224474277,Josefinas,These ads ran without a disclaimer,≤100,5
100976675096468,Exmork Technology,These ads ran without a disclaimer,≤100,1
108655461411377,Valter Studio,These ads ran without a disclaimer,≤100,1
111166248276745,Invisible Republic,These ads ran without a disclaimer,≤100,3
137625131792674,1PointFive,These ads ran without a disclaimer,≤100,1
110906265860,The Andrew Schulz,These ads ran without a disclaimer,≤100,4
147109888636038,Netafim,These ads ran without a disclaimer,≤100,1
103655209133919,M Reader_pa,These ads ran without a disclaimer,≤100,1
479285342097950,AeroTime,These ads ran without a disclaimer,≤100,3
712177925506030,Município de Idanha-a-Nova,These ads ran without a disclaimer,≤100,1
100960082205245,More Hackz - the 1000 page,These ads ran without a disclaimer,≤100,1
345960609317,REHAU,These ads ran without a disclaimer,≤100,1
104285167606710,Be Coorie,These ads ran without a disclaimer,≤100,1
1473321922884514,Chińskie Radio Międzynarodowe,These ads ran without a disclaimer,≤100,5
106794077936083,Epic Feed,These ads ran without a disclaimer,≤100,1
105037117662156,Freelancing.eu,These ads ran without a disclaimer,≤100,1
156596497734740,Outokumpu Group,These ads ran without a disclaimer,≤100,2
101236935303293,Trivia.com - Trivia,These ads ran without a disclaimer,≤100,1
10606591490,TIME,These ads ran without a disclaimer,≤100,4
1040005229354252,Ukraine.ua,These ads ran without a disclaimer,≤100,2
1183996195056831,Sentient,These ads ran without a disclaimer,≤100,1
107647258831836,Weregreenly- Magazine Page 3,These ads ran without a disclaimer,≤100,2
130524243634087,EU Science & Innovation,These ads ran without a disclaimer,≤100,1
100738672408911,Magic Lock,These ads ran without a disclaimer,≤100,1
113374680226381,UnPasted,These ads ran without a disclaimer,≤100,1
22990570888,Xandria,These ads ran without a disclaimer,≤100,2
104038552375280,Адвокатське Об'єднання Актум,These ads ran without a disclaimer,≤100,1
104057159102917,ABC Law,These ads ran without a disclaimer,≤100,1
220247148525333,Rabindranath Tagore Literary Prize,These ads ran without a disclaimer,≤100,1
170951426275318,CBM Christian Blind Mission,These ads ran without a disclaimer,≤100,2
109834054543701,SolarButterfly,These ads ran without a disclaimer,≤100,6
30954968553,Smithsonian’s National Museum of the American Indian,These ads ran without a disclaimer,≤100,1
367649046908008,Growatt New Energy,These ads ran without a disclaimer,≤100,2
166999897357124,J. Malik,These ads ran without a disclaimer,≤100,1
124109327256894,Dra. Ângela Pistão,These ads ran without a disclaimer,≤100,1
146647705406390,Minority Rights Group International,These ads ran without a disclaimer,≤100,1
109391388543268,Mariana Alves,These ads ran without a disclaimer,≤100,3
107483864336789,I am a Casting Worker,These ads ran without a disclaimer,≤100,6
114826394903822,Ananda,These ads ran without a disclaimer,≤100,1
153371894688575,World Bank,These ads ran without a disclaimer,≤100,1
106347774982499,Giving Hope For Them,These ads ran without a disclaimer,≤100,2
110113055153318,Claudia Mota,These ads ran without a disclaimer,≤100,1
1899205393647099,TAP Air Portugal,These ads ran without a disclaimer,≤100,1
161707728106607,BayWa r.e. Global,These ads ran without a disclaimer,≤100,2
102149205797976,IoT Insider,These ads ran without a disclaimer,≤100,5
105375485656824,We Are Human,These ads ran without a disclaimer,≤100,1
402052193189194,Siemens,These ads ran without a disclaimer,≤100,4
101081132410002,YourPlastics,These ads ran without a disclaimer,≤100,2
102454388760688,Kids101,These ads ran without a disclaimer,≤100,1
104679755595807,Travelary,These ads ran without a disclaimer,≤100,1
107989308686004,EFK Platform,These ads ran without a disclaimer,≤100,1
106699788869883,China Railway,These ads ran without a disclaimer,≤100,1
105401362444586,America First News,These ads ran without a disclaimer,≤100,1
114118277053586,HSI Europe,These ads ran without a disclaimer,≤100,2
100432322646591,Magnom Properties,These ads ran without a disclaimer,≤100,1
107672048688554,Aproudtee,These ads ran without a disclaimer,≤100,1
112499268411777,Svidok - Voices of the War in Ukraine,These ads ran without a disclaimer,≤100,1
152956984574,International Human Rights Art Festival,These ads ran without a disclaimer,≤100,1
204915812876645,CEIBS,These ads ran without a disclaimer,≤100,1
102415047928145,Shanghai Electric,These ads ran without a disclaimer,≤100,1
1785368905093518,PastFactory,These ads ran without a disclaimer,≤100,1
106386158767588,DOPE Quick Reads,These ads ran without a disclaimer,≤100,1
102096062812204,Magic1420-02,These ads ran without a disclaimer,≤100,2
102669295870673,Tera Monada,These ads ran without a disclaimer,≤100,1
110980888642151,Twibbon April,These ads ran without a disclaimer,≤100,3
102971648478322,Art Crossing Borders,These ads ran without a disclaimer,≤100,1
630924141178792,Sneaker Toast,These ads ran without a disclaimer,≤100,8
1587313088233587,Ideagen,These ads ran without a disclaimer,≤100,1
454368994983849,Enterprising China,These ads ran without a disclaimer,≤100,1
102072599470181,Advanced Trading,These ads ran without a disclaimer,≤100,4
115816835104562,Deutsche Bank,These ads ran without a disclaimer,≤100,2
112234750698228,AEV Charging,These ads ran without a disclaimer,≤100,1
103713001580656,Психолог Анастасия Габец,These ads ran without a disclaimer,≤100,1
108941249155931,Science and Nonduality Conference,These ads ran without a disclaimer,≤100,11
107237888124833,Vy Oanh Authentic - Túi xách cao cấp uy tín,These ads ran without a disclaimer,≤100,2
107540912271686,Globetrotting Moms,These ads ran without a disclaimer,≤100,2
155772124463402,Travel + Leisure Southeast Asia,These ads ran without a disclaimer,≤100,1
1877361012493253,China Mosaic,These ads ran without a disclaimer,≤100,1
108535778792153,Evang. Akwaha,These ads ran without a disclaimer,≤100,1
161303029020,IOM - UN Migration,These ads ran without a disclaimer,≤100,2
302134033587908,Danish Pig Academy,These ads ran without a disclaimer,≤100,1
178194518893277,اقرأ لي,These ads ran without a disclaimer,≤100,1
106938804271614,193 Viagens,These ads ran without a disclaimer,≤100,1
311805162906672,Mench Tech,These ads ran without a disclaimer,≤100,1
112864228133921,Funnies Now - Stories,These ads ran without a disclaimer,≤100,1
142698495824224,Morristown Vineyards,These ads ran without a disclaimer,≤100,1
115591005188475,Global Times,These ads ran without a disclaimer,≤100,4
1399806506952151,Morristown Skywarn,These ads ran without a disclaimer,≤100,1
113067177682259,PMD - Dogs is my  world,These ads ran without a disclaimer,≤100,1
267264199961398,Change the World Model United Nations,These ads ran without a disclaimer,≤100,4
111535028099492,New Reality,These ads ran without a disclaimer,≤100,1
116355337718182,Moli lulu,These ads ran without a disclaimer,≤100,5
669307523469574,EveryJew,These ads ran without a disclaimer,≤100,1
188872144758,CCTV,These ads ran without a disclaimer,≤100,4
105955335714645,Exsprout-store,These ads ran without a disclaimer,≤100,1
108002535601082,Cитуация в Украине,These ads ran without a disclaimer,≤100,1
105641048948858,DC-Jam Records,These ads ran without a disclaimer,≤100,2
154573638492041,Cannabis Europa,These ads ran without a disclaimer,≤100,1
249003758603129,WAWWA Softwear Co.,These ads ran without a disclaimer,≤100,2
102912091863686,Volvo Penta on Land,These ads ran without a disclaimer,≤100,2
111503803593541,Hong Kong Laureate Forum 香港桂冠論壇,These ads ran without a disclaimer,≤100,1
103473829179235,PV system integrators,These ads ran without a disclaimer,≤100,1
102538795925802,Solo_tech_VPN,These ads ran without a disclaimer,≤100,1
142914269087072,Cornell Lab of Ornithology,These ads ran without a disclaimer,≤100,1
121350964566751,DHL Motorsports,These ads ran without a disclaimer,≤100,12
207268042645317,Macquarie Group,These ads ran without a disclaimer,≤100,2
1386091578286558,ARX,These ads ran without a disclaimer,≤100,1
126454027565211,CEU Political Science Department,These ads ran without a disclaimer,≤100,1
405379246524515,DHL Express,These ads ran without a disclaimer,≤100,4
120223804387904,dailypositivityboost,These ads ran without a disclaimer,≤100,3
109197151930600,My Clean Energy,These ads ran without a disclaimer,≤100,1
34440108608,Net Impact,These ads ran without a disclaimer,≤100,8
103013301743771,Global Environmental and Climate Conservation Initiative,These ads ran without a disclaimer,≤100,1
793541217464814,Cisco Global Problem Solver Challenge,These ads ran without a disclaimer,≤100,1
168799993154815,European Cultural Foundation,These ads ran without a disclaimer,≤100,2
111778157126635,Tech To The Rescue,These ads ran without a disclaimer,≤100,1
1065631633538453,Physicians Across Continents,These ads ran without a disclaimer,≤100,1
100379049649433,Cool Bits Daily,These ads ran without a disclaimer,≤100,1
111132794348779,That Happened,These ads ran without a disclaimer,≤100,1
103270381638847,Ame SAMBA,These ads ran without a disclaimer,≤100,1
101849728551147,Fun Break Central,These ads ran without a disclaimer,≤100,3
106409538244845,Français au Canada,These ads ran without a disclaimer,≤100,1
111611514344138,nopeetstore.com,These ads ran without a disclaimer,≤100,1
104715858410560,Sphera,These ads ran without a disclaimer,≤100,2
101946255939124,PSL - Packaging Strategy Lab,These ads ran without a disclaimer,≤100,1
107169341928789,Gog Reading,These ads ran without a disclaimer,≤100,1
103960591568992,Rich Patrol,These ads ran without a disclaimer,≤100,1
1574143829536530,Famidi,These ads ran without a disclaimer,≤100,1
100931169361832,Wild Revival USA,These ads ran without a disclaimer,≤100,4
105078391598594,To Be Or,These ads ran without a disclaimer,≤100,1
176031462779495,海峽導報,These ads ran without a disclaimer,≤100,1
106708708228342,School of Humanity,These ads ran without a disclaimer,≤100,2
111545964665462,ShibaPlatinum,These ads ran without a disclaimer,≤100,1
1573569742675365,Voltalia,These ads ran without a disclaimer,≤100,1
191347651290,China Daily,These ads ran without a disclaimer,≤100,2
2060609360680091,Roy's Refrigeration & Heating & A.C,These ads ran without a disclaimer,≤100,1
106774006022127,מסע - Masa Israel Journey,These ads ran without a disclaimer,≤100,4
105748438859195,Connect Earth,These ads ran without a disclaimer,≤100,1
216311481960,Bill Gates,These ads ran without a disclaimer,≤100,3
317641528316916,1 OCEAN,These ads ran without a disclaimer,≤100,1
2221080737914155,OnMyMind,These ads ran without a disclaimer,≤100,2
148543868418,STEYR Traktoren,These ads ran without a disclaimer,≤100,1
299227550122220,Radio Cina Internazionale,These ads ran without a disclaimer,≤100,21
835080653179071,Fique Sabendo,These ads ran without a disclaimer,≤100,1
105743361735500,New to Money Português,These ads ran without a disclaimer,≤100,1
102043099316412,Pas les Zouorganes,These ads ran without a disclaimer,≤100,1
598865763613819,Institute for Zen Leadership,These ads ran without a disclaimer,≤100,3
102497746096944,WiN FUND,These ads ran without a disclaimer,≤100,1
102199795319206,Pablo Marçal Oficial,These ads ran without a disclaimer,≤100,5
105648402241230,Join the dots,These ads ran without a disclaimer,≤100,2
102023009327901,Global Compassion Coalition,These ads ran without a disclaimer,≤100,2
100172476278127,Easy Study,These ads ran without a disclaimer,≤100,1
108069968319166,Zöld Pálya,These ads ran without a disclaimer,≤100,1
253984461860420,Իրավունքի զարգացման և պաշտպանության հիմնադրամ / LDPF Foundation,These ads ran without a disclaimer,≤100,1
100771065462417,UNIFYD,These ads ran without a disclaimer,≤100,1
101940222827835,Magic1419-03,These ads ran without a disclaimer,≤100,1
109048801406117,Rewire Trauma Therapy,These ads ran without a disclaimer,≤100,1
165476513965,Royal Society Publishing,These ads ran without a disclaimer,≤100,1
102952309457793,History in Number,These ads ran without a disclaimer,≤100,2
1203540939688050,æternity,These ads ran without a disclaimer,≤100,1
2125762664311192,Association of Cancer Executives,These ads ran without a disclaimer,≤100,1
423670114403144,Trending in China,These ads ran without a disclaimer,≤100,2
110919974897108,SH,These ads ran without a disclaimer,≤100,1
261129054718,ITCILO,These ads ran without a disclaimer,≤100,1
57322902081,Nottingham Trent University,These ads ran without a disclaimer,≤100,1
450977524929868,Conservación Amazónica - ACCA,These ads ran without a disclaimer,≤100,1
48034275355,EPP - European People's Party,These ads ran without a disclaimer,≤100,1
220832481274508,Premier League,These ads ran without a disclaimer,≤100,2
115693193133962,Help for the Hurting,These ads ran without a disclaimer,≤100,1
198398326957053,Shree Krishnayan Desi Gauraksha Avam Golokdham Sewa Samiti,These ads ran without a disclaimer,≤100,1
106941198274747,Physician Associate Advocacy Group,These ads ran without a disclaimer,≤100,1
145327659223282,Nature Index,These ads ran without a disclaimer,≤100,1
109256028252137,The Money Time - News,These ads ran without a disclaimer,≤100,1
326937770773228,Government Press Office,These ads ran without a disclaimer,≤100,1
816582735098905,CMG Media - 씨엠지미디어,These ads ran without a disclaimer,≤100,2
317523675504246,Cookie - Fun Games,These ads ran without a disclaimer,≤100,1
198750386922784,Valeria Basurco,These ads ran without a disclaimer,≤100,2
769095856453652,Axel Arigato,These ads ran without a disclaimer,≤100,1
188140874572413,Fundación Charles Darwin,These ads ran without a disclaimer,≤100,2
101853479470366,Weregreenly,These ads ran without a disclaimer,≤100,2
102184399223311,Do Your Part Animal Rights,These ads ran without a disclaimer,≤100,1
343786409509707,The East Gate,These ads ran without a disclaimer,≤100,1
274394006605216,History A2Z Magazine,These ads ran without a disclaimer,≤100,1
112221226917224,RPS,These ads ran without a disclaimer,≤100,1
130136833750497,IELTS Official,These ads ran without a disclaimer,≤100,1
173783723538115,Shliza,These ads ran without a disclaimer,≤100,1
109391611194687,Lada Lan,These ads ran without a disclaimer,≤100,1
209260229112443,Greenpeace غرينبيس,These ads ran without a disclaimer,≤100,1
994977213848354,Sarx,These ads ran without a disclaimer,≤100,1
100697685391654,CGTV LIVE_English,These ads ran without a disclaimer,≤100,1
11055104471,ONE,These ads ran without a disclaimer,≤100,2
1509812532424154,Sulapac,These ads ran without a disclaimer,≤100,1
101787968733573,New to Money,These ads ran without a disclaimer,≤100,1
100683151476158,Forest Air,These ads ran without a disclaimer,≤100,2
2148270595183779,Station Europe,These ads ran without a disclaimer,≤100,1
100510664697134,Frederico Santarém - Investimentos Lucrativos,These ads ran without a disclaimer,≤100,3
722256984867966,Raytheon Missiles & Defense,These ads ran without a disclaimer,≤100,1
355096392156850,Our Funny Little Site Fun,These ads ran without a disclaimer,≤100,1
381939052008221,Samir Al-Rifa'i سمير زيد الرفاعي,These ads ran without a disclaimer,≤100,1
102308409325361,The Wisdom of the Journey- Home of the Sparrowhawk,These ads ran without a disclaimer,≤100,1
569339919851476,Ken Bangs Writing,These ads ran without a disclaimer,≤100,1
100413328754140,We Will Rank You podcast,These ads ran without a disclaimer,≤100,1
109086221828636,Her Moments,These ads ran without a disclaimer,≤100,1
110326954969976,Funky Geeks,These ads ran without a disclaimer,≤100,1
789394817776187,This is Hunan,These ads ran without a disclaimer,≤100,2
176104589110851,IEEE,These ads ran without a disclaimer,≤100,1
1407800559480010,Hirmer Verlag,These ads ran without a disclaimer,≤100,2
112757083778788,"Economic Daily, China",These ads ran without a disclaimer,≤100,18
150881291665785,Projeto DIVERSA,These ads ran without a disclaimer,≤100,1
625278384341530,Sacral Yoga,These ads ran without a disclaimer,≤100,1
103772184933,Strategy International,These ads ran without a disclaimer,≤100,1
243972812353181,Соціологічна група Рейтинг,These ads ran without a disclaimer,≤100,1
114233111293495,Brides And Maids,These ads ran without a disclaimer,≤100,3
354397697217,IEEE Xplore,These ads ran without a disclaimer,≤100,1
112192393947217,Cleanup: Phone Storage Cleaner,These ads ran without a disclaimer,≤100,1
191367330892004,UBC Engineering,These ads ran without a disclaimer,≤100,1
154680184946903,Superplastic,These ads ran without a disclaimer,≤100,1
270082823183144,Canton Fair,These ads ran without a disclaimer,≤100,1
523743974671830,Proutist Universal,These ads ran without a disclaimer,≤100,1
341348820434679,Israel Assist,These ads ran without a disclaimer,≤100,1
109068941386020,LifestyleA2Z,These ads ran without a disclaimer,≤100,2
557649021438259,NZ Amyloidosis Patients Association,These ads ran without a disclaimer,≤100,1
104181035763790,Helena Fernandes,These ads ran without a disclaimer,≤100,1
103329398104414,Proofminder,These ads ran without a disclaimer,≤100,1
102458904985532,Storyroom,These ads ran without a disclaimer,≤100,1
109151715334265,Recasty - AI Mashups Generator,These ads ran without a disclaimer,≤100,1
115643645121323,Deuter,These ads ran without a disclaimer,≤100,1
1579920062256328,Custom Content from WSJ,These ads ran without a disclaimer,≤100,1
131189377574,MDPI,These ads ran without a disclaimer,≤100,7
114797118561022,Breda University of Applied Sciences,These ads ran without a disclaimer,≤100,2
100374392742057,Weregreenly- Magazine,These ads ran without a disclaimer,≤100,25
102780722682542,Una ragazza pechinese,These ads ran without a disclaimer,≤100,1
366107457198874,Rise of Kingdoms,These ads ran without a disclaimer,≤100,1
344322995756307,Planet Smart City,These ads ran without a disclaimer,≤100,4
105527368523220,Anuga Horizon,These ads ran without a disclaimer,≤100,3
100866089521417,Berichterstattung Grundgesetz Art.5,These ads ran without a disclaimer,≤100,1
102416722029565,"Innovate4Climate, I4C 2023",These ads ran without a disclaimer,≤100,1
107703155980813,EarlyRise,These ads ran without a disclaimer,≤100,1
308078662574679,Xcode Life,These ads ran without a disclaimer,≤100,1
63306224439,Trip.com,These ads ran without a disclaimer,≤100,1
105618258917544,Military Power,These ads ran without a disclaimer,≤100,1
829208673777443,Regan Hillyer,These ads ran without a disclaimer,≤100,1
47815171686,Banyan Tree Hotels & Resorts,These ads ran without a disclaimer,≤100,1
347024005472063,The Explorers,These ads ran without a disclaimer,≤100,1
114866079891340,Trivia.com,These ads ran without a disclaimer,≤100,1
108168278262981,Energy Connects,These ads ran without a disclaimer,≤100,1
75608370019,United States Institute of Peace,These ads ran without a disclaimer,≤100,16
111766378086224,Design for Adaptation: Cumulus Detroit 2022,These ads ran without a disclaimer,≤100,1
104896622212116,RuBusiness,These ads ran without a disclaimer,≤100,9
224597158386607,Rosa Luxemburg Foundation,These ads ran without a disclaimer,≤100,5
1589154051350606,FOZ - Friends of Zion Museum,These ads ran without a disclaimer,≤100,1
1497502300316673,Jeff Mosil - Negocios De Elite,These ads ran without a disclaimer,≤100,1
108305098858671,Shengx-028,These ads ran without a disclaimer,≤100,1
360408823991223,Ĉina Radio Internacia,These ads ran without a disclaimer,≤100,1
1399933563560497,"Romanian Service, China Radio International",These ads ran without a disclaimer,≤100,3
1608898765820336,Vogue Polska,These ads ran without a disclaimer,≤100,1
388654644900925,ISC3 - International Sustainable Chemistry Collaborative Centre,These ads ran without a disclaimer,≤100,1
109926774968672,"Shenzhen Top-Peak Electronics Co.,Ltd.",These ads ran without a disclaimer,≤100,1
1493069774316441,The US-Italy Global Affairs Forum,These ads ran without a disclaimer,≤100,1
106639225615239,Keine Steuergeschenke an internationalen Sportverbände,These ads ran without a disclaimer,≤100,1
1478930005708038,TomorroWoman,These ads ran without a disclaimer,≤100,1
102299755889024,Ana,These ads ran without a disclaimer,≤100,1
2019350734958507,Human Harmony Nepal,These ads ran without a disclaimer,≤100,1
101971048046703,Your Daily Game Face,These ads ran without a disclaimer,≤100,1
111909510650796,Rede Pelicano Brasil de Direitos Humanos,These ads ran without a disclaimer,≤100,2
427747764026807,ShanghaiEye,These ads ran without a disclaimer,≤100,1
595178974150639,"Marta Wesołowska - mówienie, głos w Marce Osobistej",These ads ran without a disclaimer,≤100,1
463772493979276,Anuga FoodTec,These ads ran without a disclaimer,≤100,3
462848513792011,国家大剧院National Centre for the Performing Arts,These ads ran without a disclaimer,≤100,1
609131619115590,O čem se mluví,These ads ran without a disclaimer,≤100,1
152914224736727,Banco Mundial,These ads ran without a disclaimer,≤100,1
100309756118342,Stand For Ukrain,These ads ran without a disclaimer,≤100,2
108338745334784,Full Disclosure,These ads ran without a disclaimer,≤100,1
102804228788258,Lezhin X,These ads ran without a disclaimer,≤100,1
105699708610413,The Kyiv Independent,These ads ran without a disclaimer,≤100,4
109366202094307,Youwei-028,These ads ran without a disclaimer,≤100,1
105741532048451,Fluffy Worldwide,These ads ran without a disclaimer,≤100,2
103018419782973,ITU,These ads ran without a disclaimer,≤100,1
602430396566663,National Center for Health in Public Housing - NCHPH,These ads ran without a disclaimer,≤100,1
1297262943720616,Fuqing China,These ads ran without a disclaimer,≤100,1
109419782092801,battery_commodity,These ads ran without a disclaimer,≤100,1
102648558666499,World Vision NE,These ads ran without a disclaimer,≤100,1
299704060194977,CRI Ελληνική Υπηρεσία,These ads ran without a disclaimer,≤100,1
1273311386117015,Real Time China,These ads ran without a disclaimer,≤100,2
113664791341291,Occasionalm,These ads ran without a disclaimer,≤100,1
769428483406539,Cyber Readiness Institute,These ads ran without a disclaimer,≤100,1
312898778847834,TERRAM PACIS,These ads ran without a disclaimer,≤100,1
181986112649120,AI Academy,These ads ran without a disclaimer,≤100,1
103497027790225,Fonos,These ads ran without a disclaimer,≤100,1
105731052360491,Global OTEC,These ads ran without a disclaimer,≤100,1
470721533028851,Hair Frenzy,These ads ran without a disclaimer,≤100,1
459236951079140,Lab of tomorrow,These ads ran without a disclaimer,≤100,1
72149536933,SKF,These ads ran without a disclaimer,≤100,3
103067675052093,Sheriff,These ads ran without a disclaimer,≤100,1
320948257943554,Бостонский Кругозор,These ads ran without a disclaimer,≤100,2
166381533494802,COMPAC The Surfaces Company,These ads ran without a disclaimer,≤100,1
316496640057,7iber,These ads ran without a disclaimer,≤100,8
35335786143,Cat Electric Power,These ads ran without a disclaimer,≤100,1
104636857906349,Zerow,These ads ran without a disclaimer,≤100,6
1883003128429295,Queer Majority,These ads ran without a disclaimer,≤100,1
2418643321715898,Daily Stickers,These ads ran without a disclaimer,≤100,1
306064959461205,UMAGE,These ads ran without a disclaimer,≤100,1
109993651904969,freyamaryjewels,These ads ran without a disclaimer,≤100,1
103438711696898,Angelo Caltagirone - Meridiano Music,These ads ran without a disclaimer,≤100,1
1683767935274367,BRP,These ads ran without a disclaimer,≤100,1
109951098709487,Rama Magazin,These ads ran without a disclaimer,≤100,1
427787940590188,Радио Китай,These ads ran without a disclaimer,≤100,5
113335433357256,Ecosystems2030,These ads ran without a disclaimer,≤100,1
112542440931333,NinjaOne France,These ads ran without a disclaimer,≤100,3
421156768079684,Show China,These ads ran without a disclaimer,≤100,1
104376759188069,Agsky-scrape,These ads ran without a disclaimer,≤100,6
412409048849179,Behold Israel,These ads ran without a disclaimer,≤100,3
100970059574672,Bisexual.org en Español,These ads ran without a disclaimer,≤100,1
108452731838045,RecoveryNice-UK,These ads ran without a disclaimer,≤100,1
338109312883186,China Xinhua News,These ads ran without a disclaimer,≤100,3
111622410196045,State of Youth,These ads ran without a disclaimer,≤100,14
325242907600207,CRI Srpski,These ads ran without a disclaimer,≤100,1
103172615751312,Switch2Zero,These ads ran without a disclaimer,≤100,2
110576568427205,Astromix / Астроанализ,These ads ran without a disclaimer,≤100,1
370717746440398,La Maraña,These ads ran without a disclaimer,≤100,1
307682176615916,ACT2gether,These ads ran without a disclaimer,≤100,1
134380809978892,CQURE,These ads ran without a disclaimer,≤100,1
371171589575669,China.org.cn,These ads ran without a disclaimer,≤100,1
100251972821778,Burlington Contemporary,These ads ran without a disclaimer,≤100,1
110849608511677,Mississippi005,These ads ran without a disclaimer,≤100,1
782924635435040,Tender Octopi,These ads ran without a disclaimer,≤100,1
102860875465067,New Marco Polo,These ads ran without a disclaimer,≤100,2
2246107578840730,Vēja enerģijas asociācija,These ads ran without a disclaimer,≤100,1
216741958412414,Avon Worldwide,These ads ran without a disclaimer,≤100,1
103733191524431,Liuxininbeijing,These ads ran without a disclaimer,≤100,1
106240044880482,Mind Facts,These ads ran without a disclaimer,≤100,2
152292984850728,International Monetary Fund,These ads ran without a disclaimer,≤100,1
105951775099787,Autos101 Today,These ads ran without a disclaimer,≤100,1
1670459499903765,Sunny Bunny Solar,These ads ran without a disclaimer,≤100,2
116765898032020,EcoVibes,These ads ran without a disclaimer,≤100,1
112675286764083,Aggregates Business,These ads ran without a disclaimer,≤100,1
110993941170214,ChidoBook,These ads ran without a disclaimer,≤100,1
267822946949,"Mary Ann Liebert, Inc., publishers",These ads ran without a disclaimer,≤100,1
99971718192,NAM - the HIV/AIDS information charity,These ads ran without a disclaimer,≤100,1
116965184334608,Campaigns for Humanity,These ads ran without a disclaimer,≤100,1
279656027220373,Macron Football,These ads ran without a disclaimer,≤100,1
108645111787252,Discover Guilin,These ads ran without a disclaimer,≤100,1
102675208690935,Great Movies,These ads ran without a disclaimer,≤100,1
111675408313515,Lisbon Energy Summit,These ads ran without a disclaimer,≤100,1
106786598824719,歷史趣談,These ads ran without a disclaimer,≤100,1
100338301547923,Instantly Modern,These ads ran without a disclaimer,≤100,2
12254981412,McLaren,These ads ran without a disclaimer,≤100,1
110365075274715,White Ferrari01,These ads ran without a disclaimer,≤100,1
108032140896788,Funny Posts,These ads ran without a disclaimer,≤100,1
104700534945837,Mind Family,These ads ran without a disclaimer,≤100,1
8505118170,PETRONAS,These ads ran without a disclaimer,≤100,2
102839539066726,Motor-Wheel,These ads ran without a disclaimer,≤100,4
104142782419349,Manifeste Abundância,These ads ran without a disclaimer,≤100,2
1825519887697856,走讀臺灣,These ads ran without a disclaimer,≤100,1
100247219402175,The Clever Protagonist,These ads ran without a disclaimer,≤100,2
102224325029636,Sunčica studio,These ads ran without a disclaimer,≤100,3
224850167526991,Admind Branding & Communications,These ads ran without a disclaimer,≤100,1
29056789480,Project Syndicate,These ads ran without a disclaimer,≤100,5
1890146454611538,DESMI A/S,These ads ran without a disclaimer,≤100,1
177706515594669,Azimut Yachts,These ads ran without a disclaimer,≤100,1
64588666340,Haaretz.com,These ads ran without a disclaimer,≤100,4
406058436123944,Willian Aksenen,These ads ran without a disclaimer,≤100,1
105639025839199,Aiko Energy,These ads ran without a disclaimer,≤100,1
1621681161421493,TGEthiopianBroadcasting,These ads ran without a disclaimer,≤100,1
1393612400721596,Amazon Publishing,These ads ran without a disclaimer,≤100,1
108148958352704,Travelers Spot,These ads ran without a disclaimer,≤100,1
1734122893367635,The Overpopulation Project,These ads ran without a disclaimer,≤100,1
231720020225801,BSH Home Appliances,These ads ran without a disclaimer,≤100,2
134278719946186,Bayer,These ads ran without a disclaimer,≤100,3
1449838958490963,The Risen Dread,These ads ran without a disclaimer,≤100,1
316139502261301,BeInCrypto,These ads ran without a disclaimer,≤100,1
1422393921386710,Pure Air Zone,These ads ran without a disclaimer,≤100,1
105280684938489,KnowledgeVerse,These ads ran without a disclaimer,≤100,1
92080024705,Stanford Health Care,These ads ran without a disclaimer,≤100,1
324253041382779,Xavier Cormier,These ads ran without a disclaimer,≤100,3
734179473324941,Heather Plett - author,These ads ran without a disclaimer,≤100,1
48767888006,VF Corporation,These ads ran without a disclaimer,≤100,1
120699708033935,The BOMA Project,These ads ran without a disclaimer,≤100,3
116310878056949,Mandy Wong Chatgpt,These ads ran without a disclaimer,≤100,1
100689636310150,Waokeem-EU,These ads ran without a disclaimer,≤100,2
107392108770132,Daily Countdown,These ads ran without a disclaimer,≤100,1
107173698926440,Rindiendo en casa,These ads ran without a disclaimer,≤100,1
164432246934163,Chopard,These ads ran without a disclaimer,≤100,2
225279908002127,Integrated Agricultural Association,These ads ran without a disclaimer,≤100,1
110647840532680,Merge Mayor,These ads ran without a disclaimer,≤100,2
111698038492991,Je Vis Sans Honte,These ads ran without a disclaimer,≤100,1
102300279228311,MadeinChina,These ads ran without a disclaimer,≤100,1
187000618322282,This Is Why I'm Single,These ads ran without a disclaimer,≤100,6
116846126900845,Family Clothing,These ads ran without a disclaimer,≤100,1
101870075819003,Playflock CY,These ads ran without a disclaimer,≤100,1
19740928752,World Animal Protection,These ads ran without a disclaimer,≤100,1
116152304722251,Magic1420-03,These ads ran without a disclaimer,≤100,1
102915915537661,5irechain,These ads ran without a disclaimer,≤100,1
1535790726652105,Gazer,These ads ran without a disclaimer,≤100,1
645738972165960,IRU,These ads ran without a disclaimer,≤100,1
102188786059395,Elelandy,These ads ran without a disclaimer,≤100,1
104060278077326,Greeneufuture,These ads ran without a disclaimer,≤100,1
104444729065513,Victoria Segovia,These ads ran without a disclaimer,≤100,1
173452976040049,Lee Yi Shyan,These ads ran without a disclaimer,≤100,8
2572166726130246,Miracles in America with David E. Taylor,These ads ran without a disclaimer,≤100,1
1456172994602986,Beacon of Hope,These ads ran without a disclaimer,≤100,1
102044408391498,Insure Our Future,These ads ran without a disclaimer,≤100,2
212732770186,Tom MacDonald,These ads ran without a disclaimer,≤100,1
110095967929912,Best Of The Best On Kickstarter,These ads ran without a disclaimer,≤100,1
104942321495828,Tian Wei at work,These ads ran without a disclaimer,≤100,1
146131622116745,International Recovery Platform,These ads ran without a disclaimer,≤100,1
188789377812793,Kongsberg Gruppen,These ads ran without a disclaimer,≤100,1
458062497660585,Little Spiral,These ads ran without a disclaimer,≤100,1
983135718420987,Visit Jiangsu,These ads ran without a disclaimer,≤100,1
109543201961190,Smile for All Welfare Organization,These ads ran without a disclaimer,≤100,1
106316141299380,Jahfirm Sound System,These ads ran without a disclaimer,≤100,1
151609045347,Made-in-China.com,These ads ran without a disclaimer,≤100,1
103763599243675,Aiko,These ads ran without a disclaimer,≤100,3
287276766442085,Бизнес Бустер,These ads ran without a disclaimer,≤100,7
139098866100198,Merri-bek City Council,These ads ran without a disclaimer,≤100,1
475778355919914,BB - Best Bios,These ads ran without a disclaimer,≤100,1
108810171707313,Word Worth,These ads ran without a disclaimer,≤100,1
103789762224168,Xender emmanuel the  Internet Analyst,These ads ran without a disclaimer,≤100,1
1352874084790500,Fresenius Kabi,These ads ran without a disclaimer,≤100,2